condition,mode,commit_count_count,commit_count_maximum,commit_count_median,commit_count_minimum,complete,complete_seeds,expected_seeds,fvs_size_count,fvs_size_maximum,fvs_size_median,fvs_size_minimum,peak_rss_kib_count,peak_rss_kib_maximum,peak_rss_kib_median,peak_rss_kib_minimum,total_ms_count,total_ms_maximum,total_ms_median,total_ms_minimum,validator_commits_per_second_count,validator_commits_per_second_maximum,validator_commits_per_second_median,validator_commits_per_second_minimum
dense-l2-n1024-identical-k1,accept_id,5,1,1,1,True,5,5,5,1023,1023,1023,5,3912,3876,3820,5,0.452631,0.452161,0.450797,5,2218.293378172437,2211.6016197770264,2209.3051514368217
dense-l2-n1024-identical-k1,accept_static_degree,5,1,1,1,True,5,5,5,1023,1023,1023,5,3912,3808,3792,5,0.488546,0.485885,0.484257,5,2065.0191943534114,2058.1001677351637,2046.890159780246
dense-l2-n1024-identical-k1,adaptive,5,1,1,1,True,5,5,5,1023,1023,1023,5,4244,4236,4172,5,4.411414,4.389658,4.355544,5,229.5924458575094,227.8081800450058,226.6846865880192
dense-l2-n1024-identical-k1,graph,5,1,1,1,True,5,5,5,1023,1023,1023,5,4276,4224,4216,5,73.545006,73.506771,73.438736,5,13.616792097293176,13.604188925670535,13.597116301819323
dense-l2-n1024-identical-k1,lazy,5,1,1,1,True,5,5,5,1023,1023,1023,5,4208,4180,4172,5,49.221559,48.679616,48.473484,5,20.629835478712444,20.542479217584624,20.316300830699003
dense-l2-n1024-identical-k1,paper,5,1,1,1,True,5,5,5,1023,1023,1023,5,12628,12596,12520,5,41.370948,41.328519,41.263079,5,24.23474021412702,24.19636667841884,24.171551495508396
dense-l2-n1024-identical-k1,profile,5,1,1,1,True,5,5,5,1023,1023,1023,5,4252,4192,4080,5,1.32085,1.307391,1.30496,5,766.3070132417853,764.8821201920466,757.0882386342128
dense-l2-n4096-identical-k1,accept_id,5,1,1,1,True,5,5,5,4095,4095,4095,5,5048,4996,4912,5,1.828392,1.816038,1.798389,5,556.0532231903109,550.6492705549113,546.9286673754863
dense-l2-n4096-identical-k1,accept_static_degree,5,1,1,1,True,5,5,5,4095,4095,4095,5,5052,4996,4896,5,1.978945,1.964344,1.926071,5,519.1916601205252,509.07580342343294,505.3197537071521
dense-l2-n4096-identical-k1,adaptive,5,1,1,1,True,5,5,5,4095,4095,4095,5,5904,5744,5656,5,30.044621,29.742682,29.530957,5,33.86276983844445,33.621715755156174,33.28382807691267
dense-l2-n4096-identical-k1,graph,5,1,1,1,True,5,5,5,4095,4095,4095,5,7424,7352,7284,5,1379.833467,1378.891793,1377.018071,5,0.7262068821462838,0.7252200680840516,0.7247251381532117
dense-l2-n4096-identical-k1,lazy,5,1,1,1,True,5,5,5,4095,4095,4095,5,5580,5512,5500,5,846.257721,831.584386,830.912242,5,1.2034965300222402,1.202523780911875,1.1816731182296651
dense-l2-n4096-identical-k1,paper,5,1,1,1,True,5,5,5,4095,4095,4095,5,137572,137476,137464,5,657.94807,656.995656,656.651591,5,1.5228776016168974,1.5220800790195788,1.5198767890602674
dense-l2-n4096-identical-k1,profile,5,1,1,1,True,5,5,5,4095,4095,4095,5,5736,5676,5528,5,5.370083,5.331361,5.316801,5,188.08302210295253,187.56936549597748,186.21686108017323
main-l1-n128-uniform-k1,accept_id,5,128,127,126,True,5,5,5,2,1,0,5,2012,2004,1996,5,0.088796,0.08719,0.085811,5,1479996.737015068,1452391.299375586,1441506.3741609983
main-l1-n128-uniform-k1,accept_static_degree,5,128,127,126,True,5,5,5,2,1,0,5,2056,2016,1996,5,0.095716,0.093195,0.090985,5,1406825.3008737704,1362734.0522560223,1326841.9073091228
main-l1-n128-uniform-k1,adaptive,5,128,127,126,True,5,5,5,2,1,0,5,2032,1996,1984,5,0.106266,0.104071,0.092404,5,1385221.418986191,1220320.7425699763,1185703.7998983683
main-l1-n128-uniform-k1,graph,5,128,127,126,True,5,5,5,2,1,0,5,2032,2016,1976,5,0.097838,0.094532,0.091503,5,1398861.2395222015,1343460.4155206701,1287843.169320714
main-l1-n128-uniform-k1,lazy,5,128,127,126,True,5,5,5,2,1,0,5,2020,1992,1976,5,0.094574,0.093767,0.092346,5,1386091.438719598,1344954.3033242612,1342863.7892021062
main-l1-n128-uniform-k1,paper,5,128,127,126,True,5,5,5,2,1,0,5,2012,1996,1976,5,0.074464,0.073773,0.07264,5,1748348.0176211454,1723693.3183132238,1692092.8233777396
main-l1-n128-uniform-k1,profile,5,128,127,126,True,5,5,5,2,1,0,5,2056,1996,1964,5,0.108096,0.103859,0.092277,5,1387127.8866889908,1222811.696627158,1165630.5506216697
main-l1-n128-zipf-k1,accept_id,5,97,93,87,True,5,5,5,41,35,31,5,2036,1996,1976,5,0.09026,0.088217,0.087628,5,1102936.9961454058,1041223.4935847198,992833.3409412517
main-l1-n128-zipf-k1,accept_static_degree,5,97,93,87,True,5,5,5,41,35,31,5,2016,2000,1980,5,0.101455,0.099199,0.097395,5,995944.3503259921,916662.5597555566,874283.9915586374
main-l1-n128-zipf-k1,adaptive,5,97,93,87,True,5,5,5,41,35,31,5,2020,2016,1980,5,0.170542,0.157817,0.153233,5,633022.9128190402,589290.1271726113,510138.2650608061
main-l1-n128-zipf-k1,graph,5,97,93,87,True,5,5,5,41,35,31,5,2016,2000,1952,5,0.16238,0.157537,0.142828,5,679138.5442630296,588027.0113052935,535780.2685059736
main-l1-n128-zipf-k1,lazy,5,97,93,87,True,5,5,5,41,35,31,5,2016,2016,2008,5,0.146655,0.13812,0.12872,5,753573.6482287134,641974.9483866731,629887.054735013
main-l1-n128-zipf-k1,paper,5,97,93,87,True,5,5,5,41,35,31,5,2032,2012,1980,5,0.143837,0.136427,0.122577,5,791339.3214061365,681683.2445190469,604851.3247634475
main-l1-n128-zipf-k1,profile,5,97,93,87,True,5,5,5,41,35,31,5,2040,2016,1984,5,0.166189,0.157444,0.156502,5,619800.3859375599,591351.0145167137,523500.35200885736
main-l1-n2048-uniform-k1,accept_id,5,1823,1808,1792,True,5,5,5,256,240,225,5,4572,4460,4312,5,1.162051,1.151022,1.012248,5,1800942.061629166,1561482.5101867733,1552427.5612688255
main-l1-n2048-uniform-k1,accept_static_degree,5,1823,1808,1792,True,5,5,5,256,240,225,5,4560,4448,4432,5,1.321873,1.304543,1.149956,5,1585278.0454208683,1382859.7447535268,1355652.1693082466
main-l1-n2048-uniform-k1,adaptive,5,1823,1808,1792,True,5,5,5,256,240,225,5,4460,4444,4360,5,1.879712,1.845843,1.600833,5,1138782.121557964,977882.4410065915,953337.5325581791
main-l1-n2048-uniform-k1,graph,5,1823,1808,1792,True,5,5,5,256,240,225,5,4456,4440,4336,5,1.621123,1.599899,1.384393,5,1316822.6074532305,1128376.548241218,1112808.8368371802
main-l1-n2048-uniform-k1,lazy,5,1823,1808,1792,True,5,5,5,256,240,225,5,4460,4460,4436,5,1.562294,1.524751,1.343248,5,1357158.1718342407,1183144.0018730927,1148161.5319755299
main-l1-n2048-uniform-k1,paper,5,1823,1808,1792,True,5,5,5,256,240,225,5,4692,4684,4592,5,2.175053,2.088134,1.740267,5,1047540.4061560668,863929.2305953545,823887.9696264872
main-l1-n2048-uniform-k1,profile,5,1823,1808,1792,True,5,5,5,256,240,225,5,4512,4444,4376,5,1.890166,1.858716,1.594705,5,1143158.138966141,972714.4975348574,948064.8789577212
main-l1-n2048-zipf-k1,accept_id,5,931,903,886,True,5,5,5,1162,1145,1117,5,4248,4188,4180,5,1.108107,1.10127,1.091119,5,840171.571878889,824502.6197027069,801413.2370672617
main-l1-n2048-zipf-k1,accept_static_degree,5,931,903,886,True,5,5,5,1162,1145,1117,5,4196,4168,4120,5,1.322057,1.313011,1.305518,5,709057.2737014389,685598.7068530261,670924.1734660456
main-l1-n2048-zipf-k1,adaptive,5,931,903,886,True,5,5,5,1162,1145,1117,5,4512,4440,4408,5,2.833938,2.812764,2.772173,5,335837.6262953286,321011.6250046844,312992.02734851645
main-l1-n2048-zipf-k1,graph,5,931,903,886,True,5,5,5,1162,1145,1117,5,4720,4700,4548,5,9.224266,8.665977,8.480685,5,109778.86809850857,102782.42571159737,96051.00286570226
main-l1-n2048-zipf-k1,lazy,5,931,903,886,True,5,5,5,1162,1145,1117,5,4508,4420,4296,5,6.725524,6.004327,5.997667,5,155177.37390546614,147890.83822092824,131736.94718805552
main-l1-n2048-zipf-k1,paper,5,931,903,886,True,5,5,5,1162,1145,1117,5,5272,5196,5144,5,21.046941,19.675763,16.800361,5,53748.845039698856,45080.84387883713,43158.23171664351
main-l1-n2048-zipf-k1,profile,5,931,903,886,True,5,5,5,1162,1145,1117,5,4520,4440,4300,5,2.835555,2.824303,2.774785,5,335521.49085424637,318772.6370934149,312813.54091174394
main-l1-n40-uniform-k1,accept_id,5,40,40,40,True,5,5,5,0,0,0,5,2020,2016,1984,5,0.036901,0.035532,0.034468,5,1160496.6925844261,1125745.8065968703,1083981.463916967
main-l1-n40-uniform-k1,accept_static_degree,5,40,40,40,True,5,5,5,0,0,0,5,2016,2012,1984,5,0.037544,0.037088,0.035002,5,1142791.840466259,1078515.962036238,1065416.5778819518
main-l1-n40-uniform-k1,adaptive,5,40,40,40,True,5,5,5,0,0,0,5,2036,2016,1988,5,0.038642,0.036988,0.036458,5,1097152.8882549785,1081431.8157240185,1035143.1085347548
main-l1-n40-uniform-k1,graph,5,40,40,40,True,5,5,5,0,0,0,5,2004,1996,1980,5,0.037398,0.037194,0.035652,5,1121956.6924716705,1075442.2756358553,1069575.9131504358
main-l1-n40-uniform-k1,lazy,5,40,40,40,True,5,5,5,0,0,0,5,2036,2020,2000,5,0.037201,0.036944,0.03534,5,1131861.9128466325,1082719.7921178,1075239.912905567
main-l1-n40-uniform-k1,paper,5,40,40,40,True,5,5,5,0,0,0,5,2016,2016,1964,5,0.027701,0.02628,0.025464,5,1570845.1146716934,1522070.0152207,1443991.1916537308
main-l1-n40-uniform-k1,profile,5,40,40,40,True,5,5,5,0,0,0,5,2016,2004,1996,5,0.037656,0.037048,0.036664,5,1090988.4355225833,1079680.4145972792,1062247.7161674101
main-l1-n40-zipf-k1,accept_id,5,37,32,29,True,5,5,5,11,8,3,5,2036,2020,2000,5,0.036279,0.035218,0.034419,5,1019873.7561674798,915174.7411771435,842557.8895377554
main-l1-n40-zipf-k1,accept_static_degree,5,37,32,29,True,5,5,5,11,8,3,5,2036,2004,1996,5,0.039852,0.039034,0.038194,5,928435.2102780287,819798.1247117898,755798.8011467292
main-l1-n40-zipf-k1,adaptive,5,37,32,29,True,5,5,5,11,8,3,5,2020,2004,1992,5,0.06636,0.064441,0.05647,5,655215.1584912343,496578.2653900467,437010.2471368294
main-l1-n40-zipf-k1,graph,5,37,32,29,True,5,5,5,11,8,3,5,2020,2016,1984,5,0.053636,0.052048,0.046307,5,799015.2676701146,614817.0919151553,546437.7908839103
main-l1-n40-zipf-k1,lazy,5,37,32,29,True,5,5,5,11,8,3,5,2052,1996,1984,5,0.051211,0.049031,0.044991,5,822386.6995621346,652648.3245293794,566284.5872956982
main-l1-n40-zipf-k1,paper,5,37,32,29,True,5,5,5,11,8,3,5,2004,2000,1996,5,0.041956,0.037123,0.029792,5,1241944.1460794844,862022.5203383438,691200.305081514
main-l1-n40-zipf-k1,profile,5,37,32,29,True,5,5,5,11,8,3,5,2008,1984,1968,5,0.066307,0.063796,0.054929,5,673596.8249922628,501598.8463226534,437359.5547981359
main-l1-n512-uniform-k1,accept_id,5,502,495,492,True,5,5,5,20,17,10,5,3972,3904,3816,5,0.268908,0.266108,0.265478,5,1890928.815193726,1850236.1683564489,1840778.2587353296
main-l1-n512-uniform-k1,accept_static_degree,5,502,495,492,True,5,5,5,20,17,10,5,3980,3904,3812,5,0.293905,0.29025,0.287392,5,1746743.124373678,1705426.3565891474,1674010.309453735
main-l1-n512-uniform-k1,adaptive,5,502,495,492,True,5,5,5,20,17,10,5,3988,3916,3860,5,0.344029,0.342104,0.31925,5,1572435.395458105,1446928.41942801,1430111.996372399
main-l1-n512-uniform-k1,graph,5,502,495,492,True,5,5,5,20,17,10,5,3936,3920,3916,5,0.316048,0.309862,0.30164,5,1664235.5125314945,1600712.5752754451,1556725.560674328
main-l1-n512-uniform-k1,lazy,5,502,495,492,True,5,5,5,20,17,10,5,3992,3924,3904,5,0.309925,0.306075,0.294651,5,1703710.4913949044,1620517.8469329413,1587480.8421392273
main-l1-n512-uniform-k1,paper,5,502,495,492,True,5,5,5,20,17,10,5,3900,3872,3840,5,0.272233,0.254037,0.243257,5,2063661.0662796958,1936725.7525478571,1818295.3572858544
main-l1-n512-uniform-k1,profile,5,502,495,492,True,5,5,5,20,17,10,5,4044,3920,3912,5,0.345486,0.337991,0.318994,5,1573697.3109212085,1464536.0379418388,1424080.8600059047
main-l1-n512-zipf-k1,accept_id,5,295,290,286,True,5,5,5,226,222,217,5,3976,3932,3860,5,0.271538,0.269601,0.268478,5,1097355.9301858437,1072713.5929200903,1056391.3523656148
main-l1-n512-zipf-k1,accept_static_degree,5,295,290,286,True,5,5,5,226,222,217,5,3936,3928,3904,5,0.316495,0.312481,0.31158,5,946787.3419346556,923522.7616515135,917834.5522989187
main-l1-n512-zipf-k1,adaptive,5,295,290,286,True,5,5,5,226,222,217,5,3976,3904,3772,5,0.590732,0.583089,0.561969,5,524939.9877929209,499380.42970416363,489276.12794399675
main-l1-n512-zipf-k1,graph,5,295,290,286,True,5,5,5,226,222,217,5,3972,3916,3908,5,0.885416,0.871982,0.839573,5,346547.1568448937,338309.735751426,327529.6583752722
main-l1-n512-zipf-k1,lazy,5,295,290,286,True,5,5,5,226,222,217,5,3932,3932,3864,5,0.67815,0.677358,0.656602,5,440710.9339635749,435141.11109963845,424684.80424684804
main-l1-n512-zipf-k1,paper,5,295,290,286,True,5,5,5,226,222,217,5,3988,3948,3856,5,1.269849,1.240211,1.052779,5,280210.7564835545,232218.54990803986,228373.6097756505
main-l1-n512-zipf-k1,profile,5,295,290,286,True,5,5,5,226,222,217,5,3988,3928,3816,5,0.588522,0.581291,0.566111,5,521099.2190577466,502521.1229217771,485963.14156480134
main-l2-n128-uniform-k1,accept_id,5,126,126,122,True,5,5,5,6,2,2,5,2016,1996,1980,5,0.138991,0.127965,0.127059,5,991665.2893537647,974779.5141575119,899338.8061097481
main-l2-n128-uniform-k1,accept_static_degree,5,126,126,122,True,5,5,5,6,2,2,5,2072,2004,1984,5,0.158669,0.154351,0.151924,5,829362.0494457755,816321.2418448861,773086.4526104341
main-l2-n128-uniform-k1,adaptive,5,126,126,122,True,5,5,5,6,2,2,5,2040,2000,1968,5,0.158902,0.14843,0.1457,5,864790.6657515443,848884.9962945495,767768.8134825239
main-l2-n128-uniform-k1,graph,5,126,126,122,True,5,5,5,6,2,2,5,2004,2004,1984,5,0.155412,0.1475,0.141588,5,889905.9242308671,854237.2881355933,785010.1665251075
main-l2-n128-uniform-k1,lazy,5,126,126,122,True,5,5,5,6,2,2,5,2032,2012,1980,5,0.156794,0.145647,0.142601,5,883584.2665899958,858497.7651804207,778090.99838004
main-l2-n128-uniform-k1,paper,5,126,126,122,True,5,5,5,6,2,2,5,2040,2012,2000,5,0.12418,0.121955,0.118119,5,1058254.81082637,1033167.9717928745,982444.8381381865
main-l2-n128-uniform-k1,profile,5,126,126,122,True,5,5,5,6,2,2,5,2036,2016,1980,5,0.176482,0.166539,0.158175,5,796586.0597439545,756579.5399275846,691288.6300019266
main-l2-n128-zipf-k1,accept_id,5,70,61,57,True,5,5,5,71,67,58,5,2020,1992,1968,5,0.126214,0.123864,0.121889,5,574293.0042907891,494973.1821907026,460182.1352451075
main-l2-n128-zipf-k1,accept_static_degree,5,70,63,60,True,5,5,5,68,65,58,5,3872,2036,2000,5,0.164034,0.157592,0.15581,5,433901.33083736757,404338.6175470124,382375.0589494883
main-l2-n128-zipf-k1,adaptive,5,70,63,60,True,5,5,5,68,65,58,5,3912,1984,1980,5,0.311049,0.28841,0.273364,5,256068.83130185393,218439.02777296212,196110.58064806508
main-l2-n128-zipf-k1,graph,5,70,63,60,True,5,5,5,68,65,58,5,2056,2020,2000,5,0.344297,0.326612,0.284869,5,245726.983280034,192889.42231148886,174268.14639686083
main-l2-n128-zipf-k1,lazy,5,70,63,60,True,5,5,5,68,65,58,5,3984,2072,2000,5,0.306608,0.294027,0.270136,5,259128.73515562533,214266.03679253947,197452.20833840675
main-l2-n128-zipf-k1,paper,5,70,63,60,True,5,5,5,68,65,58,5,2008,2004,1996,5,0.314625,0.300709,0.269084,5,260141.8144519927,202853.92189791458,193718.98478337377
main-l2-n128-zipf-k1,profile,5,70,63,60,True,5,5,5,68,65,58,5,3976,3960,3908,5,0.378453,0.369376,0.330925,5,211528.29190904283,180734.81612384063,158540.16218658592
main-l2-n2048-uniform-k1,accept_id,5,1364,1357,1345,True,5,5,5,703,691,684,5,4732,4456,4432,5,1.590196,1.413088,1.409437,5,964924.292465715,957051.9412415278,857755.899272794
main-l2-n2048-uniform-k1,accept_static_degree,5,1409,1407,1394,True,5,5,5,654,641,639,5,4712,4660,4592,5,2.085872,1.858989,1.838597,5,764713.5288483555,753848.0002400312,675496.866538311
main-l2-n2048-uniform-k1,adaptive,5,1403,1402,1386,True,5,5,5,662,646,645,5,5320,5232,5168,5,3.628053,3.217798,3.193647,5,439309.6669732128,434635.3158412008,386433.1640138664
main-l2-n2048-uniform-k1,graph,5,1403,1402,1386,True,5,5,5,662,646,645,5,5048,5032,5000,5,3.220042,2.839279,2.825554,5,496539.79361215536,493435.1291296136,435398.04760310584
main-l2-n2048-uniform-k1,lazy,5,1403,1402,1386,True,5,5,5,662,646,645,5,5304,5248,5072,5,3.654755,3.216882,3.192461,5,439472.87061611714,435514.88677545526,383609.84525638516
main-l2-n2048-uniform-k1,paper,5,1403,1402,1386,True,5,5,5,662,646,645,5,5296,5252,5136,5,7.553545,7.257046,7.056434,5,198542.20984707004,193329.3519153661,183490.00370024936
main-l2-n2048-uniform-k1,profile,5,1403,1402,1386,True,5,5,5,662,646,645,5,5540,5520,5448,5,4.436018,3.837418,3.785196,5,370654.5182865035,365089.23448005924,316049.2135063474
main-l2-n2048-zipf-k1,accept_id,5,413,408,392,True,5,5,5,1656,1640,1635,5,4584,4576,4508,5,1.228335,1.217929,1.210612,5,336724.2196028937,334994.8970752811,323803.16732363467
main-l2-n2048-zipf-k1,accept_static_degree,5,447,433,423,True,5,5,5,1625,1615,1601,5,4644,4604,4532,5,1.713072,1.705073,1.692067,5,261160.9803293783,254694.94545234236,249990.10086480028
main-l2-n2048-zipf-k1,adaptive,5,445,433,422,True,5,5,5,1626,1615,1603,5,5228,5220,5152,5,9.147164,8.664661,8.326879,5,53441.391426487644,49816.80744527437,46134.51775872828
main-l2-n2048-zipf-k1,graph,5,445,433,422,True,5,5,5,1626,1615,1603,5,5104,5080,4980,5,38.911152,36.491837,35.126514,5,12512.41857543612,12084.894492979349,10845.219899940254
main-l2-n2048-zipf-k1,lazy,5,445,433,422,True,5,5,5,1626,1615,1603,5,5344,5212,5176,5,9.072503,8.663393,8.295428,5,53644.00727726165,49978.50697540162,46514.17585643125
main-l2-n2048-zipf-k1,paper,5,445,433,422,True,5,5,5,1626,1615,1603,5,7828,7604,7544,5,40.782592,40.522035,36.731614,5,11733.761549383591,10882.96774828806,10347.55221051178
main-l2-n2048-zipf-k1,profile,5,445,433,422,True,5,5,5,1626,1615,1603,5,5540,5360,5256,5,8.887505,8.47282,8.269403,5,53329.12182415103,50533.52384391991,48860.269334053715
main-l2-n40-uniform-k1,accept_id,5,40,39,39,True,5,5,5,1,1,0,5,2012,2004,1984,5,0.053509,0.052991,0.050579,5,788519.1610156127,754845.1623860655,728849.352445383
main-l2-n40-uniform-k1,accept_static_degree,5,40,39,39,True,5,5,5,1,1,0,5,2004,1984,1956,5,0.060322,0.058963,0.055886,5,715742.7620513188,678391.5336736598,646530.2874573125
main-l2-n40-uniform-k1,adaptive,5,40,39,39,True,5,5,5,1,1,0,5,2016,1996,1980,5,0.06385,0.061639,0.053273,5,750849.3983819195,632716.2997452911,610806.577916993
main-l2-n40-uniform-k1,graph,5,40,39,39,True,5,5,5,1,1,0,5,2040,2000,1984,5,0.066342,0.063564,0.051926,5,770327.0038131187,613554.8423636021,587862.8922854301
main-l2-n40-uniform-k1,lazy,5,40,39,39,True,5,5,5,1,1,0,5,2036,1984,1980,5,0.068291,0.060202,0.053283,5,750708.4811290656,647819.009335238,571085.5017498645
main-l2-n40-uniform-k1,paper,5,40,39,39,True,5,5,5,1,1,0,5,2072,2008,1980,5,0.045798,0.044752,0.043334,5,923062.7221119675,871469.4315337862,851565.5705489323
main-l2-n40-uniform-k1,profile,5,40,39,39,True,5,5,5,1,1,0,5,2036,2016,2004,5,0.081089,0.076303,0.05214,5,767165.3241273494,511120.1394440586,480953.0269210374
main-l2-n40-zipf-k1,accept_id,5,26,24,21,True,5,5,5,19,16,14,5,2036,2004,1988,5,0.053236,0.051284,0.049602,5,496583.5054822819,466173.29992424685,423370.0254022015
main-l2-n40-zipf-k1,accept_static_degree,5,26,25,22,True,5,5,5,18,15,14,5,2040,1984,1976,5,0.064499,0.061805,0.058636,5,425580.67209009215,387602.90857222595,372138.17652293504
main-l2-n40-zipf-k1,adaptive,5,26,25,22,True,5,5,5,18,15,14,5,2020,2000,1968,5,0.109594,0.10234,0.095082,5,273448.18156959256,245859.72227685773,200740.9164735296
main-l2-n40-zipf-k1,graph,5,26,25,22,True,5,5,5,18,15,14,5,2056,2012,1988,5,0.096323,0.091795,0.088869,5,292565.46152201557,272345.9883435917,228398.20188324698
main-l2-n40-zipf-k1,lazy,5,26,25,22,True,5,5,5,18,15,14,5,2040,1980,1964,5,0.105801,0.100993,0.097118,5,267715.56251158385,243517.56248660653,207937.54312341093
main-l2-n40-zipf-k1,paper,5,26,25,22,True,5,5,5,18,15,14,5,2036,2004,1984,5,0.079787,0.071157,0.065731,5,395551.56623206707,351335.77863035264,275734.14215348364
main-l2-n40-zipf-k1,profile,5,26,25,22,True,5,5,5,18,15,14,5,2032,1996,1984,5,0.141603,0.130044,0.118642,5,219146.67655636286,183408.1638641899,155363.94002951914
main-l2-n512-uniform-k1,accept_id,5,457,448,440,True,5,5,5,72,64,55,5,3988,3956,3928,5,0.41989,0.415288,0.413123,5,1101214.9668425384,1084422.7990211148,1055259.6298437016
main-l2-n512-uniform-k1,accept_static_degree,5,462,453,441,True,5,5,5,71,59,50,5,3944,3932,3880,5,0.517614,0.514363,0.50888,5,900015.7207986165,881853.0984580225,851986.2291205415
main-l2-n512-uniform-k1,adaptive,5,462,453,441,True,5,5,5,71,59,50,5,4220,4144,4080,5,0.649839,0.621002,0.60684,5,761320.9412695273,729466.24970612,678629.6298006121
main-l2-n512-uniform-k1,graph,5,462,453,441,True,5,5,5,71,59,50,5,3932,3916,3884,5,0.568677,0.540238,0.537866,5,858570.0905401186,838519.3192629915,775484.1500535454
main-l2-n512-uniform-k1,lazy,5,462,453,441,True,5,5,5,71,59,50,5,4220,4144,4064,5,0.649393,0.627164,0.604207,5,764638.608953554,722299.1115561479,680827.6764941543
main-l2-n512-uniform-k1,paper,5,462,453,441,True,5,5,5,71,59,50,5,4224,3908,3852,5,0.533079,0.495328,0.474335,5,973995.1721884322,914545.5132760515,827269.5041447891
main-l2-n512-uniform-k1,profile,5,462,453,441,True,5,5,5,71,59,50,5,4440,4348,4324,5,0.739811,0.700783,0.673575,5,685892.4395946999,646419.790434414,596098.1926465003
main-l2-n512-zipf-k1,accept_id,5,168,149,141,True,5,5,5,371,363,344,5,3988,3920,3856,5,0.388077,0.381393,0.374207,5,432903.7794046027,391814.49555855914,376796.7996322891
main-l2-n512-zipf-k1,accept_static_degree,5,179,153,147,True,5,5,5,365,359,333,5,3936,3916,3876,5,0.520543,0.50741,0.496839,5,350801.1272935102,296967.9571574227,295456.9154298029
main-l2-n512-zipf-k1,adaptive,5,179,153,147,True,5,5,5,365,359,333,5,4308,4244,4080,5,1.497597,1.432285,1.353891,5,131472.91768687437,109090.98687414394,98930.6738255684
main-l2-n512-zipf-k1,graph,5,179,153,147,True,5,5,5,365,359,333,5,3924,3908,3860,5,2.916757,2.806581,2.470305,5,72055.87973954632,54514.72806236485,50398.439088343664
main-l2-n512-zipf-k1,lazy,5,179,153,147,True,5,5,5,365,359,333,5,4344,4184,4148,5,1.485553,1.457201,1.354818,5,131382.96066335108,108858.83215106477,99646.08692528104
main-l2-n512-zipf-k1,paper,5,179,153,147,True,5,5,5,365,359,333,5,4216,4136,4048,5,3.041566,2.956933,2.713279,5,65603.27927942538,50303.03468673703,49498.432384646374
main-l2-n512-zipf-k1,profile,5,179,153,147,True,5,5,5,365,359,333,5,4244,4180,4112,5,1.782472,1.725086,1.640392,5,109120.25906002955,86952.18673156005,84906.31425732966
main-l3-n128-uniform-k1,accept_id,5,122,119,117,True,5,5,5,11,9,6,5,2020,2016,1984,5,0.139439,0.139341,0.135244,5,879891.1596817604,868111.6061499609,852539.7669724637
main-l3-n128-uniform-k1,accept_static_degree,5,122,119,117,True,5,5,5,11,9,6,5,3960,3932,3884,5,0.405836,0.402285,0.398994,5,305769.0090577803,293948.3688335684,290838.584585555
main-l3-n128-uniform-k1,adaptive,5,122,119,117,True,5,5,5,11,9,6,5,3980,1988,1984,5,0.210328,0.198748,0.185144,5,658946.5497126561,598748.1635035321,558589.8709036743
main-l3-n128-uniform-k1,graph,5,122,119,117,True,5,5,5,11,9,6,5,2056,2012,1992,5,0.171769,0.170269,0.165067,5,739093.822508436,698894.1028607674,681147.3548777719
main-l3-n128-uniform-k1,lazy,5,122,119,117,True,5,5,5,11,9,6,5,3924,2004,1996,5,0.210497,0.19822,0.184123,5,662600.5442014305,600343.0531732418,555827.398965306
main-l3-n128-uniform-k1,paper,5,122,119,117,True,5,5,5,11,9,6,5,3976,3888,3880,5,0.137956,0.134533,0.133402,5,914529.0175559587,889393.7921808085,848096.4945344892
main-l3-n128-uniform-k1,profile,5,122,119,117,True,5,5,5,11,9,6,5,4044,3980,3912,5,0.235546,0.219998,0.208252,5,585828.7075274187,540914.0083091664,496718.26309935213
main-l3-n128-zipf-k1,accept_id,5,44,40,36,True,5,5,5,92,88,84,5,2032,2008,1996,5,0.127176,0.126959,0.12535,5,345977.2284078757,319106.5017949741,283556.1086650021
main-l3-n128-zipf-k1,accept_static_degree,5,47,42,38,True,5,5,5,90,86,81,5,3920,3916,3844,5,0.421647,0.415276,0.41341,5,113580.06790638102,101594.05916644493,91505.40845124688
main-l3-n128-zipf-k1,adaptive,5,47,42,38,True,5,5,5,90,86,81,5,4184,4072,4040,5,0.487706,0.474488,0.460682,5,99379.6174519066,90623.99892094215,77947.91848288735
main-l3-n128-zipf-k1,graph,5,47,42,38,True,5,5,5,90,86,81,5,2012,1980,1964,5,0.52541,0.463583,0.438497,5,101384.21814432366,95781.72712698148,72324.47041358177
main-l3-n128-zipf-k1,lazy,5,47,42,38,True,5,5,5,90,86,81,5,4072,4044,3988,5,0.484469,0.478497,0.460859,5,100916.62354449242,89855.89621852954,78436.39118292398
main-l3-n128-zipf-k1,paper,5,47,42,38,True,5,5,5,90,86,81,5,3960,3876,3864,5,0.434441,0.422594,0.394088,5,111217.85922185359,101382.91118615592,87468.72417658554
main-l3-n128-zipf-k1,profile,5,47,42,38,True,5,5,5,90,86,81,5,4384,4264,4232,5,0.693803,0.609153,0.581176,5,80870.51082632455,70589.81897815492,58579.50857958566
main-l3-n2048-uniform-k1,accept_id,5,1026,1021,1000,True,5,5,5,1048,1027,1022,5,4832,4756,4696,5,1.731532,1.72851,1.716793,5,595295.9966635465,589952.4340015994,578532.9561298459
main-l3-n2048-uniform-k1,accept_static_degree,5,1113,1109,1078,True,5,5,5,970,939,935,5,5520,5488,5456,5,7.038076,7.027615,7.006668,5,158381.52612789103,158277.8005180208,153242.23901979552
main-l3-n2048-uniform-k1,adaptive,5,1099,1095,1059,True,5,5,5,989,953,949,5,7408,7328,7164,5,7.672326,7.564631,7.483366,5,146859.04711863617,144752.5993006136,139758.6965145844
main-l3-n2048-uniform-k1,graph,5,1099,1095,1059,True,5,5,5,989,953,949,5,5536,5476,5364,5,4.506014,4.466036,4.405929,5,249436.61143881344,244449.38056080486,235019.24317145927
main-l3-n2048-uniform-k1,lazy,5,1099,1095,1059,True,5,5,5,989,953,949,5,7412,7328,7112,5,7.634739,7.547992,7.503563,5,145930.67320151773,145352.84303270956,138843.89318276485
main-l3-n2048-uniform-k1,paper,5,1099,1095,1059,True,5,5,5,989,953,949,5,5580,5504,5448,5,18.932442,16.788888,14.45341,5,75760.66824368782,63077.435503768924,57942.86864842897
main-l3-n2048-uniform-k1,profile,5,1099,1095,1059,True,5,5,5,989,953,949,5,7676,7568,7520,5,8.91214,8.834891,8.75713,5,125497.7372723712,123940.40854607034,118826.67911410726
main-l3-n2048-zipf-k1,accept_id,5,220,205,184,True,5,5,5,1864,1843,1828,5,4728,4704,4640,5,1.458577,1.442204,1.437855,5,150831.94099454468,142143.5525071349,127968.39736969303
main-l3-n2048-zipf-k1,accept_static_degree,5,245,233,214,True,5,5,5,1834,1815,1803,5,5260,5224,5168,5,6.891262,6.86503,6.84017,5,35654.17776008813,33940.128448091265,31285.772137242206
main-l3-n2048-zipf-k1,adaptive,5,244,234,212,True,5,5,5,1836,1814,1804,5,7420,7392,7372,5,12.488205,12.066433,11.954432,5,20225.279776129362,19313.62990925235,16976.01857112371
main-l3-n2048-zipf-k1,graph,5,244,234,212,True,5,5,5,1836,1814,1804,5,5364,5252,5240,5,87.423,85.256945,77.98335,5,3128.8730222541094,2744.6444392301414,2482.223387436163
main-l3-n2048-zipf-k1,lazy,5,244,234,212,True,5,5,5,1836,1814,1804,5,7424,7404,7288,5,12.443439,12.080834,11.968756,5,20197.28108175313,19317.4118234448,17037.090791380102
main-l3-n2048-zipf-k1,paper,5,244,234,212,True,5,5,5,1836,1814,1804,5,12368,12116,11824,5,60.595617,58.176306,49.521228,5,4927.179915651526,4142.5799706155285,3525.2383285594624
main-l3-n2048-zipf-k1,profile,5,244,234,212,True,5,5,5,1836,1814,1804,5,7416,7404,7340,5,31.782852,31.358195,27.903313,5,8135.234694174129,7685.3913307191315,6670.26357483589
main-l3-n40-uniform-k1,accept_id,5,40,39,38,True,5,5,5,2,1,0,5,2040,2016,1980,5,0.054886,0.051506,0.050693,5,778149.5603454984,769336.989327915,692344.1314725067
main-l3-n40-uniform-k1,accept_static_degree,5,40,39,38,True,5,5,5,2,1,0,5,2040,2016,1964,5,0.13838,0.134239,0.129723,5,297975.9980333584,292931.8625070342,274606.1569590981
main-l3-n40-uniform-k1,adaptive,5,40,39,38,True,5,5,5,2,1,0,5,2016,2000,1988,5,0.075332,0.068094,0.053091,5,753423.3674257407,572737.686139748,504433.70679127064
main-l3-n40-uniform-k1,graph,5,40,39,38,True,5,5,5,2,1,0,5,2020,1988,1956,5,0.069551,0.064936,0.052294,5,764906.1077752706,600591.3514845386,546361.662664807
main-l3-n40-uniform-k1,lazy,5,40,39,38,True,5,5,5,2,1,0,5,2052,2020,2016,5,0.075409,0.0682,0.052953,5,755386.8524918323,571847.5073313783,503918.6304022066
main-l3-n40-uniform-k1,paper,5,40,39,38,True,5,5,5,2,1,0,5,2036,2000,1980,5,0.050388,0.046203,0.044706,5,894734.4875408222,827603.7687802394,754147.8129713424
main-l3-n40-uniform-k1,profile,5,40,39,38,True,5,5,5,2,1,0,5,2016,2016,1988,5,0.09076,0.07836,0.05483,5,729527.6308590189,497702.9096477795,418686.6460996034
main-l3-n40-zipf-k1,accept_id,5,23,20,17,True,5,5,5,23,20,17,5,2056,2000,1988,5,0.052164,0.051529,0.049899,5,446350.5986919987,383634.1664588648,337040.7819346141
main-l3-n40-zipf-k1,accept_static_degree,5,24,20,19,True,5,5,5,21,20,16,5,2072,2020,2004,5,0.137265,0.136189,0.134146,5,175013.85526354169,145703.56609478017,139512.00170351495
main-l3-n40-zipf-k1,adaptive,5,24,20,19,True,5,5,5,21,20,16,5,3956,3896,3808,5,0.155163,0.149424,0.139177,5,172442.28572249727,133847.30699218332,122451.87319141807
main-l3-n40-zipf-k1,graph,5,24,20,19,True,5,5,5,21,20,16,5,2036,2008,1996,5,0.110081,0.106633,0.098769,5,236155.3902467824,187559.19837198616,172600.17623386416
main-l3-n40-zipf-k1,lazy,5,24,20,19,True,5,5,5,21,20,16,5,3936,3904,3820,5,0.153828,0.145016,0.143682,5,166449.35778289454,137915.81618580018,123514.57471981694
main-l3-n40-zipf-k1,paper,5,24,20,19,True,5,5,5,21,20,16,5,2040,2016,1984,5,0.085016,0.081045,0.07617,5,315084.67900748324,246776.4822012462,223487.34355885952
main-l3-n40-zipf-k1,profile,5,24,20,19,True,5,5,5,21,20,16,5,4244,4096,4080,5,0.189277,0.182252,0.177011,5,131685.79768671948,111810.54820711786,100381.97984963836
main-l3-n512-uniform-k1,accept_id,5,412,408,399,True,5,5,5,113,104,100,5,3868,3832,3792,5,0.476347,0.469315,0.468603,5,872302.9008305933,862137.0328401653,850175.2554254605
main-l3-n512-uniform-k1,accept_static_degree,5,419,412,407,True,5,5,5,105,100,93,5,4196,4184,4180,5,1.576785,1.558972,1.551278,5,270099.87893852685,264642.196684393,258120.16222883904
main-l3-n512-uniform-k1,adaptive,5,417,411,407,True,5,5,5,105,101,95,5,4516,4332,4332,5,1.046544,1.029539,1.003129,5,415699.2769623847,399207.80077296734,388899.0811662004
main-l3-n512-uniform-k1,graph,5,417,411,407,True,5,5,5,105,101,95,5,4284,4176,4088,5,0.705472,0.696663,0.688655,5,605528.1672245173,591857.7693602451,576918.7154132269
main-l3-n512-uniform-k1,lazy,5,417,411,407,True,5,5,5,105,101,95,5,4400,4396,4384,5,1.051844,1.016534,0.998297,5,417711.3624502528,404902.5721657559,386939.5081399903
main-l3-n512-uniform-k1,paper,5,417,411,407,True,5,5,5,105,101,95,5,4148,4120,4092,5,0.685816,0.647797,0.639498,5,652073.9705206271,634458.0169404922,593453.6377104063
main-l3-n512-uniform-k1,profile,5,417,411,407,True,5,5,5,105,101,95,5,4620,4572,4464,5,1.162193,1.13405,1.111488,5,375172.74140611506,363286.3359258365,350774.9800049643
main-l3-n512-zipf-k1,accept_id,5,102,100,86,True,5,5,5,426,412,410,5,3896,3824,3748,5,0.408543,0.403946,0.399892,5,250067.51822992208,246687.60222117518,212899.74402519147
main-l3-n512-zipf-k1,accept_static_degree,5,115,106,96,True,5,5,5,416,406,397,5,4308,4240,4108,5,1.639285,1.622742,1.60072,5,70750.50909605458,65321.53601743223,58562.11702053029
main-l3-n512-zipf-k1,adaptive,5,116,107,96,True,5,5,5,416,405,396,5,4724,4656,4632,5,2.255473,2.207248,2.113712,5,54879.756560969516,47835.039747788636,43493.073728008814
main-l3-n512-zipf-k1,graph,5,116,107,96,True,5,5,5,416,405,396,5,3952,3904,3796,5,5.454069,4.976388,4.595761,5,25240.651113058313,19618.380332188684,19152.831937730312
main-l3-n512-zipf-k1,lazy,5,116,107,96,True,5,5,5,416,405,396,5,4680,4584,4560,5,2.294753,2.20337,2.090419,5,55491.26754014387,47885.432982770195,43569.62289583683
main-l3-n512-zipf-k1,paper,5,116,107,96,True,5,5,5,416,405,396,5,4424,4396,4364,5,4.172277,4.129249,3.963871,5,29101.885701842148,25819.042774673595,23967.72793369184
main-l3-n512-zipf-k1,profile,5,116,107,96,True,5,5,5,416,405,396,5,4788,4672,4640,5,3.641478,3.515499,3.177833,5,33670.74355386202,30413.234946983313,26362.921868537993
main-l4-n128-uniform-k1,accept_id,5,117,112,108,True,5,5,5,20,16,11,5,2020,2004,1988,5,0.156169,0.153172,0.151773,5,770888.1026269495,729978.4208133497,705089.7030788917
main-l4-n128-uniform-k1,accept_static_degree,5,117,114,111,True,5,5,5,17,14,11,5,3980,3908,3892,5,0.764003,0.746668,0.738025,5,158122.85199565906,154017.5821114605,145287.3876149701
main-l4-n128-uniform-k1,adaptive,5,117,114,111,True,5,5,5,17,14,11,5,4080,4000,3968,5,0.37425,0.314838,0.302968,5,386179.39848432835,363603.88864790386,296593.1863727455
main-l4-n128-uniform-k1,graph,5,117,114,111,True,5,5,5,17,14,11,5,3976,2056,1988,5,0.204884,0.199766,0.195987,5,596978.371014404,575673.5380395062,541769.9771578064
main-l4-n128-uniform-k1,lazy,5,117,114,111,True,5,5,5,17,14,11,5,4052,4008,3936,5,0.374938,0.317852,0.300857,5,388889.07354656863,361803.6067100411,296048.9467591975
main-l4-n128-uniform-k1,paper,5,117,114,111,True,5,5,5,17,14,11,5,3928,3888,3856,5,0.171404,0.16619,0.164852,5,709727.5131633222,691256.814033726,647592.8216377681
main-l4-n128-uniform-k1,profile,5,117,114,111,True,5,5,5,17,14,11,5,4348,4188,4132,5,0.410843,0.34824,0.333466,5,350860.3575776841,327360.4410751206,270176.19869390497
main-l4-n128-zipf-k1,accept_id,5,34,29,26,True,5,5,5,102,99,94,5,2056,2008,1980,5,0.150064,0.144527,0.141378,5,226569.99680136476,198969.4753380766,183904.14350181783
main-l4-n128-zipf-k1,accept_static_degree,5,37,32,29,True,5,5,5,99,96,91,5,3984,3920,3860,5,0.855665,0.840107,0.831699,5,44042.00893457619,38198.145718763764,34868.38387445458
main-l4-n128-zipf-k1,adaptive,5,37,32,29,True,5,5,5,99,96,91,5,4252,4172,4112,5,0.838323,0.821202,0.795881,5,46334.50254902378,38967.26992871425,34592.871721281655
main-l4-n128-zipf-k1,graph,5,37,32,29,True,5,5,5,99,96,91,5,2020,2020,1984,5,0.678684,0.655206,0.593914,5,61387.150508020146,47313.36404123284,42995.57590350014
main-l4-n128-zipf-k1,lazy,5,37,32,29,True,5,5,5,99,96,91,5,4300,4184,4024,5,0.833853,0.828954,0.796843,5,46290.73584754584,38602.865780248365,34778.31224448434
main-l4-n128-zipf-k1,paper,5,37,32,29,True,5,5,5,99,96,91,5,3908,3840,3824,5,0.518235,0.501272,0.464808,5,76206.16858040266,61842.672241816814,56579.073156741586
main-l4-n128-zipf-k1,profile,5,37,32,29,True,5,5,5,99,96,91,5,4464,4320,4232,5,1.18115,1.134116,1.044749,5,35415.204991821,27334.064593039868,25384.554111553734
main-l4-n2048-uniform-k1,accept_id,5,760,756,748,True,5,5,5,1300,1292,1288,5,5028,4972,4904,5,2.098203,2.089754,2.085162,5,364480.07397027186,361765.068998552,356495.5345121516
main-l4-n2048-uniform-k1,accept_static_degree,5,859,850,839,True,5,5,5,1209,1198,1189,5,7148,7136,7048,5,15.904337,15.821159,15.714439,5,54090.381463824444,53709.56812344058,53095.10947844529
main-l4-n2048-uniform-k1,adaptive,5,849,845,827,True,5,5,5,1221,1203,1199,5,11256,11176,11160,5,17.302107,17.150003,17.136726,5,49513.71293652185,48837.98256478243,48258.92647171928
main-l4-n2048-uniform-k1,graph,5,849,845,827,True,5,5,5,1221,1203,1199,5,5708,5504,5488,5,6.198057,6.167998,6.131645,5,137809.6742391316,137266.46425954896,133826.3710446985
main-l4-n2048-uniform-k1,lazy,5,849,845,827,True,5,5,5,1221,1203,1199,5,11308,11188,11160,5,17.520437,17.32045,16.985069,5,49901.26133225905,48676.957417109625,47658.62860612437
main-l4-n2048-uniform-k1,paper,5,849,845,827,True,5,5,5,1221,1203,1199,5,5984,5948,5920,5,31.513693,28.051991,24.187518,5,34191.18902567845,30122.639066866945,26940.6698859445
main-l4-n2048-uniform-k1,profile,5,849,845,827,True,5,5,5,1221,1203,1199,5,11560,11328,11284,5,19.444262,19.277555,19.170268,5,44040.85476607381,43693.71461003024,42943.260073331665
main-l4-n2048-zipf-k1,accept_id,5,124,120,115,True,5,5,5,1933,1928,1924,5,4956,4712,4704,5,1.67187,1.657804,1.624256,5,74797.74448607917,73265.79268182829,70126.14168407624
main-l4-n2048-zipf-k1,accept_static_degree,5,152,143,140,True,5,5,5,1908,1905,1896,5,6784,6684,6544,5,16.11548,15.789301,15.721264,5,9552.221997661214,9095.960731910614,8687.299416461687
main-l4-n2048-zipf-k1,adaptive,5,151,144,141,True,5,5,5,1907,1904,1897,5,10168,10140,10012,5,21.018188,20.819657,20.535,5,7252.761176613044,7012.417823228634,6708.47553556948
main-l4-n2048-zipf-k1,graph,5,151,144,141,True,5,5,5,1907,1904,1897,5,5576,5492,5340,5,144.037444,142.542074,137.080134,5,1050.480443796473,1029.3698474393357,998.1311233530438
main-l4-n2048-zipf-k1,lazy,5,151,144,141,True,5,5,5,1907,1904,1897,5,10236,10172,10016,5,21.301593,20.712386,20.553912,5,7290.323770520693,6957.3130409432515,6628.097407459656
main-l4-n2048-zipf-k1,paper,5,151,144,141,True,5,5,5,1907,1904,1897,5,16020,15484,15196,5,74.409499,73.538457,71.547964,5,2107.0816376500825,1950.1143681135823,1917.364135067452
main-l4-n2048-zipf-k1,profile,5,151,144,141,True,5,5,5,1907,1904,1897,5,10544,10356,10240,5,77.106729,75.474462,71.64397,5,2051.812594974846,1928.7320116330172,1854.5722514049326
main-l4-n40-uniform-k1,accept_id,5,40,39,37,True,5,5,5,3,1,0,5,2032,2016,2000,5,0.061639,0.060113,0.057586,5,677247.9422081757,648778.1345133332,607972.6576620986
main-l4-n40-uniform-k1,accept_static_degree,5,40,39,37,True,5,5,5,3,1,0,5,2032,2004,1984,5,0.2465,0.242169,0.240006,5,166662.50010416406,161044.55979088985,150101.41987829615
main-l4-n40-uniform-k1,adaptive,5,40,39,37,True,5,5,5,3,1,0,5,3996,2020,2016,5,0.114065,0.086636,0.067709,5,590763.4140217695,450159.2871323699,324376.4520229694
main-l4-n40-uniform-k1,graph,5,40,39,37,True,5,5,5,3,1,0,5,2036,2016,1980,5,0.07629,0.075253,0.068282,5,585805.9224978765,518251.7640492738,484991.47987940756
main-l4-n40-uniform-k1,lazy,5,40,39,37,True,5,5,5,3,1,0,5,3808,2012,1980,5,0.116786,0.084281,0.067766,5,590266.5053271551,462737.7463485246,316818.7967735859
main-l4-n40-uniform-k1,paper,5,40,39,37,True,5,5,5,3,1,0,5,2056,2012,2000,5,0.061432,0.057485,0.057046,5,701188.514532132,678437.8533530486,602291.9650996224
main-l4-n40-uniform-k1,profile,5,40,39,37,True,5,5,5,3,1,0,5,4080,2036,1984,5,0.132755,0.100196,0.067673,5,591077.6823844074,389237.0952932253,278708.8998531129
main-l4-n40-zipf-k1,accept_id,5,17,15,13,True,5,5,5,27,25,23,5,2020,2000,1984,5,0.062725,0.056576,0.056094,5,303062.7161550255,265435.0480437437,220705.5787579369
main-l4-n40-zipf-k1,accept_static_degree,5,18,16,14,True,5,5,5,26,24,22,5,2040,2016,1980,5,0.276731,0.267361,0.262513,5,65045.11601519165,59844.18071446471,52576.43298945843
main-l4-n40-zipf-k1,adaptive,5,18,16,14,True,5,5,5,26,24,22,5,3992,3936,3908,5,0.257206,0.248749,0.22927,5,78510.05364853666,64321.86662056933,54431.07859070162
main-l4-n40-zipf-k1,graph,5,18,16,14,True,5,5,5,26,24,22,5,2076,1996,1968,5,0.139908,0.134211,0.127372,5,141318.3431209371,121830.50331226681,100065.75749778426
main-l4-n40-zipf-k1,lazy,5,18,16,14,True,5,5,5,26,24,22,5,3988,3904,3812,5,0.259864,0.248749,0.226042,5,79631.21897700428,64033.041049181375,53874.33426715513
main-l4-n40-zipf-k1,paper,5,18,16,14,True,5,5,5,26,24,22,5,2040,2012,1976,5,0.114155,0.105903,0.09803,5,183617.2600224421,151081.6501893242,122640.26980859357
main-l4-n40-zipf-k1,profile,5,18,16,14,True,5,5,5,26,24,22,5,4024,3912,3816,5,0.329067,0.31582,0.289016,5,61776.27379244544,50232.48220671294,44329.04819200811
main-l4-n512-uniform-k1,accept_id,5,354,349,330,True,5,5,5,182,163,158,5,3864,3816,3772,5,0.537678,0.535771,0.534219,5,662649.5875287101,649789.5166050079,613750.2371307735
main-l4-n512-uniform-k1,accept_static_degree,5,371,360,347,True,5,5,5,165,152,141,5,4464,4444,4288,5,3.14324,3.13753,3.117948,5,118435.30048727666,114739.93874162159,110395.64271261501
main-l4-n512-uniform-k1,adaptive,5,370,359,347,True,5,5,5,165,153,142,5,5448,5316,5288,5,2.414112,2.299869,2.251762,5,164315.76694162172,155997.67485029888,143738.1529937302
main-l4-n512-uniform-k1,graph,5,370,359,347,True,5,5,5,165,153,142,5,4304,4244,4112,5,0.908453,0.886104,0.875789,5,422476.1900412085,405144.3171456172,381968.02696452104
main-l4-n512-uniform-k1,lazy,5,370,359,347,True,5,5,5,165,153,142,5,5332,5312,5240,5,2.414152,2.30233,2.259969,5,163719.0598632105,155494.65107087168,143735.77140130365
main-l4-n512-uniform-k1,paper,5,370,359,347,True,5,5,5,165,153,142,5,4144,4100,4064,5,1.060691,1.024485,0.97801,5,378319.2400895696,351396.06729234685,327145.22891209595
main-l4-n512-uniform-k1,profile,5,370,359,347,True,5,5,5,165,153,142,5,5664,5328,5248,5,2.680681,2.508211,2.444828,5,151339.889759116,142731.21360204543,131299.3413086647
main-l4-n512-zipf-k1,accept_id,5,64,57,51,True,5,5,5,461,455,448,5,3800,3784,3780,5,0.451182,0.44568,0.44047,5,143600.78980434392,126334.8271872548,115785.41103820919
main-l4-n512-zipf-k1,accept_static_degree,5,71,68,59,True,5,5,5,453,444,441,5,4572,4448,4408,5,3.51919,3.489298,3.45416,5,20175.097110414612,19488.160655811,17027.171325089104
main-l4-n512-zipf-k1,adaptive,5,71,68,58,True,5,5,5,454,444,441,5,5544,5304,5268,5,3.95058,3.876078,3.811331,5,18628.66279522823,17212.66244450182,14794.733279017957
main-l4-n512-zipf-k1,graph,5,71,68,58,True,5,5,5,454,444,441,5,4164,3880,3756,5,9.136404,8.226692,8.089499,5,8653.193479596202,8265.776815273988,6348.230660553101
main-l4-n512-zipf-k1,lazy,5,71,68,58,True,5,5,5,454,444,441,5,5608,5368,5288,5,3.947783,3.89255,3.804057,5,18664.283947375134,17224.857597289418,14827.419067856406
main-l4-n512-zipf-k1,paper,5,71,68,58,True,5,5,5,454,444,441,5,4916,4704,4600,5,5.845865,5.415559,5.073669,5,12925.72013341559,12694.825906331227,9921.542834122924
main-l4-n512-zipf-k1,profile,5,71,68,58,True,5,5,5,454,444,441,5,5856,5680,5604,5,8.406475,8.307499,7.945222,5,8558.602893663638,8445.870593798232,6940.083625614556
paper_k-l2-n2048-uniform-k2,accept_id,5,1364,1357,1345,True,5,5,5,703,691,684,5,4676,4508,4332,5,1.425329,1.411677,1.409837,5,963393.1841348977,961116.5963430789,952060.8926079522
paper_k-l2-n2048-uniform-k2,accept_static_degree,5,1409,1407,1394,True,5,5,5,654,641,639,5,4776,4708,4660,5,1.885496,1.858931,1.834698,5,766338.6562802162,757962.506408253,739328.0070602112
paper_k-l2-n2048-uniform-k2,adaptive,5,1402,1400,1386,True,5,5,5,662,648,646,5,5304,5256,5232,5,3.252048,3.186177,3.162847,5,442737.4945605183,440025.7738349125,430497.95082975406
paper_k-l2-n2048-uniform-k2,graph,5,1402,1400,1386,True,5,5,5,662,648,646,5,5072,5032,4964,5,2.840145,2.82335,2.813262,5,498353.8682141941,495582.6499279314,488003.25335502235
paper_k-l2-n2048-uniform-k2,lazy,5,1402,1400,1386,True,5,5,5,662,648,646,5,5300,5240,5228,5,3.223619,3.172332,3.165564,5,442891.061434866,440685.2750594831,434294.49944301735
paper_k-l2-n2048-uniform-k2,paper,5,1402,1400,1386,True,5,5,5,662,648,646,5,5272,5208,5148,5,5.012383,4.799909,4.455766,5,314199.62358885095,292088.87085150986,276515.1824990229
paper_k-l2-n2048-uniform-k2,profile,5,1402,1400,1386,True,5,5,5,662,648,646,5,5628,5540,5452,5,3.824132,3.808841,3.78033,5,370867.0936135205,367565.8815897014,362435.1879066936
paper_k-l2-n2048-zipf-k2,accept_id,5,413,408,392,True,5,5,5,1656,1640,1635,5,4628,4556,4516,5,1.2407,1.219419,1.21205,5,338685.88237513107,332876.601918272,319051.4405335321
paper_k-l2-n2048-zipf-k2,accept_static_degree,5,447,433,423,True,5,5,5,1625,1615,1601,5,4632,4588,4556,5,1.719541,1.710768,1.698326,5,259953.09213330768,254091.42949021515,249068.78891331816
paper_k-l2-n2048-zipf-k2,adaptive,5,440,430,418,True,5,5,5,1630,1618,1608,5,5228,5220,5152,5,7.72071,7.471917,7.193679,5,61164.80871609645,57936.17840533447,54140.09851425581
paper_k-l2-n2048-zipf-k2,graph,5,440,430,418,True,5,5,5,1630,1618,1608,5,5156,5076,4960,5,38.605036,35.967486,34.729481,5,12491.704372687047,12177.665127888004,10827.602906522352
paper_k-l2-n2048-zipf-k2,lazy,5,440,430,418,True,5,5,5,1630,1618,1608,5,5340,5220,5180,5,7.7183,7.432842,7.20211,5,61093.2074072737,57639.74710626756,54157.00348522343
paper_k-l2-n2048-zipf-k2,paper,5,440,430,418,True,5,5,5,1630,1618,1608,5,7844,7588,7504,5,28.923183,28.237633,25.886294,5,16533.846057685972,15511.215122032361,14452.07465582194
paper_k-l2-n2048-zipf-k2,profile,5,440,430,418,True,5,5,5,1630,1618,1608,5,5552,5336,5248,5,8.781778,8.340227,8.130385,5,53871.987611902754,51154.832583572366,49099.28503448083
paper_k-l2-n40-uniform-k2,accept_id,5,40,39,39,True,5,5,5,1,1,0,5,2036,1996,1964,5,0.053616,0.052574,0.050571,5,790967.155088885,741811.5418267584,727394.8075201433
paper_k-l2-n40-uniform-k2,accept_static_degree,5,40,39,39,True,5,5,5,1,1,0,5,2020,2016,1980,5,0.061495,0.060371,0.056415,5,709031.286005495,646005.5324576369,634197.9022684771
paper_k-l2-n40-uniform-k2,adaptive,5,40,38,38,True,5,5,5,2,2,0,5,2020,2008,1976,5,0.060956,0.059265,0.052176,5,766636.0012266176,641187.8849236481,623400.4855961677
paper_k-l2-n40-uniform-k2,graph,5,40,38,38,True,5,5,5,2,2,0,5,2020,2004,1988,5,0.06581,0.063099,0.052024,5,768875.9034291866,602228.2445046672,577419.8450083574
paper_k-l2-n40-uniform-k2,lazy,5,40,38,38,True,5,5,5,2,2,0,5,2036,2008,1976,5,0.063908,0.060875,0.051218,5,780975.4383224648,624229.9794661191,594604.7443199599
paper_k-l2-n40-uniform-k2,paper,5,40,38,38,True,5,5,5,2,2,0,5,2040,2012,1992,5,0.045138,0.044576,0.043265,5,924534.8434069109,852476.6690595837,841862.7320661084
paper_k-l2-n40-uniform-k2,profile,5,40,38,38,True,5,5,5,2,2,0,5,2036,2008,1952,5,0.082594,0.077688,0.053413,5,748881.3584707843,489136.03130470606,460081.84613894473
paper_k-l2-n40-zipf-k2,accept_id,5,26,24,21,True,5,5,5,19,16,14,5,2004,1992,1964,5,0.053114,0.051837,0.049115,5,489513.12271717435,459294.9822023194,427567.9527639214
paper_k-l2-n40-zipf-k2,accept_static_degree,5,26,25,22,True,5,5,5,18,15,14,5,2052,2012,2004,5,0.064118,0.062652,0.059069,5,414990.74251420546,389906.1106085655,372445.7837444345
paper_k-l2-n40-zipf-k2,adaptive,5,24,24,20,True,5,5,5,20,16,16,5,2036,2016,1996,5,0.103012,0.100812,0.09425,5,254641.90981432362,236497.47243326338,194152.13761503514
paper_k-l2-n40-zipf-k2,graph,5,24,24,20,True,5,5,5,20,16,16,5,2040,2004,1996,5,0.093347,0.087944,0.083145,5,288652.35432076495,272900.9369598836,214254.34132859117
paper_k-l2-n40-zipf-k2,lazy,5,24,24,20,True,5,5,5,20,16,16,5,2020,2000,1964,5,0.100967,0.100795,0.093821,5,255806.26938531885,237701.4271989858,198422.54080063495
paper_k-l2-n40-zipf-k2,paper,5,24,24,20,True,5,5,5,20,16,16,5,2056,2016,1984,5,0.071372,0.068202,0.065119,5,368556.02819453616,351895.8388317058,280221.9357731323
paper_k-l2-n40-zipf-k2,profile,5,24,24,20,True,5,5,5,20,16,16,5,2072,2012,1992,5,0.136268,0.132076,0.120191,5,199682.17254203724,176123.52129626911,150526.46631594
paper_k-l2-n512-uniform-k2,accept_id,5,457,448,440,True,5,5,5,72,64,55,5,3936,3840,3760,5,0.413668,0.410157,0.409801,5,1114207.4864015486,1082994.0918804451,1073691.865075976
paper_k-l2-n512-uniform-k2,accept_static_degree,5,462,453,441,True,5,5,5,71,59,50,5,4000,3880,3836,5,0.520874,0.511259,0.45308,5,999823.4307407081,895915.3692521063,854333.2936564314
paper_k-l2-n512-uniform-k2,adaptive,5,460,450,440,True,5,5,5,72,62,52,5,4220,4116,4028,5,0.649846,0.632924,0.604085,5,761482.2417375038,710985.8371621236,677083.493627721
paper_k-l2-n512-uniform-k2,graph,5,460,450,440,True,5,5,5,72,62,52,5,3996,3916,3852,5,0.558965,0.542538,0.530225,5,867556.2261304164,829434.9888855712,787169.1429695955
paper_k-l2-n512-uniform-k2,lazy,5,460,450,440,True,5,5,5,72,62,52,5,4200,4132,4032,5,0.64088,0.617146,0.6003,5,766283.5249042147,729162.9533368117,686555.9855199101
paper_k-l2-n512-uniform-k2,paper,5,460,450,440,True,5,5,5,72,62,52,5,4168,3900,3836,5,0.640628,0.475621,0.459883,5,1000254.4125353623,933516.3922534959,711801.5447342296
paper_k-l2-n512-uniform-k2,profile,5,460,450,440,True,5,5,5,72,62,52,5,4484,4376,4252,5,0.723526,0.700476,0.672624,5,683888.7699517115,642420.2970551454,608132.9489195965
paper_k-l2-n512-zipf-k2,accept_id,5,168,149,141,True,5,5,5,371,363,344,5,4024,3956,3908,5,0.388859,0.372592,0.326608,5,447207.0568673296,432033.20483774325,389165.6288916563
paper_k-l2-n512-zipf-k2,accept_static_degree,5,179,153,147,True,5,5,5,365,359,333,5,3920,3884,3876,5,0.526996,0.50035,0.44275,5,355750.97431797744,338886.1940422478,284632.14142042823
paper_k-l2-n512-zipf-k2,adaptive,5,178,150,146,True,5,5,5,366,362,334,5,4336,4280,4152,5,1.334349,1.253701,1.152092,5,141979.62672120385,130197.93558153343,110915.51011017358
paper_k-l2-n512-zipf-k2,graph,5,178,150,146,True,5,5,5,366,362,334,5,3936,3924,3904,5,2.787532,2.500623,2.407338,5,73940.59330264383,59985.051725110105,53093.56089903183
paper_k-l2-n512-zipf-k2,lazy,5,178,150,146,True,5,5,5,366,362,334,5,4264,4200,4144,5,1.323495,1.250126,1.154388,5,142385.6475267293,129938.98065468456,111825.12967559378
paper_k-l2-n512-zipf-k2,paper,5,178,150,146,True,5,5,5,366,362,334,5,4208,4176,4136,5,2.328123,2.094711,2.07822,5,84975.92269291563,71631.1511460268,63570.524409578014
paper_k-l2-n512-zipf-k2,profile,5,178,150,146,True,5,5,5,366,362,334,5,4240,4196,4136,5,1.729693,1.613259,1.504011,5,109468.06515194844,99733.3131207152,85564.31690479178
scale-l2-n8192-uniform-k1,accept_id,5,2759,2751,2721,True,5,5,5,5471,5441,5433,5,6768,6704,6636,5,5.257135,5.218402,5.19005,5,531520.6789285667,524430.1316211206,519906.6346277308
scale-l2-n8192-uniform-k1,accept_static_degree,5,3153,3137,3121,True,5,5,5,5071,5055,5039,5,6804,6684,6544,5,7.312603,7.274901,7.261503,5,433407.95977842173,431262.5627389421,428162.9422709867
scale-l2-n8192-uniform-k1,adaptive,5,3010,2993,2982,True,5,5,5,5210,5199,5182,5,10348,10292,10228,5,20.274695,20.037728,20.00218,5,150468.6423349374,148968.98490687166,147079.89442011333
scale-l2-n8192-uniform-k1,graph,5,3010,2993,2982,True,5,5,5,5210,5199,5182,5,15400,15392,15336,5,33.855596,33.6,33.536811,5,89672.99832514077,89077.38095238095,88079.97354410775
scale-l2-n8192-uniform-k1,lazy,5,3010,2993,2982,True,5,5,5,5210,5199,5182,5,10364,10336,10312,5,20.333689,20.126498,20.014917,5,150387.83323458198,148875.33463996768,146653.1724764749
scale-l2-n8192-uniform-k1,paper,5,3010,2993,2982,True,5,5,5,5210,5199,5182,5,9352,9288,9188,5,488.668973,454.688042,424.920013,5,7043.678594634704,6617.724070253865,6159.588937110603
scale-l2-n8192-uniform-k1,profile,5,3010,2993,2982,True,5,5,5,5210,5199,5182,5,11204,11060,10968,5,28.480511,28.446924,27.964193,5,107637.64933248743,105775.93556336706,104808.51274051929
scale-l2-n8192-zipf-k1,accept_id,5,892,859,843,True,5,5,5,7349,7333,7300,5,6500,6440,6388,5,5.377605,4.669194,4.59154,5,186654.8089246946,183598.5312117503,161410.14447881537
scale-l2-n8192-zipf-k1,accept_static_degree,5,985,943,937,True,5,5,5,7255,7249,7207,5,6756,6704,6608,5,7.518765,6.722865,6.603129,5,144545.16625555672,140989.22372868197,127547.54271479425
scale-l2-n8192-zipf-k1,adaptive,5,983,946,934,True,5,5,5,7258,7246,7209,5,9436,9400,9384,5,73.108081,67.357077,63.583283,5,14689.395638787635,13896.089938700872,13144.921694771334
scale-l2-n8192-zipf-k1,graph,5,983,946,934,True,5,5,5,7258,7246,7209,5,15536,15440,15412,5,749.902365,687.69586,675.934576,5,1454.282758868663,1358.1585324652092,1281.500159024035
scale-l2-n8192-zipf-k1,lazy,5,983,946,934,True,5,5,5,7258,7246,7209,5,9444,9428,9348,5,72.933749,67.431661,63.572592,5,14691.865953806006,13880.719918793042,13176.341723500322
scale-l2-n8192-zipf-k1,paper,5,983,946,934,True,5,5,5,7258,7246,7209,5,54132,52912,52780,5,876.575295,795.742089,741.200383,5,1276.3080291068873,1190.3186364593791,1121.4096559725654
scale-l2-n8192-zipf-k1,profile,5,983,946,934,True,5,5,5,7258,7246,7209,5,9888,9856,9848,5,68.935862,61.151356,60.628064,5,16136.253672413532,15438.394998065582,13940.494426543908
