condition,suite,arity,n,distribution,workers,policy_k,key_count,selector_only,baseline,mode,metric,count,median,minimum,maximum,q1,q3,iqr,expected_pairs
arity-l1-n512-uniform-w1-k2,arity,1,512,uniform,1,2,10000,False,graph,adaptive,batch_ms,5,0.9765740314971433,0.9704490334728461,0.9927042348130468,0.9749992111125837,0.9919247195300351,0.01692550841745144,5
arity-l1-n512-uniform-w1-k2,arity,1,512,uniform,1,2,10000,False,graph,adaptive,selector_ms,5,0.9590747424856467,0.9356757840107173,0.9871446003001934,0.9541579209875516,0.9719208106725185,0.017762889684966865,5
arity-l1-n512-uniform-w1-k2,arity,1,512,uniform,1,2,10000,False,graph,lazy,batch_ms,5,1.0011677836865416,0.9823169839561945,1.0182589844184935,0.9979464839703733,1.0139997040563917,0.016053220086018394,5
arity-l1-n512-uniform-w1-k2,arity,1,512,uniform,1,2,10000,False,graph,lazy,selector_ms,5,1.0213186593185368,0.9628469781792821,1.0458712471688796,0.9963025495688592,1.0284950848720942,0.03219253530323496,5
arity-l1-n512-uniform-w1-k2,arity,1,512,uniform,1,2,10000,False,graph,profile,batch_ms,5,0.9685479704889585,0.9617809000137868,0.9773265038761444,0.9630368691965447,0.9715843389709702,0.008547469774425442,5
arity-l1-n512-uniform-w1-k2,arity,1,512,uniform,1,2,10000,False,graph,profile,selector_ms,5,0.9456537291843898,0.94147945457472,0.9529572926314807,0.9451908909969757,0.9468066370288142,0.0016157460318384498,5
arity-l1-n512-uniform-w1-k2,arity,1,512,uniform,1,2,10000,False,native,adaptive,batch_ms,5,0.5677805756984808,0.5661318063222932,0.5797026739390715,0.5675717093391669,0.5748513425922368,0.007279633253069906,5
arity-l1-n512-uniform-w1-k2,arity,1,512,uniform,1,2,10000,False,native,graph,batch_ms,5,0.5797121242865542,0.5717430121027498,0.5973550943366384,0.5795312197326791,0.5823395231782592,0.0028083034455801403,5
arity-l1-n512-uniform-w1-k2,arity,1,512,uniform,1,2,10000,False,native,lazy,batch_ms,5,0.5830195697734551,0.5785216761467628,0.5876444853003763,0.5821824588521165,0.5867920546196346,0.004609595767518071,5
arity-l1-n512-uniform-w1-k2,arity,1,512,uniform,1,2,10000,False,native,profile,batch_ms,5,0.5632392210684086,0.5573820581005836,0.5752749798485628,0.5587795991339967,0.5640237633098107,0.005244164175814081,5
arity-l1-n512-zipf-w1-k2,arity,1,512,zipf,1,2,10000,False,graph,adaptive,batch_ms,5,1.2213735257626397,1.181800953915977,1.252844027670014,1.2183894221050673,1.2474501287333712,0.029060706628303956,5
arity-l1-n512-zipf-w1-k2,arity,1,512,zipf,1,2,10000,False,graph,adaptive,selector_ms,5,1.3466033168096705,1.2770515910297782,1.3958356746759313,1.3063046891828192,1.3813602616438683,0.0750555724610491,5
arity-l1-n512-zipf-w1-k2,arity,1,512,zipf,1,2,10000,False,graph,lazy,batch_ms,5,1.2883618075570018,1.2803011907021526,1.299691432192703,1.2846333782696497,1.2942233450724359,0.00958996680278612,5
arity-l1-n512-zipf-w1-k2,arity,1,512,zipf,1,2,10000,False,graph,lazy,selector_ms,5,1.4605453696330717,1.4254427100584703,1.4844179698723474,1.4455391333035095,1.4678807086383112,0.022341575334801744,5
arity-l1-n512-zipf-w1-k2,arity,1,512,zipf,1,2,10000,False,graph,profile,batch_ms,5,1.2302675945478594,1.211364033756665,1.2444675669511958,1.2181747053070469,1.2308282779268942,0.012653572619847342,5
arity-l1-n512-zipf-w1-k2,arity,1,512,zipf,1,2,10000,False,graph,profile,selector_ms,5,1.3545647689800895,1.3045372497794347,1.3725808645157618,1.3447032239815284,1.3661080173974256,0.021404793415897183,5
arity-l1-n512-zipf-w1-k2,arity,1,512,zipf,1,2,10000,False,native,adaptive,batch_ms,5,0.38248275634058343,0.35843107604158714,0.4126409208861217,0.3737082871766675,0.38581506927240655,0.012106782095739066,5
arity-l1-n512-zipf-w1-k2,arity,1,512,zipf,1,2,10000,False,native,graph,batch_ms,5,0.3067231875101103,0.3032922548030627,0.33784989782586283,0.306611661284565,0.3079513975813326,0.0013397362967675908,5
arity-l1-n512-zipf-w1-k2,arity,1,512,zipf,1,2,10000,False,native,lazy,batch_ms,5,0.39402684456474824,0.39252791654578145,0.435272905045877,0.39255527502579374,0.40024179296822665,0.007686517942432913,5
arity-l1-n512-zipf-w1-k2,arity,1,512,zipf,1,2,10000,False,native,profile,batch_ms,5,0.37738630305118537,0.37155343766894916,0.4115601997220363,0.37313063276156044,0.3832355264872614,0.010104893725700947,5
arity-l1-n8192-uniform-w1-k2,arity,1,8192,uniform,1,2,10000,False,graph,adaptive,batch_ms,5,1.091546503262431,1.0832695992460613,1.155853078654961,1.0903897337416515,1.1009061041358839,0.010516370394232366,5
arity-l1-n8192-uniform-w1-k2,arity,1,8192,uniform,1,2,10000,False,graph,adaptive,selector_ms,5,1.1408491279863322,1.127350537616823,1.2028145473159457,1.1312717153367076,1.178476922636382,0.04720520729967448,5
arity-l1-n8192-uniform-w1-k2,arity,1,8192,uniform,1,2,10000,False,graph,lazy,batch_ms,5,1.334435756576459,1.300383145390318,1.3889085269629782,1.3301638554314714,1.337313688025506,0.007149832594034677,5
arity-l1-n8192-uniform-w1-k2,arity,1,8192,uniform,1,2,10000,False,graph,lazy,selector_ms,5,1.5668058237362534,1.5300355501296972,1.6383815217900102,1.5577127694587691,1.6000156682692488,0.04230289881047966,5
arity-l1-n8192-uniform-w1-k2,arity,1,8192,uniform,1,2,10000,False,graph,profile,batch_ms,5,1.0900446555942744,1.0831637430129202,1.1484666803930519,1.0868263329016281,1.1217634737575237,0.03493714085589561,5
arity-l1-n8192-uniform-w1-k2,arity,1,8192,uniform,1,2,10000,False,graph,profile,selector_ms,5,1.1381091035638868,1.128178287679897,1.1987941896380634,1.1369149654351718,1.1866150812150402,0.04970011577986844,5
arity-l1-n8192-uniform-w1-k2,arity,1,8192,uniform,1,2,10000,False,native,adaptive,batch_ms,5,0.40008413739890497,0.38558548982116864,0.4097118070176923,0.38801755070597294,0.40225584014778665,0.014238289441813712,5
arity-l1-n8192-uniform-w1-k2,arity,1,8192,uniform,1,2,10000,False,native,graph,batch_ms,5,0.3581911197138986,0.3461375366707276,0.37215872041992226,0.3532469653548656,0.3689101499217655,0.015663184566899913,5
arity-l1-n8192-uniform-w1-k2,arity,1,8192,uniform,1,2,10000,False,native,lazy,batch_ms,5,0.4797245411216792,0.46987634535589545,0.49769295093561944,0.4779830378343853,0.4807533761839341,0.0027703383495488176,5
arity-l1-n8192-uniform-w1-k2,arity,1,8192,uniform,1,2,10000,False,native,profile,batch_ms,5,0.3975274276996588,0.38391810396525705,0.4174740590074071,0.3904443157254642,0.3995900988247171,0.009145783099252902,5
arity-l1-n8192-zipf-w1-k2,arity,1,8192,zipf,1,2,10000,False,graph,adaptive,batch_ms,5,7.830265173449445,7.00348305687462,8.102105676665474,7.705183672333696,7.874870710306956,0.1696870379732598,5
arity-l1-n8192-zipf-w1-k2,arity,1,8192,zipf,1,2,10000,False,graph,adaptive,selector_ms,5,10.582869868355857,9.425902358517316,10.858177515897495,10.318678079156129,10.622473212000608,0.30379513284447945,5
arity-l1-n8192-zipf-w1-k2,arity,1,8192,zipf,1,2,10000,False,graph,lazy,batch_ms,5,2.582451418499777,2.554952201725767,2.651850003715003,2.5707398738631433,2.64247500586393,0.07173513200078663,5
arity-l1-n8192-zipf-w1-k2,arity,1,8192,zipf,1,2,10000,False,graph,lazy,selector_ms,5,2.7558638338328674,2.7191868030219504,2.813079643587792,2.7446053600434834,2.811687645704169,0.06708228566068541,5
arity-l1-n8192-zipf-w1-k2,arity,1,8192,zipf,1,2,10000,False,graph,profile,batch_ms,5,7.925917259643125,7.031004587561623,8.073057918291882,7.731685351595706,7.938310416945927,0.20662506535022107,5
arity-l1-n8192-zipf-w1-k2,arity,1,8192,zipf,1,2,10000,False,graph,profile,selector_ms,5,10.595153098433219,9.399866585328077,10.821511578409499,10.365967187569746,10.652989767271412,0.28702257970166656,5
arity-l1-n8192-zipf-w1-k2,arity,1,8192,zipf,1,2,10000,False,native,adaptive,batch_ms,5,0.32876335415668134,0.32200669112644853,0.33025860601344836,0.3267407957042235,0.3294004436560168,0.002659647951793298,5
arity-l1-n8192-zipf-w1-k2,arity,1,8192,zipf,1,2,10000,False,native,graph,batch_ms,5,0.04172793493790265,0.040577519879003626,0.04703380317778841,0.040890409883808355,0.04286187326063076,0.0019714633768224063,5
arity-l1-n8192-zipf-w1-k2,arity,1,8192,zipf,1,2,10000,False,native,lazy,batch_ms,5,0.10776036477145312,0.10447304276210523,0.12091167324857169,0.10722508208021382,0.11366325876543568,0.006438176685221855,5
arity-l1-n8192-zipf-w1-k2,arity,1,8192,zipf,1,2,10000,False,native,profile,batch_ms,5,0.33069488591350077,0.3240940054519585,0.33139451763117056,0.32758466816383647,0.33124930059519453,0.0036646324313580614,5
arity-l3-n512-uniform-w1-k2,arity,3,512,uniform,1,2,10000,False,graph,adaptive,batch_ms,5,0.8160137119919177,0.8114918740247263,0.8236520113467755,0.8118446065935244,0.8222754122692947,0.01043080567577026,5
arity-l3-n512-uniform-w1-k2,arity,3,512,uniform,1,2,10000,False,graph,adaptive,selector_ms,5,0.7141860007599787,0.7024042239468828,0.7171500077768195,0.7080685731976317,0.715785664161286,0.0077170909636542495,5
arity-l3-n512-uniform-w1-k2,arity,3,512,uniform,1,2,10000,False,graph,lazy,batch_ms,5,0.8216102751196639,0.8044108006590953,0.8291359803052971,0.8104373421568261,0.8227788941844947,0.012341552027668623,5
arity-l3-n512-uniform-w1-k2,arity,3,512,uniform,1,2,10000,False,graph,lazy,selector_ms,5,0.7118612250268647,0.6942437536161439,0.7240138568954126,0.707638943200599,0.7206552598087737,0.013016316608174705,5
arity-l3-n512-uniform-w1-k2,arity,3,512,uniform,1,2,10000,False,graph,profile,batch_ms,5,0.7751989762214955,0.758220567505802,0.7945582933857067,0.7730752197065263,0.7921733888010905,0.019098169094564188,5
arity-l3-n512-uniform-w1-k2,arity,3,512,uniform,1,2,10000,False,graph,profile,selector_ms,5,0.6538118258394847,0.6366304845375015,0.673099589953019,0.650464580915311,0.6699870051726492,0.01952242425733819,5
arity-l3-n512-uniform-w1-k2,arity,3,512,uniform,1,2,10000,False,native,adaptive,batch_ms,5,0.38824714708640157,0.37968673704839445,0.3905403231340924,0.3863636616890143,0.3904222167806599,0.004058555091645599,5
arity-l3-n512-uniform-w1-k2,arity,3,512,uniform,1,2,10000,False,native,graph,batch_ms,5,0.47401355354219327,0.46788729400982926,0.47859529490107466,0.4698713544440515,0.47822839978635184,0.008357045342300362,5
arity-l3-n512-uniform-w1-k2,arity,3,512,uniform,1,2,10000,False,native,lazy,batch_ms,5,0.38945440613625093,0.3791933349862755,0.3937781075006083,0.3846920899700572,0.3895872460843463,0.00489515611428909,5
arity-l3-n512-uniform-w1-k2,arity,3,512,uniform,1,2,10000,False,native,profile,batch_ms,5,0.3664481320485023,0.3626026086833993,0.37913045662604156,0.3627057513034655,0.37334018149789605,0.010634430194430555,5
arity-l3-n512-zipf-w1-k2,arity,3,512,zipf,1,2,10000,False,graph,adaptive,batch_ms,5,1.9547485260676951,1.8402351483636292,2.056717608955154,1.9086995011200654,2.017122463431746,0.10842296231168058,5
arity-l3-n512-zipf-w1-k2,arity,3,512,zipf,1,2,10000,False,graph,adaptive,selector_ms,5,2.185980558604874,2.0365937136878314,2.304088530935937,2.1267345576886427,2.265556527375348,0.13882196968670524,5
arity-l3-n512-zipf-w1-k2,arity,3,512,zipf,1,2,10000,False,graph,lazy,batch_ms,5,1.950153645427209,1.8212656194288308,2.040326858232516,1.895059392571335,1.9872673549618347,0.09220796239049966,5
arity-l3-n512-zipf-w1-k2,arity,3,512,zipf,1,2,10000,False,graph,lazy,selector_ms,5,2.1744232103083774,2.0141959932473115,2.2928701961596283,2.111483805700014,2.2325731078723865,0.12108930217237246,5
arity-l3-n512-zipf-w1-k2,arity,3,512,zipf,1,2,10000,False,graph,profile,batch_ms,5,1.275007169958046,1.1478454970513075,1.2926959834230267,1.2353114510619336,1.2918007058840042,0.05648925482207057,5
arity-l3-n512-zipf-w1-k2,arity,3,512,zipf,1,2,10000,False,graph,profile,selector_ms,5,1.311426866397103,1.1637335665682205,1.3352390445437203,1.269814601002813,1.3338828697963934,0.0640682687935803,5
arity-l3-n512-zipf-w1-k2,arity,3,512,zipf,1,2,10000,False,native,adaptive,batch_ms,5,0.19757228080235933,0.19683108609294256,0.2018548919203628,0.19693651055172973,0.20069772875294872,0.0037612182012189965,5
arity-l3-n512-zipf-w1-k2,arity,3,512,zipf,1,2,10000,False,native,graph,batch_ms,5,0.10074774730635075,0.09606193866484627,0.10906091481374694,0.09758013688374295,0.10575519708676512,0.008175060203022166,5
arity-l3-n512-zipf-w1-k2,arity,3,512,zipf,1,2,10000,False,native,lazy,batch_ms,5,0.1964735866780592,0.19391782052176965,0.20041237955250693,0.19599775351177048,0.19862889457373376,0.0026311410619632714,5
arity-l3-n512-zipf-w1-k2,arity,3,512,zipf,1,2,10000,False,native,profile,batch_ms,5,0.1260540897066769,0.12247966055774906,0.1306406059705926,0.12518507997325565,0.13023620828183766,0.005051128308582009,5
arity-l3-n8192-uniform-w1-k2,arity,3,8192,uniform,1,2,10000,False,graph,adaptive,batch_ms,5,1.0333580168470906,1.0183760784118783,1.0473224084492576,1.0296529446509277,1.034595901786287,0.004942957135359194,5
arity-l3-n8192-uniform-w1-k2,arity,3,8192,uniform,1,2,10000,False,graph,adaptive,selector_ms,5,1.038803556733513,1.0248728657374295,1.0546248884917517,1.0377067575397205,1.038841312981957,0.0011345554422363957,5
arity-l3-n8192-uniform-w1-k2,arity,3,8192,uniform,1,2,10000,False,graph,lazy,batch_ms,5,1.0161008180623292,1.002515440052153,1.0295387081508776,1.010340851860377,1.0258399143497703,0.015499062489393367,5
arity-l3-n8192-uniform-w1-k2,arity,3,8192,uniform,1,2,10000,False,graph,lazy,selector_ms,5,1.0230140783357484,1.0093505351444487,1.0318112267757802,1.0226446017579258,1.031808974423445,0.009164372665519283,5
arity-l3-n8192-uniform-w1-k2,arity,3,8192,uniform,1,2,10000,False,graph,profile,batch_ms,5,0.823822347562399,0.8117278338597551,0.8244002535602104,0.8213435693288661,0.8240307038243737,0.002687134495507615,5
arity-l3-n8192-uniform-w1-k2,arity,3,8192,uniform,1,2,10000,False,graph,profile,selector_ms,5,0.7978982522920819,0.7885995145725216,0.7991733996710746,0.792936479380214,0.7979097334756661,0.004973254095452018,5
arity-l3-n8192-uniform-w1-k2,arity,3,8192,uniform,1,2,10000,False,native,adaptive,batch_ms,5,0.1740357473269724,0.16944874720147757,0.17793250788245502,0.17277400010378963,0.17496820557446102,0.0021942054706713954,5
arity-l3-n8192-uniform-w1-k2,arity,3,8192,uniform,1,2,10000,False,native,graph,batch_ms,5,0.1690236969952763,0.1649673478863223,0.17218863644697913,0.16639113073603118,0.16911743538938126,0.002726304653350081,5
arity-l3-n8192-uniform-w1-k2,arity,3,8192,uniform,1,2,10000,False,native,lazy,batch_ms,5,0.17086625373574973,0.16907016405919725,0.1733912548487158,0.16984027022996068,0.17262176663962348,0.002781496409662798,5
arity-l3-n8192-uniform-w1-k2,arity,3,8192,uniform,1,2,10000,False,native,profile,batch_ms,5,0.13928071599801523,0.13599912342663956,0.13977030887837125,0.13666428522339785,0.1393227226362124,0.002658437412814546,5
arity-l3-n8192-zipf-w1-k2,arity,3,8192,zipf,1,2,10000,False,graph,adaptive,batch_ms,5,20.94776237297173,20.259878309931967,21.674823015741374,20.360123691105166,21.23801841537886,0.8778947242736947,5
arity-l3-n8192-zipf-w1-k2,arity,3,8192,zipf,1,2,10000,False,graph,adaptive,selector_ms,5,23.181891463482824,22.450560232099235,24.011310808301378,22.631589024103956,23.49112285069102,0.8595338265870645,5
arity-l3-n8192-zipf-w1-k2,arity,3,8192,zipf,1,2,10000,False,graph,lazy,batch_ms,5,21.11665356851426,20.200237538693084,21.44257443766465,20.36628893193497,21.131448346980115,0.7651594150451437,5
arity-l3-n8192-zipf-w1-k2,arity,3,8192,zipf,1,2,10000,False,graph,lazy,selector_ms,5,23.367598865551756,22.502662615510644,23.779496476546804,22.521644122781936,23.378581213433733,0.8569370906517975,5
arity-l3-n8192-zipf-w1-k2,arity,3,8192,zipf,1,2,10000,False,graph,profile,batch_ms,5,5.313186754943284,4.630756683460259,5.563695883607364,5.107112335502139,5.551020846620412,0.44390851111827345,5
arity-l3-n8192-zipf-w1-k2,arity,3,8192,zipf,1,2,10000,False,graph,profile,selector_ms,5,5.42653822562977,4.715878755891065,5.694245854954219,5.221655801285957,5.6767768401306595,0.4551210388447027,5
arity-l3-n8192-zipf-w1-k2,arity,3,8192,zipf,1,2,10000,False,native,adaptive,batch_ms,5,0.11398638800945607,0.11181574148088677,0.11610743504248364,0.11377396356167607,0.11435627594290589,0.0005823123812298131,5
arity-l3-n8192-zipf-w1-k2,arity,3,8192,zipf,1,2,10000,False,native,graph,batch_ms,5,0.005384507806062466,0.0052589305078372854,0.0057026880977745775,0.0053378370200131385,0.00561572788450071,0.0002778908644875712,5
arity-l3-n8192-zipf-w1-k2,arity,3,8192,zipf,1,2,10000,False,native,lazy,batch_ms,5,0.11378244857772023,0.11271725515680797,0.11519565418412428,0.11276500887680654,0.11437153665886539,0.0016065277820588447,5
arity-l3-n8192-zipf-w1-k2,arity,3,8192,zipf,1,2,10000,False,native,profile,batch_ms,5,0.029124268729665774,0.026005069433645802,0.029889515080243092,0.028360924954779737,0.02925909001863149,0.0008981650638517531,5
arity-l4-n512-uniform-w1-k2,arity,4,512,uniform,1,2,10000,False,graph,adaptive,batch_ms,5,0.5679020570363762,0.5657682370803591,0.6294371827073234,0.5664382800994665,0.5756558807831378,0.009217600683671279,5
arity-l4-n512-uniform-w1-k2,arity,4,512,uniform,1,2,10000,False,graph,adaptive,selector_ms,5,0.4277288550391359,0.42432213060193175,0.4906745729571459,0.4267949450542895,0.44258894102768903,0.015793995973399533,5
arity-l4-n512-uniform-w1-k2,arity,4,512,uniform,1,2,10000,False,graph,lazy,batch_ms,5,0.5672865103123599,0.55458309660504,0.6266813191193155,0.5614393943019589,0.5694035636629626,0.007964169361003748,5
arity-l4-n512-uniform-w1-k2,arity,4,512,uniform,1,2,10000,False,graph,lazy,selector_ms,5,0.4293422740109883,0.4147499404743418,0.4878055094013036,0.4198393123563488,0.4379617962347849,0.01812248387843607,5
arity-l4-n512-uniform-w1-k2,arity,4,512,uniform,1,2,10000,False,graph,profile,batch_ms,5,0.5345727614007615,0.5317268038981804,0.5912089424711987,0.5317477653878782,0.5357342815102756,0.003986516122397421,5
arity-l4-n512-uniform-w1-k2,arity,4,512,uniform,1,2,10000,False,graph,profile,selector_ms,5,0.3964277948719553,0.39411224987491034,0.4509416166522414,0.3948447333273412,0.40014133967293297,0.005296606345591759,5
arity-l4-n512-uniform-w1-k2,arity,4,512,uniform,1,2,10000,False,native,adaptive,batch_ms,5,0.2527082075919622,0.24931220355885098,0.28265503041255774,0.25047500982942694,0.2592453771093217,0.008770367279894775,5
arity-l4-n512-uniform-w1-k2,arity,4,512,uniform,1,2,10000,False,native,graph,batch_ms,5,0.4461354687179452,0.4351123964696999,0.45649663334943,0.4406613648822421,0.44905995098161694,0.008398586099374827,5
arity-l4-n512-uniform-w1-k2,arity,4,512,uniform,1,2,10000,False,native,lazy,batch_ms,5,0.2504780273336237,0.24775454914377898,0.28141748244481485,0.2499812479135286,0.25316531651270247,0.0031840685991738615,5
arity-l4-n512-uniform-w1-k2,arity,4,512,uniform,1,2,10000,False,native,profile,batch_ms,5,0.23901006478985842,0.23137004451532742,0.26548825872601006,0.23431145915024448,0.24403066585975577,0.009719206709511291,5
arity-l4-n512-zipf-w1-k2,arity,4,512,zipf,1,2,10000,False,graph,adaptive,batch_ms,5,1.7644701852865978,1.6546685459890103,1.9553518824063438,1.7225744960521618,1.865658810086996,0.14308431403483413,5
arity-l4-n512-zipf-w1-k2,arity,4,512,zipf,1,2,10000,False,graph,adaptive,selector_ms,5,1.8712027054295697,1.7403364335918565,2.0889207427559087,1.8226093046118346,1.980883185128801,0.15827388051696634,5
arity-l4-n512-zipf-w1-k2,arity,4,512,zipf,1,2,10000,False,graph,lazy,batch_ms,5,1.7627408844587755,1.6552914680698874,1.9517864800523772,1.7234325082894983,1.879936090149844,0.15650358186034574,5
arity-l4-n512-zipf-w1-k2,arity,4,512,zipf,1,2,10000,False,graph,lazy,selector_ms,5,1.872831486686608,1.7403597206397423,2.082158066715131,1.831683690805935,1.998678709031125,0.16699501822519003,5
arity-l4-n512-zipf-w1-k2,arity,4,512,zipf,1,2,10000,False,graph,profile,batch_ms,5,0.9052794621101462,0.863864080993668,1.1776282081523521,0.8747036451771265,1.1723876350971927,0.29768398992006617,5
arity-l4-n512-zipf-w1-k2,arity,4,512,zipf,1,2,10000,False,graph,profile,selector_ms,5,0.8990476183524969,0.852035656590252,1.1910755613059971,0.8659175318027171,1.1870711934498084,0.32115366164709125,5
arity-l4-n512-zipf-w1-k2,arity,4,512,zipf,1,2,10000,False,native,adaptive,batch_ms,5,0.12975518706494532,0.12867856896880248,0.1331859581419787,0.12918585977337957,0.13002844164914987,0.0008425818757702985,5
arity-l4-n512-zipf-w1-k2,arity,4,512,zipf,1,2,10000,False,native,graph,batch_ms,5,0.07369262611146343,0.06635899565313162,0.07807355744238434,0.06897218734373096,0.07731796705873535,0.008345779715004387,5
arity-l4-n512-zipf-w1-k2,arity,4,512,zipf,1,2,10000,False,native,lazy,batch_ms,5,0.12966330420405617,0.12923449351624305,0.13325229790388107,0.12951859054563677,0.1299010049298109,0.00038241438417413454,5
arity-l4-n512-zipf-w1-k2,arity,4,512,zipf,1,2,10000,False,native,profile,batch_ms,5,0.0676303076239608,0.06671242092766973,0.08122359339394625,0.06744494194987169,0.07779846598119988,0.010353524031328193,5
arity-l4-n8192-uniform-w1-k2,arity,4,8192,uniform,1,2,10000,False,graph,adaptive,batch_ms,5,0.7054505508074709,0.6487611075547671,0.7199625471959544,0.6993714650209708,0.7062754744794093,0.006904009458438498,5
arity-l4-n8192-uniform-w1-k2,arity,4,8192,uniform,1,2,10000,False,graph,adaptive,selector_ms,5,0.6736240496009717,0.6259000583151115,0.688693740360415,0.6682565441805446,0.6770125170922248,0.008755972911680177,5
arity-l4-n8192-uniform-w1-k2,arity,4,8192,uniform,1,2,10000,False,graph,lazy,batch_ms,5,0.6981615837585677,0.6463234833661122,0.7185796471418122,0.6948069750340184,0.7069287401240886,0.012121765090070125,5
arity-l4-n8192-uniform-w1-k2,arity,4,8192,uniform,1,2,10000,False,graph,lazy,selector_ms,5,0.6696728878997376,0.622021411930882,0.687813536024801,0.666309614966933,0.6775612867120558,0.011251671745122871,5
arity-l4-n8192-uniform-w1-k2,arity,4,8192,uniform,1,2,10000,False,graph,profile,batch_ms,5,0.575786605512894,0.5344220966020786,0.5871835210489067,0.5367721934888261,0.5839179538467889,0.04714576035796281,5
arity-l4-n8192-uniform-w1-k2,arity,4,8192,uniform,1,2,10000,False,graph,profile,selector_ms,5,0.5424062890300616,0.5039518805600824,0.5504357928023733,0.505036180097538,0.5497399521499304,0.0447037720523924,5
arity-l4-n8192-uniform-w1-k2,arity,4,8192,uniform,1,2,10000,False,native,adaptive,batch_ms,5,0.10035719895164646,0.09442101683633361,0.10208098931181409,0.0986275133557585,0.10098730465239247,0.0023597912966339674,5
arity-l4-n8192-uniform-w1-k2,arity,4,8192,uniform,1,2,10000,False,native,graph,batch_ms,5,0.14298571634082227,0.13980783379198974,0.14554050132908555,0.14178652724282667,0.1434962733983395,0.0017097461555128368,5
arity-l4-n8192-uniform-w1-k2,arity,4,8192,uniform,1,2,10000,False,native,lazy,batch_ms,5,0.10112255547339649,0.09036108613830927,0.10188491271561334,0.09982713417536178,0.10144163976598991,0.001614505590628132,5
arity-l4-n8192-uniform-w1-k2,arity,4,8192,uniform,1,2,10000,False,native,profile,batch_ms,5,0.08262323216378008,0.0747163956565101,0.08349192691505031,0.07812209413987667,0.08325471230373971,0.00513261816386304,5
arity-l4-n8192-zipf-w1-k2,arity,4,8192,zipf,1,2,10000,False,graph,adaptive,batch_ms,5,21.204641596328337,21.062909880191057,21.526349801222217,21.120947247496495,21.23598689679399,0.11503964929749344,5
arity-l4-n8192-zipf-w1-k2,arity,4,8192,zipf,1,2,10000,False,graph,adaptive,selector_ms,5,22.728298460915603,22.581257229142388,23.1102359111182,22.64572715764653,22.757368460878983,0.11164130323245303,5
arity-l4-n8192-zipf-w1-k2,arity,4,8192,zipf,1,2,10000,False,graph,lazy,batch_ms,5,21.23614680090213,21.147678491343783,21.421971044597704,21.151231385814825,21.357106000769722,0.20587461495489734,5
arity-l4-n8192-zipf-w1-k2,arity,4,8192,zipf,1,2,10000,False,graph,lazy,selector_ms,5,22.777799856095694,22.694074346862934,22.92337992293389,22.711217159411365,22.915921584938474,0.2047044255271082,5
arity-l4-n8192-zipf-w1-k2,arity,4,8192,zipf,1,2,10000,False,graph,profile,batch_ms,5,2.8981365907871486,2.878062675879022,2.931652469509881,2.893040760911481,2.922490015862966,0.02944925495148487,5
arity-l4-n8192-zipf-w1-k2,arity,4,8192,zipf,1,2,10000,False,graph,profile,selector_ms,5,2.9162726469244444,2.8947599387079435,2.9499118880469894,2.9101193877857394,2.9393279099265053,0.029208522140765858,5
arity-l4-n8192-zipf-w1-k2,arity,4,8192,zipf,1,2,10000,False,native,adaptive,batch_ms,5,0.07657331249056475,0.07459863619928243,0.07897686949075519,0.07644091884383986,0.0770580495009577,0.0006171306571178398,5
arity-l4-n8192-zipf-w1-k2,arity,4,8192,zipf,1,2,10000,False,native,graph,batch_ms,5,0.003604914447461158,0.003541706090165628,0.0037190110294651945,0.0035571898253840086,0.003648418255014179,9.122842963017047e-05,5
arity-l4-n8192-zipf-w1-k2,arity,4,8192,zipf,1,2,10000,False,native,lazy,batch_ms,5,0.07655449241097814,0.07491144501364275,0.0796685465877429,0.07597128016558581,0.07715557625898938,0.001184296093403564,5
arity-l4-n8192-zipf-w1-k2,arity,4,8192,zipf,1,2,10000,False,native,profile,batch_ms,5,0.010375169720975005,0.010291095159135531,0.010902847868666124,0.010350600687630109,0.010573614443352392,0.0002230137557222827,5
constant-l1-n2048-uniform-w1-k2,constant,1,2048,uniform,1,2,10000,True,graph,adaptive,selector_ms,5,0.8680383322069501,0.8627866785555179,0.8928547545694216,0.8668110139286989,0.8749619246615972,0.008150910732898309,5
constant-l1-n2048-uniform-w1-k2,constant,1,2048,uniform,1,2,10000,True,graph,lazy,selector_ms,5,1.0303831583428478,1.0119919913215953,1.041695661391006,1.0289763978918858,1.0378182653720145,0.008841867480128718,5
constant-l1-n2048-uniform-w1-k2,constant,1,2048,uniform,1,2,10000,True,graph,profile,selector_ms,5,0.875916026268733,0.8631133173884483,0.8845070064393263,0.8735433952021491,0.881942452735123,0.008399057532973875,5
constant-l2-n2048-uniform-w1-k2,constant,2,2048,uniform,1,2,10000,True,graph,adaptive,selector_ms,5,0.8703888529332379,0.8584927372776572,0.8782669800230217,0.8658520290467894,0.8713203125158117,0.005468283469022284,5
constant-l2-n2048-uniform-w1-k2,constant,2,2048,uniform,1,2,10000,True,graph,lazy,selector_ms,5,0.8688037998461576,0.8554146138715562,0.8780801373518647,0.8661669107779404,0.8715847030691521,0.005417792291211754,5
constant-l2-n2048-uniform-w1-k2,constant,2,2048,uniform,1,2,10000,True,graph,profile,selector_ms,5,0.7425333011383038,0.718352122219329,0.7502752812289322,0.7250234618269203,0.7479693724230772,0.022945910596156804,5
constant-l3-n2048-uniform-w1-k2,constant,3,2048,uniform,1,2,10000,True,graph,adaptive,selector_ms,5,0.5686137987071848,0.5650988366912972,0.5738572485532287,0.5658726009405113,0.5724197962717785,0.0065471953312672415,5
constant-l3-n2048-uniform-w1-k2,constant,3,2048,uniform,1,2,10000,True,graph,lazy,selector_ms,5,0.568979608596104,0.5612092691310155,0.5722195838719739,0.5640905854264692,0.5716346958625833,0.0075441104361141376,5
constant-l3-n2048-uniform-w1-k2,constant,3,2048,uniform,1,2,10000,True,graph,profile,selector_ms,5,0.49166661276609813,0.47924331438906886,0.49487246828046116,0.48448247393150073,0.49297366119727937,0.008491187265778632,5
constant-l4-n2048-uniform-w1-k2,constant,4,2048,uniform,1,2,10000,True,graph,adaptive,selector_ms,5,0.34453039488282955,0.33471050633243254,0.3459808105103785,0.343004210112402,0.34501653374242397,0.0020123236300219616,5
constant-l4-n2048-uniform-w1-k2,constant,4,2048,uniform,1,2,10000,True,graph,lazy,selector_ms,5,0.34369328986304354,0.33846627904162374,0.3479782733769773,0.3388859366299842,0.34572537615967175,0.006839439529687574,5
constant-l4-n2048-uniform-w1-k2,constant,4,2048,uniform,1,2,10000,True,graph,profile,selector_ms,5,0.30725931773992343,0.3040468458003184,0.31192270307498365,0.30655405084559784,0.3078052808973222,0.001251230051724339,5
constant-l6-n2048-uniform-w1-k2,constant,6,2048,uniform,1,2,10000,True,graph,adaptive,selector_ms,5,0.11731078976800856,0.11681675043575629,0.1177587394174482,0.11692067783106487,0.11734876249746293,0.000428084666398057,5
constant-l6-n2048-uniform-w1-k2,constant,6,2048,uniform,1,2,10000,True,graph,lazy,selector_ms,5,0.1167079844720322,0.11460621262567731,0.11714447682022364,0.11628940842247619,0.11697835338247704,0.0006889449600008535,5
constant-l6-n2048-uniform-w1-k2,constant,6,2048,uniform,1,2,10000,True,graph,profile,selector_ms,5,0.1109230211367864,0.11031385729618583,0.11231443631376527,0.11037492516397852,0.11193171508276138,0.0015567899187828582,5
constant-l8-n2048-uniform-w1-k2,constant,8,2048,uniform,1,2,10000,True,graph,adaptive,selector_ms,5,0.0307394629261334,0.030010787902284265,0.030758000987777454,0.030487518358589916,0.030741519246992224,0.00025400088840230733,5
constant-l8-n2048-uniform-w1-k2,constant,8,2048,uniform,1,2,10000,True,graph,lazy,selector_ms,5,0.030563737680152785,0.030365707863251348,0.0309093709604245,0.030562496725427924,0.03068141472916842,0.0001189180037404966,5
constant-l8-n2048-uniform-w1-k2,constant,8,2048,uniform,1,2,10000,True,graph,profile,selector_ms,5,0.030225008768854315,0.030024480973533236,0.03034245269178983,0.030139383496552333,0.03028045816923336,0.00014107467268102691,5
main-l2-n128-uniform-w1-k2,main,2,128,uniform,1,2,10000,False,graph,adaptive,batch_ms,5,0.9831744450768355,0.9658194621670999,0.9981100827414994,0.9675294072691841,0.9956750525027727,0.028145645233588534,5
main-l2-n128-uniform-w1-k2,main,2,128,uniform,1,2,10000,False,graph,adaptive,selector_ms,5,0.9846372312211555,0.9294217415977505,0.9928119415819103,0.9382404093360891,0.991809628486867,0.05356921915077795,5
main-l2-n128-uniform-w1-k2,main,2,128,uniform,1,2,10000,False,graph,lazy,batch_ms,5,1.0017704157424554,0.9832851142049023,1.0250147857411689,0.9928177483166086,1.0065952184666116,0.013777470150002968,5
main-l2-n128-uniform-w1-k2,main,2,128,uniform,1,2,10000,False,graph,lazy,selector_ms,5,0.9864699796415579,0.9630235686751352,1.0188127431509646,0.9834939440713083,1.0020485886736419,0.01855464460233358,5
main-l2-n128-uniform-w1-k2,main,2,128,uniform,1,2,10000,False,graph,profile,batch_ms,5,0.9440580867401418,0.927186227718394,0.9620319447044972,0.9349903220942435,0.959310936160262,0.024320614066018487,5
main-l2-n128-uniform-w1-k2,main,2,128,uniform,1,2,10000,False,graph,profile,selector_ms,5,0.8844419904252802,0.8696325109802822,0.9041528440941661,0.8730017192645046,0.9027371404487176,0.029735421184212907,5
main-l2-n128-uniform-w1-k2,main,2,128,uniform,1,2,10000,False,native,adaptive,batch_ms,5,0.5230150825270347,0.5008564924023898,0.5412724042730346,0.5099987899553557,0.5270926553337482,0.017093865378392414,5
main-l2-n128-uniform-w1-k2,main,2,128,uniform,1,2,10000,False,native,graph,batch_ms,5,0.5280907030675293,0.5185819006779705,0.543623547574551,0.5271145105499258,0.5319657006403994,0.004851190090473634,5
main-l2-n128-uniform-w1-k2,main,2,128,uniform,1,2,10000,False,native,lazy,batch_ms,5,0.5315541158126781,0.5183038517051448,0.5445859872611465,0.5242978227264391,0.535474130652867,0.011176307926427875,5
main-l2-n128-uniform-w1-k2,main,2,128,uniform,1,2,10000,False,native,profile,batch_ms,5,0.4932312712523444,0.4895714369721111,0.5215040143425053,0.4928469659996246,0.5080401260524202,0.01519316005279564,5
main-l2-n128-zipf-w1-k2,main,2,128,zipf,1,2,10000,False,graph,adaptive,batch_ms,5,1.0733303664600087,1.0356304947533967,1.1502997297249464,1.0713574823473933,1.1013796892800614,0.030022206932668105,5
main-l2-n128-zipf-w1-k2,main,2,128,zipf,1,2,10000,False,graph,adaptive,selector_ms,5,1.096794236030981,1.0370085048687292,1.2189249945908678,1.0902119916820703,1.1488144735363524,0.058602481854282074,5
main-l2-n128-zipf-w1-k2,main,2,128,zipf,1,2,10000,False,graph,lazy,batch_ms,5,1.0829499033575822,1.0093347572083673,1.141385608059968,1.0679990697260144,1.099287818450307,0.03128874872429255,5
main-l2-n128-zipf-w1-k2,main,2,128,zipf,1,2,10000,False,graph,lazy,selector_ms,5,1.109879252710175,1.0115042718344467,1.1959865715303488,1.0988083325752753,1.1610965148062058,0.06228818223093047,5
main-l2-n128-zipf-w1-k2,main,2,128,zipf,1,2,10000,False,graph,profile,batch_ms,5,0.9121725571074599,0.8717439001365049,0.9610668334033937,0.90178030508772,0.937179673280704,0.03539936819298395,5
main-l2-n128-zipf-w1-k2,main,2,128,zipf,1,2,10000,False,graph,profile,selector_ms,5,0.8843532118821473,0.8131616543283708,0.9662017604037069,0.8538299069489959,0.887299099616619,0.03346919266762316,5
main-l2-n128-zipf-w1-k2,main,2,128,zipf,1,2,10000,False,native,adaptive,batch_ms,5,0.338962719702085,0.32396346103766405,0.3485936009487715,0.33051388009878013,0.34372511064735,0.013211230548569874,5
main-l2-n128-zipf-w1-k2,main,2,128,zipf,1,2,10000,False,native,graph,batch_ms,5,0.312085935479737,0.28163395388706947,0.33660036346436306,0.30850009034762993,0.3158046490569635,0.007304558709333553,5
main-l2-n128-zipf-w1-k2,main,2,128,zipf,1,2,10000,False,native,lazy,batch_ms,5,0.3397424461335511,0.3214529417077258,0.34307226718254336,0.32947780950166017,0.3420006141761137,0.012522804674453547,5
main-l2-n128-zipf-w1-k2,main,2,128,zipf,1,2,10000,False,native,profile,batch_ms,5,0.28467622580382546,0.27066905224112325,0.2959656978237324,0.2781993055932749,0.293429313633789,0.01523000804051411,5
main-l2-n2048-uniform-w1-k2,main,2,2048,uniform,1,2,10000,False,graph,adaptive,batch_ms,5,0.9320913945791917,0.9135532396747285,0.9471910144681562,0.9234095172848239,0.9361880973216928,0.012778580036868936,5
main-l2-n2048-uniform-w1-k2,main,2,2048,uniform,1,2,10000,False,graph,adaptive,selector_ms,5,0.8735772888685772,0.8465446110267651,0.9003419964987754,0.870639141390106,0.8897248427201981,0.01908570133009213,5
main-l2-n2048-uniform-w1-k2,main,2,2048,uniform,1,2,10000,False,graph,lazy,batch_ms,5,0.9298906582215328,0.9030850742011598,0.9412536114729557,0.9064155905292849,0.9399711451596229,0.03355555463033799,5
main-l2-n2048-uniform-w1-k2,main,2,2048,uniform,1,2,10000,False,graph,lazy,selector_ms,5,0.8760914836125022,0.8440289213503261,0.8961818343266537,0.8447013638137024,0.8825468952459431,0.037845531432240676,5
main-l2-n2048-uniform-w1-k2,main,2,2048,uniform,1,2,10000,False,graph,profile,batch_ms,5,0.8462062597664706,0.836211030560914,0.8524587935737005,0.8395535278211252,0.8494754233615774,0.009921895540452197,5
main-l2-n2048-uniform-w1-k2,main,2,2048,uniform,1,2,10000,False,graph,profile,selector_ms,5,0.7583171954730541,0.7556786366668371,0.768245110092937,0.7579785465692672,0.7584836873102028,0.0005051407409355502,5
main-l2-n2048-uniform-w1-k2,main,2,2048,uniform,1,2,10000,False,native,adaptive,batch_ms,5,0.4159602862935229,0.4070324006207946,0.4215311662744524,0.4124746441861795,0.42073348330315247,0.00825883911697295,5
main-l2-n2048-uniform-w1-k2,main,2,2048,uniform,1,2,10000,False,native,graph,batch_ms,5,0.44554863684323304,0.44058949837774436,0.4564942838296867,0.4441907459810443,0.4462655579835228,0.002074812002478499,5
main-l2-n2048-uniform-w1-k2,main,2,2048,uniform,1,2,10000,False,native,lazy,batch_ms,5,0.41225317418473795,0.40385223077377697,0.41947674758307,0.4097000586519757,0.41809614383752425,0.008396085185548574,5
main-l2-n2048-uniform-w1-k2,main,2,2048,uniform,1,2,10000,False,native,profile,batch_ms,5,0.3784826169105791,0.36989846768397516,0.3817255555263887,0.37763270868383386,0.3786543074356031,0.0010215987517692149,5
main-l2-n2048-zipf-w1-k2,main,2,2048,zipf,1,2,10000,False,graph,adaptive,batch_ms,5,3.889764655815496,3.7802738710234003,4.121439909846144,3.8896628003674043,3.9925063244573,0.1028435240898955,5
main-l2-n2048-zipf-w1-k2,main,2,2048,zipf,1,2,10000,False,graph,adaptive,selector_ms,5,4.472191206571838,4.350647240516039,4.768002537153875,4.441375233891566,4.628170177841758,0.1867949439501917,5
main-l2-n2048-zipf-w1-k2,main,2,2048,zipf,1,2,10000,False,graph,lazy,batch_ms,5,3.9533649131185014,3.7750119053501017,4.124769427288778,3.9050572148244096,3.9953753793966342,0.09031816457222464,5
main-l2-n2048-zipf-w1-k2,main,2,2048,zipf,1,2,10000,False,graph,lazy,selector_ms,5,4.520987190926641,4.342877034365825,4.772443146196227,4.48291141661561,4.62969261693042,0.1467812003148099,5
main-l2-n2048-zipf-w1-k2,main,2,2048,zipf,1,2,10000,False,graph,profile,batch_ms,5,3.4516730045959387,3.291835028710352,3.6970484524176954,3.428335339771777,3.662166110704373,0.23383077093259574,5
main-l2-n2048-zipf-w1-k2,main,2,2048,zipf,1,2,10000,False,graph,profile,selector_ms,5,3.8871547303177905,3.6978618445148617,4.2308270717019605,3.8650610180883995,4.131576373499235,0.2665153554108355,5
main-l2-n2048-zipf-w1-k2,main,2,2048,zipf,1,2,10000,False,native,adaptive,batch_ms,5,0.18055772384649002,0.17417132955387446,0.1845575582277223,0.1756239823909062,0.1833255213132502,0.007701538922343987,5
main-l2-n2048-zipf-w1-k2,main,2,2048,zipf,1,2,10000,False,native,graph,batch_ms,5,0.04515146721055546,0.04448093999266724,0.047763133044540294,0.04477682969674656,0.04622599019998024,0.0014491605032336818,5
main-l2-n2048-zipf-w1-k2,main,2,2048,zipf,1,2,10000,False,native,lazy,batch_ms,5,0.18030639587996045,0.17631906279048737,0.18469018313323116,0.1770191474438004,0.18347362137882056,0.006454473935020161,5
main-l2-n2048-zipf-w1-k2,main,2,2048,zipf,1,2,10000,False,native,profile,batch_ms,5,0.15847819581853612,0.15584810048857298,0.1655421089345276,0.15722835443697067,0.16289659101342077,0.005668236576450103,5
main-l2-n32768-uniform-w1-k2,main,2,32768,uniform,1,2,10000,False,graph,adaptive,batch_ms,5,3.3926903072013386,3.3671042917467373,3.412621700794653,3.389028306063202,3.3993043099091786,0.0102760038459766,5
main-l2-n32768-uniform-w1-k2,main,2,32768,uniform,1,2,10000,False,graph,adaptive,selector_ms,5,3.959596439824869,3.9377761602036494,3.986927570683013,3.9548063101585424,3.981015767444915,0.026209457286372473,5
main-l2-n32768-uniform-w1-k2,main,2,32768,uniform,1,2,10000,False,graph,lazy,batch_ms,5,3.418727302061053,3.34539840283596,3.4648455927767756,3.3722795379467403,3.4227110637837757,0.05043152583703536,5
main-l2-n32768-uniform-w1-k2,main,2,32768,uniform,1,2,10000,False,graph,lazy,selector_ms,5,3.9856943603073876,3.912365218657653,4.036175909392498,3.9552472501314075,3.9952395356257444,0.039992285494336866,5
main-l2-n32768-uniform-w1-k2,main,2,32768,uniform,1,2,10000,False,graph,profile,batch_ms,5,1.9455485182071015,1.9048554191475244,1.9586872916912066,1.9116442762417094,1.9512842953783816,0.039640019136672144,5
main-l2-n32768-uniform-w1-k2,main,2,32768,uniform,1,2,10000,False,graph,profile,selector_ms,5,2.0640955175371194,2.014773791153459,2.0785826398901612,2.0202371545024933,2.069796142089412,0.04955898758691868,5
main-l2-n32768-uniform-w1-k2,main,2,32768,uniform,1,2,10000,False,native,adaptive,batch_ms,5,0.2072995109227953,0.20635815731472665,0.21489896205073744,0.2070215911393223,0.2076166408545284,0.000595049715206103,5
main-l2-n32768-uniform-w1-k2,main,2,32768,uniform,1,2,10000,False,native,graph,batch_ms,5,0.06101989052755491,0.060837871600647506,0.06321851251277913,0.060890066024393445,0.06156610932156648,0.0006760432971730373,5
main-l2-n32768-uniform-w1-k2,main,2,32768,uniform,1,2,10000,False,native,lazy,batch_ms,5,0.21072300352904705,0.2041358443121073,0.21319049616627503,0.2079880926404184,0.21097467690850652,0.0029865842680881216,5
main-l2-n32768-uniform-w1-k2,main,2,32768,uniform,1,2,10000,False,native,profile,batch_ms,5,0.11916236595772964,0.11623406914720166,0.12085130759756912,0.1188138295779517,0.11977985276235008,0.0009660231843983819,5
main-l2-n32768-zipf-w1-k2,main,2,32768,zipf,1,2,10000,False,graph,adaptive,batch_ms,5,27.018493361116718,26.585006533470125,28.340762548337015,26.998949085950766,28.17347242245625,1.1745233365054837,5
main-l2-n32768-zipf-w1-k2,main,2,32768,zipf,1,2,10000,False,graph,adaptive,selector_ms,5,28.45412102893857,27.99262633354088,29.893297788128745,28.450673652572217,29.64346652087786,1.1927928683056415,5
main-l2-n32768-zipf-w1-k2,main,2,32768,zipf,1,2,10000,False,graph,lazy,batch_ms,5,27.089594096395064,26.600220472544997,28.302853313490132,27.04996690113181,28.092886514618655,1.0429196134868448,5
main-l2-n32768-zipf-w1-k2,main,2,32768,zipf,1,2,10000,False,graph,lazy,selector_ms,5,28.547345049573693,28.03150511393145,29.883860200628693,28.495845080348698,29.595112311555262,1.0992672312065643,5
main-l2-n32768-zipf-w1-k2,main,2,32768,zipf,1,2,10000,False,graph,profile,batch_ms,5,23.411060574075556,22.31872552061348,24.935090941363804,23.323212676624625,23.84912971813781,0.5259170415131855,5
main-l2-n32768-zipf-w1-k2,main,2,32768,zipf,1,2,10000,False,graph,profile,selector_ms,5,24.475246475937336,23.327526073770876,26.15740372179552,24.384138488930148,24.972114202322437,0.5879757133922894,5
main-l2-n32768-zipf-w1-k2,main,2,32768,zipf,1,2,10000,False,native,adaptive,batch_ms,5,0.05753375294058452,0.05703998916105334,0.05964243702393709,0.057416589077969704,0.05835383421380295,0.0009372451358332437,5
main-l2-n32768-zipf-w1-k2,main,2,32768,zipf,1,2,10000,False,native,graph,batch_ms,5,0.0021126744222327823,0.002037966361299668,0.002194990403343943,0.0021044753796660566,0.002129421214262946,2.4945834596889604e-05,5
main-l2-n32768-zipf-w1-k2,main,2,32768,zipf,1,2,10000,False,native,lazy,batch_ms,5,0.0576007733643806,0.057231492556122025,0.05956265797253985,0.057252357708601896,0.058387228664069354,0.0011348709554674583,5
main-l2-n32768-zipf-w1-k2,main,2,32768,zipf,1,2,10000,False,native,profile,batch_ms,5,0.049852009034831356,0.04898938833261414,0.050816876554447506,0.04908312685267179,0.050385446348021466,0.0013023194953496742,5
main-l2-n512-uniform-w1-k2,main,2,512,uniform,1,2,10000,False,graph,adaptive,batch_ms,5,0.9738756711888807,0.95866788371038,0.9836040310105779,0.9692492389984109,0.9761139925175145,0.00686475351910365,5
main-l2-n512-uniform-w1-k2,main,2,512,uniform,1,2,10000,False,graph,adaptive,selector_ms,5,0.932516449248151,0.9026382246211178,0.974467637418095,0.9093903941337683,0.9529491473123023,0.04355875317853397,5
main-l2-n512-uniform-w1-k2,main,2,512,uniform,1,2,10000,False,graph,lazy,batch_ms,5,0.9790288831201306,0.9598146084839018,0.9928417610302946,0.9738599829073742,0.9856546488303201,0.011794665922945868,5
main-l2-n512-uniform-w1-k2,main,2,512,uniform,1,2,10000,False,graph,lazy,selector_ms,5,0.94823889075232,0.9193656634940207,0.9754136664604367,0.9303019148201476,0.9553508226589766,0.02504890783882907,5
main-l2-n512-uniform-w1-k2,main,2,512,uniform,1,2,10000,False,graph,profile,batch_ms,5,0.9126543572023125,0.9107260515421984,0.9389166449829048,0.9120696631683831,0.9338753585421453,0.0218056953737622,5
main-l2-n512-uniform-w1-k2,main,2,512,uniform,1,2,10000,False,graph,profile,selector_ms,5,0.8632287506437357,0.8170988517981248,0.8819711838886872,0.8323927896496583,0.8723956174285485,0.04000282777889019,5
main-l2-n512-uniform-w1-k2,main,2,512,uniform,1,2,10000,False,native,adaptive,batch_ms,5,0.5181711149573758,0.48593775742777967,0.5246852959557182,0.49866027265150015,0.5231487565677523,0.024488483916252135,5
main-l2-n512-uniform-w1-k2,main,2,512,uniform,1,2,10000,False,native,graph,batch_ms,5,0.5268086533002458,0.5068885332290789,0.5375246128810143,0.5144809534922087,0.5371822831646534,0.02270132967244476,5
main-l2-n512-uniform-w1-k2,main,2,512,uniform,1,2,10000,False,native,lazy,batch_ms,5,0.5192513981694277,0.4938063349485488,0.52625212139848,0.5032601039772217,0.5231403291008736,0.01988022512365195,5
main-l2-n512-uniform-w1-k2,main,2,512,uniform,1,2,10000,False,native,profile,batch_ms,5,0.489225899704968,0.4692424699581874,0.4946294133046291,0.4733707107102082,0.49057418004934394,0.017203469339135746,5
main-l2-n512-zipf-w1-k2,main,2,512,zipf,1,2,10000,False,graph,adaptive,batch_ms,5,1.6904859142802624,1.59096591208739,1.8005218694707508,1.631973733079049,1.7027554153397695,0.07078168226072057,5
main-l2-n512-zipf-w1-k2,main,2,512,zipf,1,2,10000,False,graph,adaptive,selector_ms,5,1.9343389255359635,1.8063917931595435,2.099232715593667,1.8571483727391431,1.9417012220472345,0.08455284930809137,5
main-l2-n512-zipf-w1-k2,main,2,512,zipf,1,2,10000,False,graph,lazy,batch_ms,5,1.6651917978881545,1.610069230209802,1.768491181704499,1.65861238299077,1.7158149773397597,0.05720259434898978,5
main-l2-n512-zipf-w1-k2,main,2,512,zipf,1,2,10000,False,graph,lazy,selector_ms,5,1.927443845434321,1.8259022845651032,2.06474986462605,1.9102582635438246,1.972344348653365,0.06208608510954039,5
main-l2-n512-zipf-w1-k2,main,2,512,zipf,1,2,10000,False,graph,profile,batch_ms,5,1.465128386083879,1.3200086743155155,1.4729831010061338,1.4266370974948033,1.4659030476961747,0.03926595020137147,5
main-l2-n512-zipf-w1-k2,main,2,512,zipf,1,2,10000,False,graph,profile,selector_ms,5,1.588365429776436,1.4151109889150413,1.609818540365687,1.5489064774600845,1.6049597001837814,0.05605322272369695,5
main-l2-n512-zipf-w1-k2,main,2,512,zipf,1,2,10000,False,native,adaptive,batch_ms,5,0.26928934533686594,0.26624251786938996,0.27571580495478515,0.2689097131160648,0.2720681259848543,0.003158412868789484,5
main-l2-n512-zipf-w1-k2,main,2,512,zipf,1,2,10000,False,native,graph,batch_ms,5,0.1630985520942204,0.14956182976884444,0.17100814286328336,0.15792621224018033,0.163141423463397,0.005215211223216665,5
main-l2-n512-zipf-w1-k2,main,2,512,zipf,1,2,10000,False,native,lazy,batch_ms,5,0.2709721602762391,0.2644987770657908,0.2753349489394945,0.2705883851351312,0.2715903711947297,0.0010019860595984476,5
main-l2-n512-zipf-w1-k2,main,2,512,zipf,1,2,10000,False,native,profile,batch_ms,5,0.23262264183569367,0.21924314207716553,0.23902313046235354,0.22573223195812095,0.23268244496530352,0.006950213007182571,5
main-l2-n8192-uniform-w1-k2,main,2,8192,uniform,1,2,10000,False,graph,adaptive,batch_ms,5,1.399518445336911,1.3146956691410698,1.4202232713183636,1.3828525612109046,1.405166073965123,0.022313512754218445,5
main-l2-n8192-uniform-w1-k2,main,2,8192,uniform,1,2,10000,False,graph,adaptive,selector_ms,5,1.5472648544628056,1.4710057179642024,1.565449648834616,1.5227971347278708,1.5485713687595526,0.025774234031681775,5
main-l2-n8192-uniform-w1-k2,main,2,8192,uniform,1,2,10000,False,graph,lazy,batch_ms,5,1.3873528143393095,1.3713412442469899,1.425456344629432,1.37774582026909,1.4093187569580887,0.03157293668899874,5
main-l2-n8192-uniform-w1-k2,main,2,8192,uniform,1,2,10000,False,graph,lazy,selector_ms,5,1.5340419303029615,1.4921171952158252,1.5636172148706449,1.5325821002385744,1.5570862474095712,0.024504147170996804,5
main-l2-n8192-uniform-w1-k2,main,2,8192,uniform,1,2,10000,False,graph,profile,batch_ms,5,1.129854675952057,1.1209371543451871,1.1340816544506158,1.1213218745161857,1.1323420362893444,0.011020161773158677,5
main-l2-n8192-uniform-w1-k2,main,2,8192,uniform,1,2,10000,False,graph,profile,selector_ms,5,1.1591543572170873,1.14904219524113,1.175729058541229,1.1569205462969077,1.1654024165309274,0.008481870234019695,5
main-l2-n8192-uniform-w1-k2,main,2,8192,uniform,1,2,10000,False,native,adaptive,batch_ms,5,0.2890313333405127,0.2755756988433438,0.29073519894047,0.2817637862001789,0.2902445192494804,0.008480733049301525,5
main-l2-n8192-uniform-w1-k2,main,2,8192,uniform,1,2,10000,False,native,graph,batch_ms,5,0.2056919382667124,0.20375547914771944,0.20961177960172764,0.2043654157138634,0.20773945488834222,0.0033740391744788156,5
main-l2-n8192-uniform-w1-k2,main,2,8192,uniform,1,2,10000,False,native,lazy,batch_ms,5,0.2871564185958637,0.2820738385542484,0.29131397845215806,0.28621216567739266,0.2908054923491279,0.004593326671735232,5
main-l2-n8192-uniform-w1-k2,main,2,8192,uniform,1,2,10000,False,native,profile,batch_ms,5,0.23240199825628682,0.22908078753686925,0.2355935046944402,0.23072089416323968,0.23504227362368285,0.00432137946044317,5
main-l2-n8192-zipf-w1-k2,main,2,8192,zipf,1,2,10000,False,graph,adaptive,batch_ms,5,10.372111264143797,10.066521712470564,10.729285191804928,10.292362908784119,10.570615776126811,0.27825286734269206,5
main-l2-n8192-zipf-w1-k2,main,2,8192,zipf,1,2,10000,False,graph,adaptive,selector_ms,5,11.357851658747395,11.003542836237214,11.7735101601111,11.299962403314442,11.593312883731949,0.2933504804175069,5
main-l2-n8192-zipf-w1-k2,main,2,8192,zipf,1,2,10000,False,graph,lazy,batch_ms,5,10.341161521310699,10.130132230423861,10.753499931249488,10.336397334690984,10.609495005370116,0.2730976706791317,5
main-l2-n8192-zipf-w1-k2,main,2,8192,zipf,1,2,10000,False,graph,lazy,selector_ms,5,11.380190555657297,11.072294788996848,11.800184509517472,11.32783213670131,11.635450657388809,0.3076185206874982,5
main-l2-n8192-zipf-w1-k2,main,2,8192,zipf,1,2,10000,False,graph,profile,batch_ms,5,9.795919807641633,9.409547059502495,9.964402185898878,9.525997135076604,9.807034623954415,0.28103748887781066,5
main-l2-n8192-zipf-w1-k2,main,2,8192,zipf,1,2,10000,False,graph,profile,selector_ms,5,10.663941874628827,10.209402384788891,10.806900457617031,10.366925579227422,10.688354072524419,0.3214284932969971,5
main-l2-n8192-zipf-w1-k2,main,2,8192,zipf,1,2,10000,False,native,adaptive,batch_ms,5,0.105403517527611,0.104125007425523,0.10798698593595406,0.10470080152062029,0.1069889358171262,0.0022881342965059004,5
main-l2-n8192-zipf-w1-k2,main,2,8192,zipf,1,2,10000,False,native,graph,batch_ms,5,0.010315058631021924,0.009758413505551254,0.010491952809377864,0.009850420224400165,0.010470698870796203,0.0006202786463960375,5
main-l2-n8192-zipf-w1-k2,main,2,8192,zipf,1,2,10000,False,native,lazy,batch_ms,5,0.10606956410611533,0.10450798417157034,0.10844899305455694,0.10493709896104948,0.10666968740518773,0.0017325884441382472,5
main-l2-n8192-zipf-w1-k2,main,2,8192,zipf,1,2,10000,False,native,profile,batch_ms,5,0.09826121896726205,0.09660341220119326,0.10257012646828341,0.09723675686562006,0.09872452370592041,0.0014877668403003586,5
scale-l2-n8192-zipf-w2-k2,scale,2,8192,zipf,2,2,10000,False,graph,adaptive,batch_ms,5,10.745361514461576,10.528787398000205,10.964846021717747,10.661114911493485,10.905166871015343,0.2440519595218582,5
scale-l2-n8192-zipf-w2-k2,scale,2,8192,zipf,2,2,10000,False,graph,adaptive,selector_ms,5,11.42754831606397,11.179863826866548,11.673757635602016,11.34550536779494,11.61719729628959,0.27169192849464885,5
scale-l2-n8192-zipf-w2-k2,scale,2,8192,zipf,2,2,10000,False,graph,lazy,batch_ms,5,10.764615183297924,10.508157003078809,11.053140775615594,10.666692297474333,10.886657021501955,0.2199647240276228,5
scale-l2-n8192-zipf-w2-k2,scale,2,8192,zipf,2,2,10000,False,graph,lazy,selector_ms,5,11.456300430873263,11.172677075083357,11.758099532232238,11.3516695840042,11.586383281742915,0.2347136977387141,5
scale-l2-n8192-zipf-w2-k2,scale,2,8192,zipf,2,2,10000,False,graph,profile,batch_ms,5,10.043561341008738,9.790092894848227,10.215463866422123,9.884673892124642,10.124011970692331,0.2393380785676893,5
scale-l2-n8192-zipf-w2-k2,scale,2,8192,zipf,2,2,10000,False,graph,profile,selector_ms,5,10.62668761072414,10.343379248143574,10.831367000351728,10.44696901649653,10.71881087233236,0.27184185583583087,5
scale-l2-n8192-zipf-w2-k2,scale,2,8192,zipf,2,2,10000,False,native,adaptive,batch_ms,5,0.07265964656591689,0.06854060625876487,0.07359147840303808,0.07225585809779664,0.0727816054111585,0.0005257473133618573,5
scale-l2-n8192-zipf-w2-k2,scale,2,8192,zipf,2,2,10000,False,native,graph,batch_ms,5,0.006662864257404233,0.0065098290684246505,0.006848674035210025,0.006637722524055706,0.0067775142372679415,0.00013979171321223515,5
scale-l2-n8192-zipf-w2-k2,scale,2,8192,zipf,2,2,10000,False,native,lazy,batch_ms,5,0.0725363179511842,0.06840630591421248,0.0737233405048801,0.07229365891068858,0.07336768148786219,0.0010740225771736084,5
scale-l2-n8192-zipf-w2-k2,scale,2,8192,zipf,2,2,10000,False,native,profile,batch_ms,5,0.06691888587605405,0.06590558741589207,0.06780741459982732,0.06635249397900958,0.06769690943151245,0.00134441545250287,5
scale-l2-n8192-zipf-w4-k2,scale,2,8192,zipf,4,2,10000,False,graph,adaptive,batch_ms,5,10.924649566654482,10.578889080799467,11.355845157588481,10.841611929829515,11.060686394039235,0.21907446420972043,5
scale-l2-n8192-zipf-w4-k2,scale,2,8192,zipf,4,2,10000,False,graph,adaptive,selector_ms,5,11.37759238161011,11.037032414177727,11.828198034315959,11.296819498932116,11.554665316689045,0.2578458177569285,5
scale-l2-n8192-zipf-w4-k2,scale,2,8192,zipf,4,2,10000,False,graph,lazy,batch_ms,5,10.964815228963564,10.478592654375351,11.418866563234184,10.818835791584657,11.064433591114204,0.24559779952954663,5
scale-l2-n8192-zipf-w4-k2,scale,2,8192,zipf,4,2,10000,False,graph,lazy,selector_ms,5,11.428936607478926,10.917476473307445,11.906268037318787,11.284814116105897,11.534423924494462,0.2496098083885645,5
scale-l2-n8192-zipf-w4-k2,scale,2,8192,zipf,4,2,10000,False,graph,profile,batch_ms,5,10.17296246587114,9.874136934899049,10.443140120362544,9.940161493392358,10.221986322655415,0.28182482926305674,5
scale-l2-n8192-zipf-w4-k2,scale,2,8192,zipf,4,2,10000,False,graph,profile,selector_ms,5,10.561173347790465,10.25433747145864,10.847379850267084,10.328006579821785,10.629849740444813,0.30184316062302763,5
scale-l2-n8192-zipf-w4-k2,scale,2,8192,zipf,4,2,10000,False,native,adaptive,batch_ms,5,0.04828371584851559,0.04597411070904346,0.05026279777877682,0.04749935833433273,0.049383304677553516,0.0018839463432207895,5
scale-l2-n8192-zipf-w4-k2,scale,2,8192,zipf,4,2,10000,False,native,graph,batch_ms,5,0.004426160896108114,0.004345835404634861,0.004464759502101686,0.00434790681792814,0.004453555076590428,0.00010564825866228849,5
scale-l2-n8192-zipf-w4-k2,scale,2,8192,zipf,4,2,10000,False,native,lazy,batch_ms,5,0.04818228106241008,0.04553823894813119,0.050541740660063596,0.04767399489133298,0.04940003501130022,0.0017260401199672426,5
scale-l2-n8192-zipf-w4-k2,scale,2,8192,zipf,4,2,10000,False,native,profile,batch_ms,5,0.044423070066689205,0.0432188959284274,0.046223018433326477,0.043975012673368716,0.04541983083402197,0.001444818160653255,5
worst-l2-n1024-identical-w1-k1,worst,2,1024,identical,1,1,10000,False,graph,adaptive,batch_ms,5,14.403457224640347,14.29929878316841,14.425607503334911,14.399804908337657,14.41048893666771,0.010684028330052442,5
worst-l2-n1024-identical-w1-k1,worst,2,1024,identical,1,1,10000,False,graph,adaptive,selector_ms,5,16.064502325658214,15.932344150829268,16.09470137922721,16.03849734702872,16.06650262184463,0.028005274815910752,5
worst-l2-n1024-identical-w1-k1,worst,2,1024,identical,1,1,10000,False,graph,lazy,batch_ms,5,1.5055246384382897,1.5028592972105559,1.509670686247512,1.5044297111162521,1.5057403275937147,0.0013106164774625562,5
worst-l2-n1024-identical-w1-k1,worst,2,1024,identical,1,1,10000,False,graph,lazy,selector_ms,5,1.5114111491204902,1.5088861750519225,1.5156364895516814,1.510271727419193,1.5116684857932137,0.0013967583740206457,5
worst-l2-n1024-identical-w1-k1,worst,2,1024,identical,1,1,10000,False,graph,profile,batch_ms,5,34.27826112952074,34.107966682128065,34.41728579949173,34.15425201865964,34.355306253768696,0.20105423510905496,5
worst-l2-n1024-identical-w1-k1,worst,2,1024,identical,1,1,10000,False,graph,profile,selector_ms,5,45.99091403682759,45.7457785187468,46.56041040222676,45.834247236153516,46.263413583810525,0.42916634765700934,5
worst-l2-n1024-identical-w1-k1,worst,2,1024,identical,1,1,10000,False,native,adaptive,batch_ms,5,0.12556259010119103,0.12490094136248121,0.12776839311235327,0.12547217140392944,0.12560871904306883,0.00013654763913939494,5
worst-l2-n1024-identical-w1-k1,worst,2,1024,identical,1,1,10000,False,native,graph,batch_ms,5,0.008722945890075212,0.008697877810339897,0.008866346844571292,0.008717531363677604,0.008734759882736424,1.7228519058819572e-05,5
worst-l2-n1024-identical-w1-k1,worst,2,1024,identical,1,1,10000,False,native,lazy,batch_ms,5,0.01313260995727225,0.013071686533270706,0.013385263925352405,0.013126338531352399,0.013140832287054987,1.4493755702588151e-05,5
worst-l2-n1024-identical-w1-k1,worst,2,1024,identical,1,1,10000,False,native,profile,batch_ms,5,0.299493459775978,0.2975219477886913,0.3028234446143356,0.2981481268554951,0.30062672727407436,0.00247860041857928,5
worst-l2-n16384-identical-w1-k1,worst,2,16384,identical,1,1,10000,False,graph,adaptive,batch_ms,5,122.32249275133952,122.04089036213327,124.39319647875361,122.24840846005132,124.23604747548079,1.9876390154294654,5
worst-l2-n16384-identical-w1-k1,worst,2,16384,identical,1,1,10000,False,graph,adaptive,selector_ms,5,127.37595313788518,127.11202554649466,129.57749485887183,127.2829115408109,129.3736067081701,2.0906951673591863,5
worst-l2-n16384-identical-w1-k1,worst,2,16384,identical,1,1,10000,False,graph,lazy,batch_ms,5,1.9732805202700274,1.9687602991604531,2.011382497323028,1.9716612801642663,2.002977829254436,0.031316549090169454,5
worst-l2-n16384-identical-w1-k1,worst,2,16384,identical,1,1,10000,False,graph,lazy,selector_ms,5,1.9738804881625853,1.9693781518584335,2.01202920137639,1.9723057338627474,2.0036117519674983,0.031306018104750866,5
worst-l2-n16384-identical-w1-k1,worst,2,16384,identical,1,1,10000,False,graph,profile,batch_ms,5,826.3574357800504,794.9825674380348,843.2296026463221,825.8357824316564,841.1129618789586,15.27717944730216,5
worst-l2-n16384-identical-w1-k1,worst,2,16384,identical,1,1,10000,False,graph,profile,selector_ms,5,1129.9017571998356,1070.8521527954115,1151.8756021840707,1127.1111803195552,1148.4483949766884,21.337214657133245,5
worst-l2-n16384-identical-w1-k1,worst,2,16384,identical,1,1,10000,False,native,adaptive,batch_ms,5,0.045389869746534174,0.04515446787968555,0.04665341531612189,0.04524349052401358,0.04583574821666805,0.0005922576926544673,5
worst-l2-n16384-identical-w1-k1,worst,2,16384,identical,1,1,10000,False,native,graph,batch_ms,5,0.00036936650913080196,0.00036417361501252547,0.0003813968655050238,0.0003648902916831692,0.0003755769732641177,1.0686681580948513e-05,5
worst-l2-n16384-identical-w1-k1,worst,2,16384,identical,1,1,10000,False,native,lazy,batch_ms,5,0.0007339339461346209,0.0007282656442426431,0.0007526030051931111,0.000729431676869529,0.0007394210342412419,9.989357371712913e-06,5
worst-l2-n16384-identical-w1-k1,worst,2,16384,identical,1,1,10000,False,native,profile,batch_ms,5,0.3069139539985075,0.29857714647611444,0.3149711788413226,0.3052287613483581,0.3070819726812865,0.0018532113329284283,5
worst-l2-n256-identical-w1-k1,worst,2,256,identical,1,1,10000,False,graph,adaptive,batch_ms,5,4.595103235622014,4.550141689476327,4.648932027104148,4.558848721474677,4.600539568153763,0.04169084667908596,5
worst-l2-n256-identical-w1-k1,worst,2,256,identical,1,1,10000,False,graph,adaptive,selector_ms,5,5.234948429182126,5.136798816041745,5.311588346128252,5.184711632209194,5.236716939610989,0.05200530740179499,5
worst-l2-n256-identical-w1-k1,worst,2,256,identical,1,1,10000,False,graph,lazy,batch_ms,5,1.3640971144407696,1.3566199998357469,1.370903333787969,1.3622300857428622,1.3665816239364912,0.00435153819362899,5
worst-l2-n256-identical-w1-k1,worst,2,256,identical,1,1,10000,False,graph,lazy,selector_ms,5,1.3806807950009037,1.3738819266962647,1.3826347813182385,1.378077633704793,1.3808907993596902,0.0028131656548970874,5
worst-l2-n256-identical-w1-k1,worst,2,256,identical,1,1,10000,False,graph,profile,batch_ms,5,7.787311044587766,7.600529478476047,7.881202744889716,7.6798544906282995,7.791495637391298,0.11164114676299874,5
worst-l2-n256-identical-w1-k1,worst,2,256,identical,1,1,10000,False,graph,profile,selector_ms,5,10.123553224521032,9.784901388869317,10.294555852644088,10.031532397615843,10.173337094084173,0.1418046964683306,5
worst-l2-n256-identical-w1-k1,worst,2,256,identical,1,1,10000,False,native,adaptive,batch_ms,5,0.1717815500429034,0.17077342717374286,0.1761435169152796,0.17111793123529498,0.17241267033721885,0.0012947391019238752,5
worst-l2-n256-identical-w1-k1,worst,2,256,identical,1,1,10000,False,native,graph,batch_ms,5,0.037535338786136005,0.0371203039651881,0.037891714610993076,0.037383610603397094,0.037889028251720996,0.0005054176483239026,5
worst-l2-n256-identical-w1-k1,worst,2,256,identical,1,1,10000,False,native,lazy,batch_ms,5,0.05120184732772483,0.05071535381064019,0.051945877883152705,0.05072792527376293,0.05161357420405562,0.0008856489302926929,5
worst-l2-n256-identical-w1-k1,worst,2,256,identical,1,1,10000,False,native,profile,batch_ms,5,0.2911178037384025,0.2850785331005373,0.29863228520073637,0.2879766761380172,0.2924564284001831,0.004479752262165904,5
worst-l2-n4096-identical-w1-k1,worst,2,4096,identical,1,1,10000,False,graph,adaptive,batch_ms,5,42.2101192847844,41.64053468860431,42.44795405566472,42.180047413005944,42.31517818153233,0.1351307685263876,5
worst-l2-n4096-identical-w1-k1,worst,2,4096,identical,1,1,10000,False,graph,adaptive,selector_ms,5,45.42763682203828,44.92409547178287,45.58870294814188,45.37927470797386,45.43352802343378,0.05425331545991696,5
worst-l2-n4096-identical-w1-k1,worst,2,4096,identical,1,1,10000,False,graph,lazy,batch_ms,5,1.6527431504504198,1.652132931542217,1.6538095046972647,1.6524526919712499,1.6528825933545668,0.00042990138331688854,5
worst-l2-n4096-identical-w1-k1,worst,2,4096,identical,1,1,10000,False,graph,lazy,selector_ms,5,1.6545722646321734,1.6538557890899424,1.6556772405538973,1.65419350771429,1.654621114971609,0.00042760725731905147,5
worst-l2-n4096-identical-w1-k1,worst,2,4096,identical,1,1,10000,False,graph,profile,batch_ms,5,161.82142057550234,160.58906429458648,163.3981943000752,161.4912536594318,161.9228042029315,0.43155054349969646,5
worst-l2-n4096-identical-w1-k1,worst,2,4096,identical,1,1,10000,False,graph,profile,selector_ms,5,221.71895096922785,221.50450974603382,223.0563154938975,221.69055553304676,222.84801998163735,1.1574644485905878,5
worst-l2-n4096-identical-w1-k1,worst,2,4096,identical,1,1,10000,False,native,adaptive,batch_ms,5,0.08120455422039168,0.08050860019888406,0.08517385503053111,0.0807624186428957,0.08133259268964925,0.0005701740467535521,5
worst-l2-n4096-identical-w1-k1,worst,2,4096,identical,1,1,10000,False,native,graph,batch_ms,5,0.0019220666480649572,0.0019073293694269477,0.002019292538876291,0.001913038119903328,0.001939514447805537,2.647632790220896e-05,5
worst-l2-n4096-identical-w1-k1,worst,2,4096,identical,1,1,10000,False,native,lazy,batch_ms,5,0.0031761242067430955,0.003152591514519744,0.0033395251935578814,0.003160593277187897,0.0032055192188102295,4.492594162233254e-05,5
worst-l2-n4096-identical-w1-k1,worst,2,4096,identical,1,1,10000,False,native,profile,batch_ms,5,0.3132146196666968,0.30629623873785716,0.32696951040090616,0.30957054617784474,0.3140622196182121,0.004491673440367383,5
worst-l4-n1024-identical-w1-k1,worst,4,1024,identical,1,1,10000,False,graph,adaptive,batch_ms,5,9.453803816247639,9.440188825764801,9.485219757082243,9.44091108504083,9.460994195581309,0.02008311054047951,5
worst-l4-n1024-identical-w1-k1,worst,4,1024,identical,1,1,10000,False,graph,adaptive,selector_ms,5,10.39748490677487,10.378592705090663,10.436291375664494,10.390769188522599,10.435419957410872,0.04465076888827291,5
worst-l4-n1024-identical-w1-k1,worst,4,1024,identical,1,1,10000,False,graph,lazy,batch_ms,5,1.3748673557331124,1.3707094855370867,1.3809132835135722,1.3713672386519484,1.378750010069752,0.007382771417803635,5
worst-l4-n1024-identical-w1-k1,worst,4,1024,identical,1,1,10000,False,graph,lazy,selector_ms,5,1.3802780853855707,1.3760194525135125,1.3865371019795365,1.3767452350762617,1.3858078177859847,0.009062582709723044,5
worst-l4-n1024-identical-w1-k1,worst,4,1024,identical,1,1,10000,False,graph,profile,batch_ms,5,18.880610357800467,18.729648053306146,18.970061395572273,18.8665338494901,18.899428196598322,0.03289434710822192,5
worst-l4-n1024-identical-w1-k1,worst,4,1024,identical,1,1,10000,False,graph,profile,selector_ms,5,23.40542398235241,23.315966558938428,23.49716636838411,23.38521784819844,23.426168757666456,0.04095090946801605,5
worst-l4-n1024-identical-w1-k1,worst,4,1024,identical,1,1,10000,False,native,adaptive,batch_ms,5,0.11112704124066541,0.11057429598283018,0.1119619801084877,0.11097738324279,0.11189925979054934,0.0009218765477593399,5
worst-l4-n1024-identical-w1-k1,worst,4,1024,identical,1,1,10000,False,native,graph,batch_ms,5,0.011755843584389225,0.011712248424628818,0.011827431396460544,0.011754743741315911,0.011803836176266772,4.909243495086063e-05,5
worst-l4-n1024-identical-w1-k1,worst,4,1024,identical,1,1,10000,False,native,lazy,batch_ms,5,0.016162725583281287,0.016061793780488855,0.016307071156969277,0.01611233874627942,0.016300074172224836,0.00018773542594541573,5
worst-l4-n1024-identical-w1-k1,worst,4,1024,identical,1,1,10000,False,native,profile,batch_ms,5,0.22177127068761854,0.22113439891917905,0.2239194969670577,0.22152362743032922,0.2221787217136052,0.000655094283275981,5
worst-l4-n16384-identical-w1-k1,worst,4,16384,identical,1,1,10000,False,graph,adaptive,batch_ms,5,95.46676309331848,94.64015918157583,96.12187096517044,95.46085692758794,95.65578922161662,0.19493229402867485,5
worst-l4-n16384-identical-w1-k1,worst,4,16384,identical,1,1,10000,False,graph,adaptive,selector_ms,5,99.751356049668,98.89488135179548,100.48288509984118,99.73826463256333,99.95118534667066,0.2129207141073266,5
worst-l4-n16384-identical-w1-k1,worst,4,16384,identical,1,1,10000,False,graph,lazy,batch_ms,5,1.7767715668390345,1.7593697683809684,1.792184094484773,1.7763117134686157,1.7784248330499315,0.00211311958131577,5
worst-l4-n16384-identical-w1-k1,worst,4,16384,identical,1,1,10000,False,graph,lazy,selector_ms,5,1.7773944862194506,1.7600143474327243,1.7928373059429887,1.776964658509413,1.7790614356982117,0.0020967771887987485,5
worst-l4-n16384-identical-w1-k1,worst,4,16384,identical,1,1,10000,False,graph,profile,batch_ms,5,449.6059703048328,446.1169384322353,454.4659829849886,448.81078391598027,450.52038935883706,1.7096054428567982,5
worst-l4-n16384-identical-w1-k1,worst,4,16384,identical,1,1,10000,False,graph,profile,selector_ms,5,564.1096461937457,559.9058112037761,569.1128597698139,564.0959022060623,564.3107791263237,0.21487692026141758,5
worst-l4-n16384-identical-w1-k1,worst,4,16384,identical,1,1,10000,False,native,adaptive,batch_ms,5,0.048286492589091894,0.04760993366652059,0.04885467241264594,0.04786582016243837,0.048563386511040176,0.0006975663486018038,5
worst-l4-n16384-identical-w1-k1,worst,4,16384,identical,1,1,10000,False,native,graph,batch_ms,5,0.0005057937550673211,0.0004953080208329689,0.0005117770150513605,0.0005057664798577041,0.0005076889428880031,1.9224630302990117e-06,5
worst-l4-n16384-identical-w1-k1,worst,4,16384,identical,1,1,10000,False,native,lazy,batch_ms,5,0.0008984473717253586,0.0008876831568075794,0.000910156952551508,0.0008898302545221064,0.0009020472785219704,1.2217023999863967e-05,5
worst-l4-n16384-identical-w1-k1,worst,4,16384,identical,1,1,10000,False,native,profile,batch_ms,5,0.22740789202116787,0.22510064656820442,0.23056598008584234,0.2256309935557677,0.22785627244304002,0.0022252788872723084,5
worst-l4-n256-identical-w1-k1,worst,4,256,identical,1,1,10000,False,graph,adaptive,batch_ms,5,2.7666213635142896,2.7442247631509233,2.776179255215172,2.761998165869567,2.7749497840368997,0.01295161816733259,5
worst-l4-n256-identical-w1-k1,worst,4,256,identical,1,1,10000,False,graph,adaptive,selector_ms,5,3.0151621458641156,2.9876801808986095,3.0310034561394326,3.010959189022861,3.029629230476314,0.018670041453452857,5
worst-l4-n256-identical-w1-k1,worst,4,256,identical,1,1,10000,False,graph,lazy,batch_ms,5,1.2223859084785758,1.2067211425789388,1.2366771449032223,1.2170552669300327,1.2312150715303924,0.014159804600359704,5
worst-l4-n256-identical-w1-k1,worst,4,256,identical,1,1,10000,False,graph,lazy,selector_ms,5,1.2423609315942112,1.2182779951537501,1.2512640087332858,1.229748789348011,1.2439307984213632,0.014182009073352209,5
worst-l4-n256-identical-w1-k1,worst,4,256,identical,1,1,10000,False,graph,profile,batch_ms,5,4.296379230011254,4.2704460068491565,4.331713621343777,4.278053221234202,4.323887864919324,0.04583464368512136,5
worst-l4-n256-identical-w1-k1,worst,4,256,identical,1,1,10000,False,graph,profile,selector_ms,5,5.092692140932537,5.047349026240029,5.13704102031268,5.06522575140306,5.123636980574171,0.05841122917111097,5
worst-l4-n256-identical-w1-k1,worst,4,256,identical,1,1,10000,False,native,adaptive,batch_ms,5,0.13791187558877271,0.13700181469241648,0.13862863744638512,0.13753335916718992,0.13809701297876847,0.0005636538115785517,5
worst-l4-n256-identical-w1-k1,worst,4,256,identical,1,1,10000,False,native,graph,batch_ms,5,0.04992368574617437,0.04971166672135024,0.04995716976352381,0.04974355049997124,0.04993192149544877,0.000188370995477527,5
worst-l4-n256-identical-w1-k1,worst,4,256,identical,1,1,10000,False,native,lazy,batch_ms,5,0.06102600995543628,0.06002659409525844,0.06174966611452342,0.060501845811089736,0.06150802034385292,0.0010061745327631863,5
worst-l4-n256-identical-w1-k1,worst,4,256,identical,1,1,10000,False,native,profile,batch_ms,5,0.2137171571950924,0.21229098864400622,0.2162907844817036,0.2135761846223053,0.21600920010621516,0.002433015483909867,5
worst-l4-n4096-identical-w1-k1,worst,4,4096,identical,1,1,10000,False,graph,adaptive,batch_ms,5,30.71132689467338,30.464284909512326,30.746903016932528,30.541484872775662,30.745315735292166,0.2038308625165044,5
worst-l4-n4096-identical-w1-k1,worst,4,4096,identical,1,1,10000,False,graph,adaptive,selector_ms,5,32.968568725768044,32.76333625801242,33.069229988615966,32.79352258203484,33.01332871812229,0.21980613608744903,5
worst-l4-n4096-identical-w1-k1,worst,4,4096,identical,1,1,10000,False,graph,lazy,batch_ms,5,1.505304108806616,1.5040053753558529,1.507590019861824,1.5045063590404049,1.5075494967863885,0.0030431377459836373,5
worst-l4-n4096-identical-w1-k1,worst,4,4096,identical,1,1,10000,False,graph,lazy,selector_ms,5,1.507059776104225,1.505779396054128,1.5094593139532624,1.5062526162646601,1.5092944442924716,0.0030418280278114995,5
worst-l4-n4096-identical-w1-k1,worst,4,4096,identical,1,1,10000,False,graph,profile,batch_ms,5,89.02051380182345,88.79744432391446,89.59197565233302,88.80736034700604,89.40322199159478,0.5958616445887372,5
worst-l4-n4096-identical-w1-k1,worst,4,4096,identical,1,1,10000,False,graph,profile,selector_ms,5,112.07940720076073,111.93939005870796,112.44056994754787,112.04852481197086,112.11765855137556,0.06913373940469114,5
worst-l4-n4096-identical-w1-k1,worst,4,4096,identical,1,1,10000,False,native,adaptive,batch_ms,5,0.07939656086918424,0.07832968944718836,0.07996586553217624,0.07876327624094301,0.0796860140374672,0.0009227377965241867,5
worst-l4-n4096-identical-w1-k1,worst,4,4096,identical,1,1,10000,False,native,graph,batch_ms,5,0.002582395365614864,0.002571197376857853,0.0026037906407113147,0.0025788947907752747,0.002591676111040633,1.2781320265358408e-05,5
worst-l4-n4096-identical-w1-k1,worst,4,4096,identical,1,1,10000,False,native,lazy,batch_ms,5,0.0038931934805383948,0.0038670946758950797,0.003925343270141451,0.0038799636120175752,0.003901260698645416,2.1297086627840734e-05,5
worst-l4-n4096-identical-w1-k1,worst,4,4096,identical,1,1,10000,False,native,profile,batch_ms,5,0.23013421517574975,0.22888931157378675,0.23278727267115046,0.2293357157925976,0.23104827930506686,0.0017125635124692618,5
zero_commit-l1-n2-identical-w1-k2,zero_commit,1,2,identical,1,2,10000,False,graph,adaptive,batch_ms,5,0.685793695468618,0.6811953056102028,0.7230330831248263,0.6857173416999429,0.6917594496844195,0.006042107984476575,5
zero_commit-l1-n2-identical-w1-k2,zero_commit,1,2,identical,1,2,10000,False,graph,adaptive,selector_ms,5,0.631363429553612,0.567890226383316,0.6422137762274172,0.62543953523926,0.6385445821671331,0.013105046927873065,5
zero_commit-l1-n2-identical-w1-k2,zero_commit,1,2,identical,1,2,10000,False,graph,lazy,batch_ms,5,1.01740372407956,0.995154050193838,1.1341509948214774,1.0020562381123734,1.127751572327044,0.1256953342146705,5
zero_commit-l1-n2-identical-w1-k2,zero_commit,1,2,identical,1,2,10000,False,graph,lazy,selector_ms,5,1.1180096075410135,1.0216432198451677,1.1589259796806965,1.023023380331965,1.1448345402878357,0.12181115995587066,5
zero_commit-l1-n2-identical-w1-k2,zero_commit,1,2,identical,1,2,10000,False,graph,profile,batch_ms,5,0.7250529601962314,0.7040490797546013,0.7728826151560179,0.7208683110831701,0.7327694593667848,0.01190114828361477,5
zero_commit-l1-n2-identical-w1-k2,zero_commit,1,2,identical,1,2,10000,False,graph,profile,selector_ms,5,0.6295615781146329,0.5880783830922335,0.6798214577322955,0.6103573476017581,0.6570128479657388,0.046655500363980695,5
zero_commit-l1-n2-identical-w1-k2,zero_commit,1,2,identical,1,2,10000,False,native,adaptive,batch_ms,5,0.33165634674922595,0.2697238993284038,0.3643040501996577,0.3312176441387136,0.35303725326661106,0.021819609127897488,5
zero_commit-l1-n2-identical-w1-k2,zero_commit,1,2,identical,1,2,10000,False,native,graph,batch_ms,5,0.4836095008464577,0.39595677936563267,0.5312743721728279,0.4788046542621355,0.4882726136691338,0.00946795940699835,5
zero_commit-l1-n2-identical-w1-k2,zero_commit,1,2,identical,1,2,10000,False,native,lazy,batch_ms,5,0.484603917133604,0.44654088050314467,0.553774870536931,0.4764843909406244,0.5405205247566652,0.06403613381604084,5
zero_commit-l1-n2-identical-w1-k2,zero_commit,1,2,identical,1,2,10000,False,native,profile,batch_ms,5,0.3486187640989608,0.27877300613496936,0.38930163447251115,0.34715873192849445,0.3773774145616642,0.030218682633169736,5
