condition,suite,arity,n,distribution,workers,policy_k,key_count,selector_only,mode,status,count,expected_repetitions
arity-l1-n512-uniform-w1-k2,arity,1,512,uniform,1,2,10000,False,adaptive,ok,5,5
arity-l1-n512-uniform-w1-k2,arity,1,512,uniform,1,2,10000,False,graph,ok,5,5
arity-l1-n512-uniform-w1-k2,arity,1,512,uniform,1,2,10000,False,lazy,ok,5,5
arity-l1-n512-uniform-w1-k2,arity,1,512,uniform,1,2,10000,False,native,ok,5,5
arity-l1-n512-uniform-w1-k2,arity,1,512,uniform,1,2,10000,False,profile,ok,5,5
arity-l1-n512-zipf-w1-k2,arity,1,512,zipf,1,2,10000,False,adaptive,ok,5,5
arity-l1-n512-zipf-w1-k2,arity,1,512,zipf,1,2,10000,False,graph,ok,5,5
arity-l1-n512-zipf-w1-k2,arity,1,512,zipf,1,2,10000,False,lazy,ok,5,5
arity-l1-n512-zipf-w1-k2,arity,1,512,zipf,1,2,10000,False,native,ok,5,5
arity-l1-n512-zipf-w1-k2,arity,1,512,zipf,1,2,10000,False,profile,ok,5,5
arity-l1-n8192-uniform-w1-k2,arity,1,8192,uniform,1,2,10000,False,adaptive,ok,5,5
arity-l1-n8192-uniform-w1-k2,arity,1,8192,uniform,1,2,10000,False,graph,ok,5,5
arity-l1-n8192-uniform-w1-k2,arity,1,8192,uniform,1,2,10000,False,lazy,ok,5,5
arity-l1-n8192-uniform-w1-k2,arity,1,8192,uniform,1,2,10000,False,native,ok,5,5
arity-l1-n8192-uniform-w1-k2,arity,1,8192,uniform,1,2,10000,False,profile,ok,5,5
arity-l1-n8192-zipf-w1-k2,arity,1,8192,zipf,1,2,10000,False,adaptive,ok,5,5
arity-l1-n8192-zipf-w1-k2,arity,1,8192,zipf,1,2,10000,False,graph,ok,5,5
arity-l1-n8192-zipf-w1-k2,arity,1,8192,zipf,1,2,10000,False,lazy,ok,5,5
arity-l1-n8192-zipf-w1-k2,arity,1,8192,zipf,1,2,10000,False,native,ok,5,5
arity-l1-n8192-zipf-w1-k2,arity,1,8192,zipf,1,2,10000,False,profile,ok,5,5
arity-l3-n512-uniform-w1-k2,arity,3,512,uniform,1,2,10000,False,adaptive,ok,5,5
arity-l3-n512-uniform-w1-k2,arity,3,512,uniform,1,2,10000,False,graph,ok,5,5
arity-l3-n512-uniform-w1-k2,arity,3,512,uniform,1,2,10000,False,lazy,ok,5,5
arity-l3-n512-uniform-w1-k2,arity,3,512,uniform,1,2,10000,False,native,ok,5,5
arity-l3-n512-uniform-w1-k2,arity,3,512,uniform,1,2,10000,False,profile,ok,5,5
arity-l3-n512-zipf-w1-k2,arity,3,512,zipf,1,2,10000,False,adaptive,ok,5,5
arity-l3-n512-zipf-w1-k2,arity,3,512,zipf,1,2,10000,False,graph,ok,5,5
arity-l3-n512-zipf-w1-k2,arity,3,512,zipf,1,2,10000,False,lazy,ok,5,5
arity-l3-n512-zipf-w1-k2,arity,3,512,zipf,1,2,10000,False,native,ok,5,5
arity-l3-n512-zipf-w1-k2,arity,3,512,zipf,1,2,10000,False,profile,ok,5,5
arity-l3-n8192-uniform-w1-k2,arity,3,8192,uniform,1,2,10000,False,adaptive,ok,5,5
arity-l3-n8192-uniform-w1-k2,arity,3,8192,uniform,1,2,10000,False,graph,ok,5,5
arity-l3-n8192-uniform-w1-k2,arity,3,8192,uniform,1,2,10000,False,lazy,ok,5,5
arity-l3-n8192-uniform-w1-k2,arity,3,8192,uniform,1,2,10000,False,native,ok,5,5
arity-l3-n8192-uniform-w1-k2,arity,3,8192,uniform,1,2,10000,False,profile,ok,5,5
arity-l3-n8192-zipf-w1-k2,arity,3,8192,zipf,1,2,10000,False,adaptive,ok,5,5
arity-l3-n8192-zipf-w1-k2,arity,3,8192,zipf,1,2,10000,False,graph,ok,5,5
arity-l3-n8192-zipf-w1-k2,arity,3,8192,zipf,1,2,10000,False,lazy,ok,5,5
arity-l3-n8192-zipf-w1-k2,arity,3,8192,zipf,1,2,10000,False,native,ok,5,5
arity-l3-n8192-zipf-w1-k2,arity,3,8192,zipf,1,2,10000,False,profile,ok,5,5
arity-l4-n512-uniform-w1-k2,arity,4,512,uniform,1,2,10000,False,adaptive,ok,5,5
arity-l4-n512-uniform-w1-k2,arity,4,512,uniform,1,2,10000,False,graph,ok,5,5
arity-l4-n512-uniform-w1-k2,arity,4,512,uniform,1,2,10000,False,lazy,ok,5,5
arity-l4-n512-uniform-w1-k2,arity,4,512,uniform,1,2,10000,False,native,ok,5,5
arity-l4-n512-uniform-w1-k2,arity,4,512,uniform,1,2,10000,False,profile,ok,5,5
arity-l4-n512-zipf-w1-k2,arity,4,512,zipf,1,2,10000,False,adaptive,ok,5,5
arity-l4-n512-zipf-w1-k2,arity,4,512,zipf,1,2,10000,False,graph,ok,5,5
arity-l4-n512-zipf-w1-k2,arity,4,512,zipf,1,2,10000,False,lazy,ok,5,5
arity-l4-n512-zipf-w1-k2,arity,4,512,zipf,1,2,10000,False,native,ok,5,5
arity-l4-n512-zipf-w1-k2,arity,4,512,zipf,1,2,10000,False,profile,ok,5,5
arity-l4-n8192-uniform-w1-k2,arity,4,8192,uniform,1,2,10000,False,adaptive,ok,5,5
arity-l4-n8192-uniform-w1-k2,arity,4,8192,uniform,1,2,10000,False,graph,ok,5,5
arity-l4-n8192-uniform-w1-k2,arity,4,8192,uniform,1,2,10000,False,lazy,ok,5,5
arity-l4-n8192-uniform-w1-k2,arity,4,8192,uniform,1,2,10000,False,native,ok,5,5
arity-l4-n8192-uniform-w1-k2,arity,4,8192,uniform,1,2,10000,False,profile,ok,5,5
arity-l4-n8192-zipf-w1-k2,arity,4,8192,zipf,1,2,10000,False,adaptive,ok,5,5
arity-l4-n8192-zipf-w1-k2,arity,4,8192,zipf,1,2,10000,False,graph,ok,5,5
arity-l4-n8192-zipf-w1-k2,arity,4,8192,zipf,1,2,10000,False,lazy,ok,5,5
arity-l4-n8192-zipf-w1-k2,arity,4,8192,zipf,1,2,10000,False,native,ok,5,5
arity-l4-n8192-zipf-w1-k2,arity,4,8192,zipf,1,2,10000,False,profile,ok,5,5
constant-l1-n2048-uniform-w1-k2,constant,1,2048,uniform,1,2,10000,True,adaptive,ok,5,5
constant-l1-n2048-uniform-w1-k2,constant,1,2048,uniform,1,2,10000,True,graph,ok,5,5
constant-l1-n2048-uniform-w1-k2,constant,1,2048,uniform,1,2,10000,True,lazy,ok,5,5
constant-l1-n2048-uniform-w1-k2,constant,1,2048,uniform,1,2,10000,True,profile,ok,5,5
constant-l2-n2048-uniform-w1-k2,constant,2,2048,uniform,1,2,10000,True,adaptive,ok,5,5
constant-l2-n2048-uniform-w1-k2,constant,2,2048,uniform,1,2,10000,True,graph,ok,5,5
constant-l2-n2048-uniform-w1-k2,constant,2,2048,uniform,1,2,10000,True,lazy,ok,5,5
constant-l2-n2048-uniform-w1-k2,constant,2,2048,uniform,1,2,10000,True,profile,ok,5,5
constant-l3-n2048-uniform-w1-k2,constant,3,2048,uniform,1,2,10000,True,adaptive,ok,5,5
constant-l3-n2048-uniform-w1-k2,constant,3,2048,uniform,1,2,10000,True,graph,ok,5,5
constant-l3-n2048-uniform-w1-k2,constant,3,2048,uniform,1,2,10000,True,lazy,ok,5,5
constant-l3-n2048-uniform-w1-k2,constant,3,2048,uniform,1,2,10000,True,profile,ok,5,5
constant-l4-n2048-uniform-w1-k2,constant,4,2048,uniform,1,2,10000,True,adaptive,ok,5,5
constant-l4-n2048-uniform-w1-k2,constant,4,2048,uniform,1,2,10000,True,graph,ok,5,5
constant-l4-n2048-uniform-w1-k2,constant,4,2048,uniform,1,2,10000,True,lazy,ok,5,5
constant-l4-n2048-uniform-w1-k2,constant,4,2048,uniform,1,2,10000,True,profile,ok,5,5
constant-l6-n2048-uniform-w1-k2,constant,6,2048,uniform,1,2,10000,True,adaptive,ok,5,5
constant-l6-n2048-uniform-w1-k2,constant,6,2048,uniform,1,2,10000,True,graph,ok,5,5
constant-l6-n2048-uniform-w1-k2,constant,6,2048,uniform,1,2,10000,True,lazy,ok,5,5
constant-l6-n2048-uniform-w1-k2,constant,6,2048,uniform,1,2,10000,True,profile,ok,5,5
constant-l8-n2048-uniform-w1-k2,constant,8,2048,uniform,1,2,10000,True,adaptive,ok,5,5
constant-l8-n2048-uniform-w1-k2,constant,8,2048,uniform,1,2,10000,True,graph,ok,5,5
constant-l8-n2048-uniform-w1-k2,constant,8,2048,uniform,1,2,10000,True,lazy,ok,5,5
constant-l8-n2048-uniform-w1-k2,constant,8,2048,uniform,1,2,10000,True,profile,ok,5,5
main-l2-n128-uniform-w1-k2,main,2,128,uniform,1,2,10000,False,adaptive,ok,5,5
main-l2-n128-uniform-w1-k2,main,2,128,uniform,1,2,10000,False,graph,ok,5,5
main-l2-n128-uniform-w1-k2,main,2,128,uniform,1,2,10000,False,lazy,ok,5,5
main-l2-n128-uniform-w1-k2,main,2,128,uniform,1,2,10000,False,native,ok,5,5
main-l2-n128-uniform-w1-k2,main,2,128,uniform,1,2,10000,False,profile,ok,5,5
main-l2-n128-zipf-w1-k2,main,2,128,zipf,1,2,10000,False,adaptive,ok,5,5
main-l2-n128-zipf-w1-k2,main,2,128,zipf,1,2,10000,False,graph,ok,5,5
main-l2-n128-zipf-w1-k2,main,2,128,zipf,1,2,10000,False,lazy,ok,5,5
main-l2-n128-zipf-w1-k2,main,2,128,zipf,1,2,10000,False,native,ok,5,5
main-l2-n128-zipf-w1-k2,main,2,128,zipf,1,2,10000,False,profile,ok,5,5
main-l2-n2048-uniform-w1-k2,main,2,2048,uniform,1,2,10000,False,adaptive,ok,5,5
main-l2-n2048-uniform-w1-k2,main,2,2048,uniform,1,2,10000,False,graph,ok,5,5
main-l2-n2048-uniform-w1-k2,main,2,2048,uniform,1,2,10000,False,lazy,ok,5,5
main-l2-n2048-uniform-w1-k2,main,2,2048,uniform,1,2,10000,False,native,ok,5,5
main-l2-n2048-uniform-w1-k2,main,2,2048,uniform,1,2,10000,False,profile,ok,5,5
main-l2-n2048-zipf-w1-k2,main,2,2048,zipf,1,2,10000,False,adaptive,ok,5,5
main-l2-n2048-zipf-w1-k2,main,2,2048,zipf,1,2,10000,False,graph,ok,5,5
main-l2-n2048-zipf-w1-k2,main,2,2048,zipf,1,2,10000,False,lazy,ok,5,5
main-l2-n2048-zipf-w1-k2,main,2,2048,zipf,1,2,10000,False,native,ok,5,5
main-l2-n2048-zipf-w1-k2,main,2,2048,zipf,1,2,10000,False,profile,ok,5,5
main-l2-n32768-uniform-w1-k2,main,2,32768,uniform,1,2,10000,False,adaptive,ok,5,5
main-l2-n32768-uniform-w1-k2,main,2,32768,uniform,1,2,10000,False,graph,ok,5,5
main-l2-n32768-uniform-w1-k2,main,2,32768,uniform,1,2,10000,False,lazy,ok,5,5
main-l2-n32768-uniform-w1-k2,main,2,32768,uniform,1,2,10000,False,native,ok,5,5
main-l2-n32768-uniform-w1-k2,main,2,32768,uniform,1,2,10000,False,profile,ok,5,5
main-l2-n32768-zipf-w1-k2,main,2,32768,zipf,1,2,10000,False,adaptive,ok,5,5
main-l2-n32768-zipf-w1-k2,main,2,32768,zipf,1,2,10000,False,graph,ok,5,5
main-l2-n32768-zipf-w1-k2,main,2,32768,zipf,1,2,10000,False,lazy,ok,5,5
main-l2-n32768-zipf-w1-k2,main,2,32768,zipf,1,2,10000,False,native,ok,5,5
main-l2-n32768-zipf-w1-k2,main,2,32768,zipf,1,2,10000,False,profile,ok,5,5
main-l2-n512-uniform-w1-k2,main,2,512,uniform,1,2,10000,False,adaptive,ok,5,5
main-l2-n512-uniform-w1-k2,main,2,512,uniform,1,2,10000,False,graph,ok,5,5
main-l2-n512-uniform-w1-k2,main,2,512,uniform,1,2,10000,False,lazy,ok,5,5
main-l2-n512-uniform-w1-k2,main,2,512,uniform,1,2,10000,False,native,ok,5,5
main-l2-n512-uniform-w1-k2,main,2,512,uniform,1,2,10000,False,profile,ok,5,5
main-l2-n512-zipf-w1-k2,main,2,512,zipf,1,2,10000,False,adaptive,ok,5,5
main-l2-n512-zipf-w1-k2,main,2,512,zipf,1,2,10000,False,graph,ok,5,5
main-l2-n512-zipf-w1-k2,main,2,512,zipf,1,2,10000,False,lazy,ok,5,5
main-l2-n512-zipf-w1-k2,main,2,512,zipf,1,2,10000,False,native,ok,5,5
main-l2-n512-zipf-w1-k2,main,2,512,zipf,1,2,10000,False,profile,ok,5,5
main-l2-n8192-uniform-w1-k2,main,2,8192,uniform,1,2,10000,False,adaptive,ok,5,5
main-l2-n8192-uniform-w1-k2,main,2,8192,uniform,1,2,10000,False,graph,ok,5,5
main-l2-n8192-uniform-w1-k2,main,2,8192,uniform,1,2,10000,False,lazy,ok,5,5
main-l2-n8192-uniform-w1-k2,main,2,8192,uniform,1,2,10000,False,native,ok,5,5
main-l2-n8192-uniform-w1-k2,main,2,8192,uniform,1,2,10000,False,profile,ok,5,5
main-l2-n8192-zipf-w1-k2,main,2,8192,zipf,1,2,10000,False,adaptive,ok,5,5
main-l2-n8192-zipf-w1-k2,main,2,8192,zipf,1,2,10000,False,graph,ok,5,5
main-l2-n8192-zipf-w1-k2,main,2,8192,zipf,1,2,10000,False,lazy,ok,5,5
main-l2-n8192-zipf-w1-k2,main,2,8192,zipf,1,2,10000,False,native,ok,5,5
main-l2-n8192-zipf-w1-k2,main,2,8192,zipf,1,2,10000,False,profile,ok,5,5
scale-l2-n8192-zipf-w2-k2,scale,2,8192,zipf,2,2,10000,False,adaptive,ok,5,5
scale-l2-n8192-zipf-w2-k2,scale,2,8192,zipf,2,2,10000,False,graph,ok,5,5
scale-l2-n8192-zipf-w2-k2,scale,2,8192,zipf,2,2,10000,False,lazy,ok,5,5
scale-l2-n8192-zipf-w2-k2,scale,2,8192,zipf,2,2,10000,False,native,ok,5,5
scale-l2-n8192-zipf-w2-k2,scale,2,8192,zipf,2,2,10000,False,profile,ok,5,5
scale-l2-n8192-zipf-w4-k2,scale,2,8192,zipf,4,2,10000,False,adaptive,ok,5,5
scale-l2-n8192-zipf-w4-k2,scale,2,8192,zipf,4,2,10000,False,graph,ok,5,5
scale-l2-n8192-zipf-w4-k2,scale,2,8192,zipf,4,2,10000,False,lazy,ok,5,5
scale-l2-n8192-zipf-w4-k2,scale,2,8192,zipf,4,2,10000,False,native,ok,5,5
scale-l2-n8192-zipf-w4-k2,scale,2,8192,zipf,4,2,10000,False,profile,ok,5,5
worst-l2-n1024-identical-w1-k1,worst,2,1024,identical,1,1,10000,False,adaptive,ok,5,5
worst-l2-n1024-identical-w1-k1,worst,2,1024,identical,1,1,10000,False,graph,ok,5,5
worst-l2-n1024-identical-w1-k1,worst,2,1024,identical,1,1,10000,False,lazy,ok,5,5
worst-l2-n1024-identical-w1-k1,worst,2,1024,identical,1,1,10000,False,native,ok,5,5
worst-l2-n1024-identical-w1-k1,worst,2,1024,identical,1,1,10000,False,profile,ok,5,5
worst-l2-n16384-identical-w1-k1,worst,2,16384,identical,1,1,10000,False,adaptive,ok,5,5
worst-l2-n16384-identical-w1-k1,worst,2,16384,identical,1,1,10000,False,graph,ok,5,5
worst-l2-n16384-identical-w1-k1,worst,2,16384,identical,1,1,10000,False,lazy,ok,5,5
worst-l2-n16384-identical-w1-k1,worst,2,16384,identical,1,1,10000,False,native,ok,5,5
worst-l2-n16384-identical-w1-k1,worst,2,16384,identical,1,1,10000,False,profile,ok,5,5
worst-l2-n256-identical-w1-k1,worst,2,256,identical,1,1,10000,False,adaptive,ok,5,5
worst-l2-n256-identical-w1-k1,worst,2,256,identical,1,1,10000,False,graph,ok,5,5
worst-l2-n256-identical-w1-k1,worst,2,256,identical,1,1,10000,False,lazy,ok,5,5
worst-l2-n256-identical-w1-k1,worst,2,256,identical,1,1,10000,False,native,ok,5,5
worst-l2-n256-identical-w1-k1,worst,2,256,identical,1,1,10000,False,profile,ok,5,5
worst-l2-n4096-identical-w1-k1,worst,2,4096,identical,1,1,10000,False,adaptive,ok,5,5
worst-l2-n4096-identical-w1-k1,worst,2,4096,identical,1,1,10000,False,graph,ok,5,5
worst-l2-n4096-identical-w1-k1,worst,2,4096,identical,1,1,10000,False,lazy,ok,5,5
worst-l2-n4096-identical-w1-k1,worst,2,4096,identical,1,1,10000,False,native,ok,5,5
worst-l2-n4096-identical-w1-k1,worst,2,4096,identical,1,1,10000,False,profile,ok,5,5
worst-l4-n1024-identical-w1-k1,worst,4,1024,identical,1,1,10000,False,adaptive,ok,5,5
worst-l4-n1024-identical-w1-k1,worst,4,1024,identical,1,1,10000,False,graph,ok,5,5
worst-l4-n1024-identical-w1-k1,worst,4,1024,identical,1,1,10000,False,lazy,ok,5,5
worst-l4-n1024-identical-w1-k1,worst,4,1024,identical,1,1,10000,False,native,ok,5,5
worst-l4-n1024-identical-w1-k1,worst,4,1024,identical,1,1,10000,False,profile,ok,5,5
worst-l4-n16384-identical-w1-k1,worst,4,16384,identical,1,1,10000,False,adaptive,ok,5,5
worst-l4-n16384-identical-w1-k1,worst,4,16384,identical,1,1,10000,False,graph,ok,5,5
worst-l4-n16384-identical-w1-k1,worst,4,16384,identical,1,1,10000,False,lazy,ok,5,5
worst-l4-n16384-identical-w1-k1,worst,4,16384,identical,1,1,10000,False,native,ok,5,5
worst-l4-n16384-identical-w1-k1,worst,4,16384,identical,1,1,10000,False,profile,ok,5,5
worst-l4-n256-identical-w1-k1,worst,4,256,identical,1,1,10000,False,adaptive,ok,5,5
worst-l4-n256-identical-w1-k1,worst,4,256,identical,1,1,10000,False,graph,ok,5,5
worst-l4-n256-identical-w1-k1,worst,4,256,identical,1,1,10000,False,lazy,ok,5,5
worst-l4-n256-identical-w1-k1,worst,4,256,identical,1,1,10000,False,native,ok,5,5
worst-l4-n256-identical-w1-k1,worst,4,256,identical,1,1,10000,False,profile,ok,5,5
worst-l4-n4096-identical-w1-k1,worst,4,4096,identical,1,1,10000,False,adaptive,ok,5,5
worst-l4-n4096-identical-w1-k1,worst,4,4096,identical,1,1,10000,False,graph,ok,5,5
worst-l4-n4096-identical-w1-k1,worst,4,4096,identical,1,1,10000,False,lazy,ok,5,5
worst-l4-n4096-identical-w1-k1,worst,4,4096,identical,1,1,10000,False,native,ok,5,5
worst-l4-n4096-identical-w1-k1,worst,4,4096,identical,1,1,10000,False,profile,ok,5,5
zero_commit-l1-n2-identical-w1-k2,zero_commit,1,2,identical,1,2,10000,False,adaptive,ok,5,5
zero_commit-l1-n2-identical-w1-k2,zero_commit,1,2,identical,1,2,10000,False,graph,ok,5,5
zero_commit-l1-n2-identical-w1-k2,zero_commit,1,2,identical,1,2,10000,False,lazy,ok,5,5
zero_commit-l1-n2-identical-w1-k2,zero_commit,1,2,identical,1,2,10000,False,native,ok,5,5
zero_commit-l1-n2-identical-w1-k2,zero_commit,1,2,identical,1,2,10000,False,profile,ok,5,5
