condition,seed,repetition,numerator,denominator,commit_delta,status,total_ms_delta,total_ms_ratio,undefined_rate_ratio,undefined_time_ratio,validator_rate_ratio
main-l1-n40-uniform-k1,11,1,paper,adaptive,0,ok,-0.010269,0.7288211682687229,False,False,1.372078698503569
main-l1-n40-uniform-k1,11,1,graph,adaptive,0,ok,-0.0013249999999999998,0.9650100348579276,False,False,1.0362586541882164
main-l1-n40-uniform-k1,11,1,adaptive,accept_static_degree,0,ok,0.00037600000000000133,1.010028806145311,False,False,0.9900707721559101
main-l1-n40-uniform-k1,11,1,adaptive,accept_id,0,ok,0.0016399999999999956,1.0452688528210223,False,False,0.9566916657864162
main-l1-n40-uniform-k1,11,2,paper,adaptive,0,ok,-0.010591000000000003,0.7169695350080171,False,False,1.394759402139476
main-l1-n40-uniform-k1,11,2,graph,adaptive,0,ok,-0.0032140000000000016,0.9141101015499732,False,False,1.0939601239548618
main-l1-n40-uniform-k1,11,2,adaptive,accept_static_degree,0,ok,-5.3999999999998494e-05,0.9985590009072958,False,False,1.0014430785676107
main-l1-n40-uniform-k1,11,2,adaptive,accept_id,0,ok,0.0008519999999999986,1.023299059286808,False,False,0.9772314270443612
main-l1-n40-uniform-k1,11,3,paper,adaptive,0,ok,-0.008945000000000002,0.7469231857405574,False,False,1.3388257575757578
main-l1-n40-uniform-k1,11,3,graph,adaptive,0,ok,0.003168999999999998,1.0896590748337813,False,False,0.9177182323311005
main-l1-n40-uniform-k1,11,3,adaptive,accept_static_degree,0,ok,-0.0011859999999999996,0.9675344228189757,False,False,1.033554958268496
main-l1-n40-uniform-k1,11,3,adaptive,accept_id,0,ok,-0.001799000000000002,0.9515668748653887,False,False,1.0508982883010327
main-l1-n40-uniform-k1,29,1,paper,adaptive,0,ok,-0.010373000000000004,0.7302982241751383,False,False,1.3693036172030764
main-l1-n40-uniform-k1,29,1,graph,adaptive,0,ok,-0.0005280000000000007,0.9862718078053092,False,False,1.0139192787282842
main-l1-n40-uniform-k1,29,1,adaptive,accept_static_degree,0,ok,0.0015189999999999995,1.0411185100969087,False,False,0.9605054470762592
main-l1-n40-uniform-k1,29,1,adaptive,accept_id,0,ok,0.0022990000000000024,1.0635750235053372,False,False,0.940225163152284
main-l1-n40-uniform-k1,29,2,paper,adaptive,0,ok,-0.011720999999999999,0.6936887495099961,False,False,1.4415687160940325
main-l1-n40-uniform-k1,29,2,graph,adaptive,0,ok,-0.0008910000000000029,0.9767150137201097,False,False,1.023840102745224
main-l1-n40-uniform-k1,29,2,adaptive,accept_static_degree,0,ok,0.0033279999999999976,1.0952571772046826,False,False,0.913027570887234
main-l1-n40-uniform-k1,29,2,adaptive,accept_id,0,ok,-0.001681000000000002,0.9579181895559005,False,False,1.0439304847772117
main-l1-n40-uniform-k1,29,3,paper,adaptive,0,ok,-0.008504999999999999,0.8324170952296507,False,False,1.2013208351086493
main-l1-n40-uniform-k1,29,3,graph,adaptive,0,ok,0.000786000000000002,1.0154873795590236,False,False,0.9847488212352289
main-l1-n40-uniform-k1,29,3,adaptive,accept_static_degree,0,ok,0.0006959999999999952,1.0139047048246927,False,False,0.9862859845126205
main-l1-n40-uniform-k1,29,3,adaptive,accept_id,0,ok,0.004181999999999998,1.0898022289505893,False,False,0.9175976828042799
main-l1-n40-uniform-k1,47,1,paper,adaptive,0,ok,-0.014010000000000002,0.7351957207930897,False,False,1.360182019178857
main-l1-n40-uniform-k1,47,1,graph,adaptive,0,ok,-0.0014240000000000017,0.9730848469956717,False,False,1.0276596157955051
main-l1-n40-uniform-k1,47,1,adaptive,accept_static_degree,0,ok,0.0019720000000000015,1.0387160106017475,False,False,0.9627270493507476
main-l1-n40-uniform-k1,47,1,adaptive,accept_id,0,ok,0.0017280000000000004,1.0337638484534672,False,False,0.9673389154554218
main-l1-n40-uniform-k1,47,2,paper,adaptive,0,ok,-0.0011839999999999976,0.9694127980572994,False,False,1.0315522984676881
main-l1-n40-uniform-k1,47,2,graph,adaptive,0,ok,-0.0008719999999999978,0.9774729391097678,False,False,1.023046224594973
main-l1-n40-uniform-k1,47,2,adaptive,accept_static_degree,0,ok,-0.012236999999999998,0.7598044988811683,False,False,1.3161280322405642
main-l1-n40-uniform-k1,47,2,adaptive,accept_id,0,ok,-0.008060999999999999,0.8276459268762028,False,False,1.2082461443075254
main-l1-n40-uniform-k1,47,3,paper,adaptive,0,ok,7.499999999999868e-05,1.0019424516329543,False,False,0.998061314170501
main-l1-n40-uniform-k1,47,3,graph,adaptive,0,ok,-0.0019520000000000023,0.949444458832975,False,False,1.053247497203961
main-l1-n40-uniform-k1,47,3,adaptive,accept_static_degree,0,ok,-0.013020999999999998,0.7478114347691355,False,False,1.3372355028359793
main-l1-n40-uniform-k1,47,3,adaptive,accept_id,0,ok,-0.011491000000000001,0.7706478783282105,False,False,1.297609489523711
main-l1-n40-uniform-k1,71,1,paper,adaptive,0,ok,-0.010533999999999998,0.7327277801740543,False,False,1.364763322829738
main-l1-n40-uniform-k1,71,1,graph,adaptive,0,ok,-0.005123999999999997,0.8699921345748866,False,False,1.1494356790807547
main-l1-n40-uniform-k1,71,1,adaptive,accept_static_degree,0,ok,0.0018139999999999962,1.0482459639884039,False,False,0.9539745769162459
main-l1-n40-uniform-k1,71,1,adaptive,accept_id,0,ok,0.004114999999999994,1.1165788429939372,False,False,0.8955928247025096
main-l1-n40-uniform-k1,71,2,paper,adaptive,0,ok,-0.009492,0.7466097170315003,False,False,1.3393878718535468
main-l1-n40-uniform-k1,71,2,graph,adaptive,0,ok,0.0007269999999999985,1.0194073678590496,False,False,0.9809621075235028
main-l1-n40-uniform-k1,71,2,adaptive,accept_static_degree,0,ok,-0.002570999999999997,0.935774774549724,False,False,1.0686332087560064
main-l1-n40-uniform-k1,71,2,adaptive,accept_id,0,ok,0.0005679999999999991,1.015396291878998,False,False,0.9848371596369461
main-l1-n40-uniform-k1,71,3,paper,adaptive,0,ok,-0.011612999999999998,0.682791586998088,False,False,1.4645757490898907
main-l1-n40-uniform-k1,71,3,graph,adaptive,0,ok,0.0006330000000000016,1.0172903578257306,False,False,0.9830035174395189
main-l1-n40-uniform-k1,71,3,adaptive,accept_static_degree,0,ok,-0.0023220000000000046,0.9403575464913181,False,False,1.0634252936356188
main-l1-n40-uniform-k1,71,3,adaptive,accept_id,0,ok,-0.004202000000000004,0.8970400862491423,False,False,1.1147773832286263
main-l1-n40-uniform-k1,101,1,paper,adaptive,0,ok,-0.009087999999999999,0.7811175337186899,False,False,1.2802170695609274
main-l1-n40-uniform-k1,101,1,graph,adaptive,0,ok,-0.0046700000000000005,0.88752408477842,False,False,1.1267299864314788
main-l1-n40-uniform-k1,101,1,adaptive,accept_static_degree,0,ok,0.0009919999999999998,1.0244769048559021,False,False,0.9761078998073218
main-l1-n40-uniform-k1,101,1,adaptive,accept_id,0,ok,0.009172,1.283541486336095,False,False,0.7790944123314066
main-l1-n40-uniform-k1,101,2,paper,adaptive,0,ok,-0.007407999999999998,0.8105128533060494,False,False,1.2337867264177738
main-l1-n40-uniform-k1,101,2,graph,adaptive,0,ok,0.002491,1.0637165877989512,False,False,0.9401000336651757
main-l1-n40-uniform-k1,101,2,adaptive,accept_static_degree,0,ok,-0.0027679999999999996,0.9338795595155627,False,False,1.0708018928251695
main-l1-n40-uniform-k1,101,2,adaptive,accept_id,0,ok,0.00040799999999999864,1.010546178302789,False,False,0.9895638828494694
main-l1-n40-uniform-k1,101,3,paper,adaptive,0,ok,-0.012976000000000001,0.6717927964386887,False,False,1.4885542168674697
main-l1-n40-uniform-k1,101,3,graph,adaptive,0,ok,0.0017759999999999998,1.0449210845811412,False,False,0.9570100697134004
main-l1-n40-uniform-k1,101,3,adaptive,accept_static_degree,0,ok,0.001349000000000003,1.0353261581166366,False,False,0.9658791987049777
main-l1-n40-uniform-k1,101,3,adaptive,accept_id,0,ok,0.0008510000000000045,1.0219981905131188,False,False,0.9784753136382031
main-l1-n40-zipf-k1,11,1,paper,adaptive,0,ok,-0.014984999999999998,0.7910449842429651,False,False,1.2641506107987097
main-l1-n40-zipf-k1,11,1,graph,adaptive,0,ok,0.005288000000000001,1.0737373455671138,False,False,0.9313264590530117
main-l1-n40-zipf-k1,11,1,adaptive,accept_static_degree,0,ok,0.016850999999999998,1.3071468931702603,False,False,0.7650249602588058
main-l1-n40-zipf-k1,11,1,adaptive,accept_id,0,ok,0.018152,1.338896979201673,False,False,0.7468834537189389
main-l1-n40-zipf-k1,11,2,paper,adaptive,0,ok,-0.029313999999999993,0.5700687854743852,False,False,1.7541742777020244
main-l1-n40-zipf-k1,11,2,graph,adaptive,0,ok,-0.009283999999999994,0.8638370268248684,False,False,1.1576257661420397
main-l1-n40-zipf-k1,11,2,adaptive,accept_static_degree,0,ok,0.01220199999999999,1.2179668101677352,False,False,0.8210404352991216
main-l1-n40-zipf-k1,11,2,adaptive,accept_id,0,ok,0.031355999999999995,1.851440519184294,False,False,0.5401199712538316
main-l1-n40-zipf-k1,11,3,paper,adaptive,0,ok,-0.021332000000000004,0.6896576807250825,False,False,1.4499947262946946
main-l1-n40-zipf-k1,11,3,graph,adaptive,0,ok,-0.012966000000000005,0.8113679677611766,False,False,1.2324864176722672
main-l1-n40-zipf-k1,11,3,adaptive,accept_static_degree,0,ok,0.02876200000000001,1.7194996873045656,False,False,0.5815645140171959
main-l1-n40-zipf-k1,11,3,adaptive,accept_id,0,ok,0.027787000000000006,1.6785592185592186,False,False,0.5957490143590788
main-l1-n40-zipf-k1,29,1,paper,adaptive,0,ok,-0.029398000000000007,0.5605088875932487,False,False,1.784093030699064
main-l1-n40-zipf-k1,29,1,graph,adaptive,0,ok,-0.011606000000000005,0.8264938482008042,False,False,1.2099303608573757
main-l1-n40-zipf-k1,29,1,adaptive,accept_static_degree,0,ok,0.023941000000000004,1.5574155995343424,False,False,0.6420893692723983
main-l1-n40-zipf-k1,29,1,adaptive,accept_id,0,ok,0.026990000000000007,1.6764241497706827,False,False,0.5965077514164835
main-l1-n40-zipf-k1,29,2,paper,adaptive,0,ok,-0.03564,0.6151520387007602,False,False,1.6256143800028084
main-l1-n40-zipf-k1,29,2,graph,adaptive,0,ok,-0.029064999999999994,0.6861502246026262,False,False,1.4574067953983914
main-l1-n40-zipf-k1,29,2,adaptive,accept_static_degree,0,ok,0.047028999999999994,2.0318128962899578,False,False,0.4921713026952316
main-l1-n40-zipf-k1,29,2,adaptive,accept_id,0,ok,0.04072799999999999,1.785042405551272,False,False,0.560210780926054
main-l1-n40-zipf-k1,29,3,paper,adaptive,0,ok,-0.033958999999999996,0.6210440565995626,False,False,1.6101917237166008
main-l1-n40-zipf-k1,29,3,graph,adaptive,0,ok,-0.007686999999999999,0.9142190778020801,False,False,1.0938297223069882
main-l1-n40-zipf-k1,29,3,adaptive,accept_static_degree,0,ok,0.034393,1.6228472083884171,False,False,0.6162009552292104
main-l1-n40-zipf-k1,29,3,adaptive,accept_id,0,ok,0.038159,1.7416282821215479,False,False,0.5741753336606705
main-l1-n40-zipf-k1,47,1,paper,adaptive,0,ok,-0.015336999999999996,0.7445961698584513,False,False,1.343009862903406
main-l1-n40-zipf-k1,47,1,graph,adaptive,0,ok,0.002905999999999999,1.0483930058284763,False,False,0.953840777686003
main-l1-n40-zipf-k1,47,1,adaptive,accept_static_degree,0,ok,0.003258999999999998,1.0573858533922629,False,False,0.9457285595337219
main-l1-n40-zipf-k1,47,1,adaptive,accept_id,0,ok,0.011126999999999998,1.2274390368538315,False,False,0.8147044129891757
main-l1-n40-zipf-k1,47,2,paper,adaptive,0,ok,-0.022213999999999998,0.6275006288253543,False,False,1.5936239010181448
main-l1-n40-zipf-k1,47,2,graph,adaptive,0,ok,-0.007969999999999998,0.8663536513792236,False,False,1.1542630407432497
main-l1-n40-zipf-k1,47,2,adaptive,accept_static_degree,0,ok,0.016439000000000002,1.380567645152329,False,False,0.7243397333780498
main-l1-n40-zipf-k1,47,2,adaptive,accept_id,0,ok,0.019378,1.4813572794793453,False,False,0.6750565942818815
main-l1-n40-zipf-k1,47,3,paper,adaptive,0,ok,-0.012799999999999999,0.7821795657205092,False,False,1.2784788095030895
main-l1-n40-zipf-k1,47,3,graph,adaptive,0,ok,-0.008504999999999999,0.8552685317541352,False,False,1.1692234226705664
main-l1-n40-zipf-k1,47,3,adaptive,accept_static_degree,0,ok,0.004330999999999995,1.0795657046277074,False,False,0.9262984139949629
main-l1-n40-zipf-k1,47,3,adaptive,accept_id,0,ok,0.00809,1.159647945692071,False,False,0.8623306786467905
main-l1-n40-zipf-k1,71,1,paper,adaptive,0,ok,-0.025706999999999994,0.6008849557522125,False,False,1.6642120765832105
main-l1-n40-zipf-k1,71,1,graph,adaptive,0,ok,-0.011204999999999993,0.8260363297624593,False,False,1.2106005074711021
main-l1-n40-zipf-k1,71,1,adaptive,accept_static_degree,0,ok,0.025890999999999997,1.6721617902853136,False,False,0.5980282564819128
main-l1-n40-zipf-k1,71,1,adaptive,accept_id,0,ok,0.030794999999999996,1.9161088799643016,False,False,0.5218910107126223
main-l1-n40-zipf-k1,71,2,paper,adaptive,0,ok,-0.025877999999999998,0.6042998256827427,False,False,1.6548076923076924
main-l1-n40-zipf-k1,71,2,graph,adaptive,0,ok,-0.013506999999999998,0.7934646319459311,False,False,1.2602956196642963
main-l1-n40-zipf-k1,71,2,adaptive,accept_static_degree,0,ok,0.026102,1.6642406351791532,False,False,0.6008746444845408
main-l1-n40-zipf-k1,71,2,adaptive,accept_id,0,ok,0.026163,1.6668280871670702,False,False,0.5999418942475305
main-l1-n40-zipf-k1,71,3,paper,adaptive,0,ok,-0.033661,0.5329855571125324,False,False,1.8762234485630989
main-l1-n40-zipf-k1,71,3,graph,adaptive,0,ok,0.0027599999999999986,1.0382923817583973,False,False,0.9631198471344389
main-l1-n40-zipf-k1,71,3,adaptive,accept_static_degree,0,ok,0.030142000000000002,1.7187790628353405,False,False,0.581808343854489
main-l1-n40-zipf-k1,71,3,adaptive,accept_id,0,ok,0.035875000000000004,1.990967349870173,False,False,0.5022684073976441
main-l1-n40-zipf-k1,101,1,paper,adaptive,0,ok,-0.059137,0.4266781711715205,False,False,2.3436868055713345
main-l1-n40-zipf-k1,101,1,graph,adaptive,0,ok,-0.04411,0.5723620428898282,False,False,1.747145906026627
main-l1-n40-zipf-k1,101,1,adaptive,accept_static_degree,0,ok,0.062413,2.5321713514177,False,False,0.39491798192887884
main-l1-n40-zipf-k1,101,1,adaptive,accept_id,0,ok,0.049956,1.9391637840276732,False,False,0.5156861984720983
main-l1-n40-zipf-k1,101,2,paper,adaptive,0,ok,-0.029776000000000004,0.5998225973362721,False,False,1.6671595975891198
main-l1-n40-zipf-k1,101,2,graph,adaptive,0,ok,-0.014455000000000003,0.8057306436222398,False,False,1.2411095543101147
main-l1-n40-zipf-k1,101,2,adaptive,accept_static_degree,0,ok,0.033209,1.8060828195543475,False,False,0.5536844651712877
main-l1-n40-zipf-k1,101,2,adaptive,accept_id,0,ok,0.037253,2.002664585239813,False,False,0.49933474001102046
main-l1-n40-zipf-k1,101,3,paper,adaptive,0,ok,-0.024948000000000005,0.6500441863401085,False,False,1.5383569625169935
main-l1-n40-zipf-k1,101,3,graph,adaptive,0,ok,-0.010457000000000008,0.8533153782490986,False,False,1.1718996580746976
main-l1-n40-zipf-k1,101,3,adaptive,accept_static_degree,0,ok,0.034048,1.9142611637711124,False,False,0.5223947593597891
main-l1-n40-zipf-k1,101,3,adaptive,accept_id,0,ok,0.03456700000000001,1.9413158324709985,False,False,0.5151145337990433
main-l2-n40-uniform-k1,11,1,paper,adaptive,0,ok,-0.011023999999999999,0.7883581631085855,False,False,1.268458990843561
main-l2-n40-uniform-k1,11,1,graph,adaptive,0,ok,-0.0002500000000000002,0.9952004300414683,False,False,1.0048227169258073
main-l2-n40-uniform-k1,11,1,adaptive,accept_static_degree,0,ok,0.00044700000000000295,1.0086559129373949,False,False,0.9914183689141451
main-l2-n40-uniform-k1,11,1,adaptive,accept_id,0,ok,0.005861000000000005,1.126787375343414,False,False,0.8874788818921824
main-l2-n40-uniform-k1,11,2,paper,adaptive,0,ok,-0.010423000000000002,0.7789254883661738,False,False,1.2838198453327523
main-l2-n40-uniform-k1,11,2,graph,adaptive,0,ok,0.001577000000000002,1.0334485757312237,False,False,0.9676340201953861
main-l2-n40-uniform-k1,11,2,adaptive,accept_static_degree,0,ok,-0.005698000000000002,0.8921752294446021,False,False,1.120856045983838
main-l2-n40-uniform-k1,11,2,adaptive,accept_id,0,ok,0.0007160000000000014,1.0154207318386423,False,False,0.9848134557872187
main-l2-n40-uniform-k1,11,3,paper,adaptive,0,ok,-0.00324,0.930536200501683,False,False,1.0746492177960048
main-l2-n40-uniform-k1,11,3,graph,adaptive,0,ok,-0.0004819999999999963,0.9896661878524109,False,False,1.0104417148675289
main-l2-n40-uniform-k1,11,3,adaptive,accept_static_degree,0,ok,-0.0033140000000000044,0.9336629501371179,False,False,1.0710503183757478
main-l2-n40-uniform-k1,11,3,adaptive,accept_id,0,ok,0.003129999999999994,1.0719325259117962,False,False,0.9328945393735395
main-l2-n40-uniform-k1,29,1,paper,adaptive,0,ok,-0.015883,0.7123791242620694,False,False,1.4037469178169248
main-l2-n40-uniform-k1,29,1,graph,adaptive,0,ok,0.006310999999999997,1.1142841621093043,False,False,0.8974371475468448
main-l2-n40-uniform-k1,29,1,adaptive,accept_static_degree,0,ok,0.002244000000000003,1.0423572048774963,False,False,0.9593640215855999
main-l2-n40-uniform-k1,29,1,adaptive,accept_id,0,ok,0.007604,1.1596875131252888,False,False,0.8623012567455
main-l2-n40-uniform-k1,29,2,paper,adaptive,0,ok,-0.015996999999999997,0.7080306625296587,False,False,1.412368210759673
main-l2-n40-uniform-k1,29,2,graph,adaptive,0,ok,0.006114000000000001,1.1115897061507574,False,False,0.8996125049257848
main-l2-n40-uniform-k1,29,2,adaptive,accept_static_degree,0,ok,0.001912999999999998,1.036178300584375,False,False,0.9650848695017339
main-l2-n40-uniform-k1,29,2,adaptive,accept_id,0,ok,0.0073659999999999975,1.1553221997300944,False,False,0.8655594086512137
main-l2-n40-uniform-k1,29,3,paper,adaptive,0,ok,-0.013602999999999997,0.755570329907281,False,False,1.3235035315940926
main-l2-n40-uniform-k1,29,3,graph,adaptive,0,ok,0.006894000000000004,1.1238769496154677,False,False,0.8897771240367089
main-l2-n40-uniform-k1,29,3,adaptive,accept_static_degree,0,ok,0.0033330000000000026,1.0637053460501922,False,False,0.9401099690936533
main-l2-n40-uniform-k1,29,3,adaptive,accept_id,0,ok,0.00895,1.1916406149629566,False,False,0.8391791849349529
main-l2-n40-uniform-k1,47,1,paper,adaptive,0,ok,-0.014842000000000001,0.7250106534748856,False,False,1.3792900769211112
main-l2-n40-uniform-k1,47,1,graph,adaptive,0,ok,0.0025449999999999987,1.047153206232746,False,False,0.9549700980218692
main-l2-n40-uniform-k1,47,1,adaptive,accept_static_degree,0,ok,0.0012209999999999999,1.023146041856233,False,False,0.9773775776777278
main-l2-n40-uniform-k1,47,1,adaptive,accept_id,0,ok,0.009930000000000001,1.2254614808255568,False,False,0.8160191206714468
main-l2-n40-uniform-k1,47,2,paper,adaptive,0,ok,-0.015611999999999994,0.7159130197434266,False,False,1.3968177312355436
main-l2-n40-uniform-k1,47,2,graph,adaptive,0,ok,0.0019510000000000013,1.0355017741788737,False,False,0.9657153902927634
main-l2-n40-uniform-k1,47,2,adaptive,accept_static_degree,0,ok,0.001110999999999994,1.0206336824901567,False,False,0.979783459193886
main-l2-n40-uniform-k1,47,2,adaptive,accept_id,0,ok,0.011379999999999994,1.261158921399885,False,False,0.7929214812119006
main-l2-n40-uniform-k1,47,3,paper,adaptive,0,ok,-0.011425000000000005,0.787236023688033,False,False,1.2702670735457622
main-l2-n40-uniform-k1,47,3,graph,adaptive,0,ok,0.0021839999999999984,1.040671905843793,False,False,0.9609176479009341
main-l2-n40-uniform-k1,47,3,adaptive,accept_static_degree,0,ok,-0.0015109999999999985,0.972631273886504,False,False,1.028138850608961
main-l2-n40-uniform-k1,47,3,adaptive,accept_id,0,ok,0.008657000000000005,1.19220265979885,False,False,0.8387835673581883
main-l2-n40-uniform-k1,71,1,paper,adaptive,0,ok,-0.010054,0.7883992086542914,False,False,1.268392952482648
main-l2-n40-uniform-k1,71,1,graph,adaptive,0,ok,-0.002710999999999998,0.9429431325504062,False,False,1.060509340892351
main-l2-n40-uniform-k1,71,1,adaptive,accept_static_degree,0,ok,-0.004372000000000001,0.915738349458428,False,False,1.0920149850570358
main-l2-n40-uniform-k1,71,1,adaptive,accept_id,0,ok,0.0031120000000000037,1.0700869330210352,False,False,0.9345035147535463
main-l2-n40-uniform-k1,71,2,paper,adaptive,0,ok,-0.008093000000000003,0.8325817128671906,False,False,1.2010833105573087
main-l2-n40-uniform-k1,71,2,graph,adaptive,0,ok,-0.0013649999999999982,0.9717625155151014,False,False,1.0290580095795636
main-l2-n40-uniform-k1,71,2,adaptive,accept_static_degree,0,ok,-0.002264999999999996,0.9552415769192768,False,False,1.0468556061232932
main-l2-n40-uniform-k1,71,2,adaptive,accept_id,0,ok,0.0016040000000000013,1.0343204382060938,False,False,0.9668183698800165
main-l2-n40-uniform-k1,71,3,paper,adaptive,0,ok,-0.010264000000000002,0.7823994572706651,False,False,1.2781194960032514
main-l2-n40-uniform-k1,71,3,graph,adaptive,0,ok,0.0009249999999999953,1.0196103372978014,False,False,0.9807668316214081
main-l2-n40-uniform-k1,71,3,adaptive,accept_static_degree,0,ok,-0.004011999999999995,0.9216115355307635,False,False,1.0850558629608429
main-l2-n40-uniform-k1,71,3,adaptive,accept_id,0,ok,-0.0005929999999999963,0.9875842720154098,False,False,1.0125718162352393
main-l2-n40-uniform-k1,101,1,paper,adaptive,0,ok,-0.018442,0.6810997752031818,False,False,1.4682136691378085
main-l2-n40-uniform-k1,101,1,graph,adaptive,0,ok,0.001902000000000001,1.0328895037177936,False,False,0.9681577713788253
main-l2-n40-uniform-k1,101,1,adaptive,accept_static_degree,0,ok,0.004404999999999999,1.0824520355638745,False,False,0.9238284627356045
main-l2-n40-uniform-k1,101,1,adaptive,accept_id,0,ok,0.011888000000000003,1.2587610465369379,False,False,0.7944319557323188
main-l2-n40-uniform-k1,101,2,paper,adaptive,0,ok,-0.013619000000000006,0.7396532278105943,False,False,1.351984906440608
main-l2-n40-uniform-k1,101,2,graph,adaptive,0,ok,0.006054999999999998,1.1157500334537669,False,False,0.8962580954665388
main-l2-n40-uniform-k1,101,2,adaptive,accept_static_degree,0,ok,-0.0014139999999999986,0.9736807817589577,False,False,1.027030643650475
main-l2-n40-uniform-k1,101,2,adaptive,accept_id,0,ok,0.005665000000000003,1.1214466406551473,False,False,0.8917053774540727
main-l2-n40-uniform-k1,101,3,paper,adaptive,0,ok,-0.015481000000000002,0.713373201755198,False,False,1.40179081235401
main-l2-n40-uniform-k1,101,3,graph,adaptive,0,ok,0.003494999999999998,1.064709040750958,False,False,0.9392237331756687
main-l2-n40-uniform-k1,101,3,adaptive,accept_static_degree,0,ok,-0.0019789999999999947,0.964654402571888,False,False,1.0366406843050489
main-l2-n40-uniform-k1,101,3,adaptive,accept_id,0,ok,0.008867000000000007,1.196415913521177,False,False,0.8358297383866248
main-l2-n40-zipf-k1,11,1,paper,adaptive,0,ok,-0.029773,0.6599120452338797,False,False,1.5153534584227653
main-l2-n40-zipf-k1,11,1,graph,adaptive,0,ok,-0.008893999999999999,0.8984065337826261,False,False,1.1130818425703424
main-l2-n40-zipf-k1,11,1,adaptive,accept_static_degree,0,ok,0.033166,1.609904558745104,False,False,0.6211548346564624
main-l2-n40-zipf-k1,11,1,adaptive,accept_id,0,ok,0.043229,1.9754716129614585,False,False,0.506208235764464
main-l2-n40-zipf-k1,11,2,paper,adaptive,0,ok,-0.026733,0.6923457585766403,False,False,1.4443650265957446
main-l2-n40-zipf-k1,11,2,graph,adaptive,0,ok,-0.008399000000000004,0.9033408905205252,False,False,1.1070018090554692
main-l2-n40-zipf-k1,11,2,adaptive,accept_static_degree,0,ok,0.031188,1.5598779283726776,False,False,0.6410758058761925
main-l2-n40-zipf-k1,11,2,adaptive,accept_id,0,ok,0.042547999999999996,1.9594768294057954,False,False,0.5103403035917738
main-l2-n40-zipf-k1,11,3,paper,adaptive,0,ok,-0.0278,0.6809328696530432,False,False,1.4685735475062787
main-l2-n40-zipf-k1,11,3,graph,adaptive,0,ok,-0.009858999999999993,0.8868459410758761,False,False,1.1275915620551313
main-l2-n40-zipf-k1,11,3,adaptive,accept_static_degree,0,ok,0.030893999999999998,1.5493731661776473,False,False,0.6454223048583135
main-l2-n40-zipf-k1,11,3,adaptive,accept_id,0,ok,0.041139999999999996,1.894561743025506,False,False,0.5278265560261223
main-l2-n40-zipf-k1,29,1,paper,adaptive,0,ok,-0.030183,0.6592533218934511,False,False,1.5168675936707992
main-l2-n40-zipf-k1,29,1,graph,adaptive,0,ok,-0.012351,0.8605651452375845,False,False,1.1620270766647427
main-l2-n40-zipf-k1,29,1,adaptive,accept_static_degree,0,ok,0.034058000000000005,1.6246767300673135,False,False,0.6155070614931304
main-l2-n40-zipf-k1,29,1,adaptive,accept_id,1,ok,0.04187300000000001,1.896522930672719,False,False,0.5483719617516566
main-l2-n40-zipf-k1,29,2,paper,adaptive,0,ok,-0.025679999999999994,0.7047800795530316,False,False,1.4188823279939973
main-l2-n40-zipf-k1,29,2,graph,adaptive,0,ok,-0.010539999999999994,0.8788310762651462,False,False,1.1378751013787511
main-l2-n40-zipf-k1,29,2,adaptive,accept_static_degree,0,ok,0.030779999999999995,1.5476283670782478,False,False,0.646149955165199
main-l2-n40-zipf-k1,29,2,adaptive,accept_id,1,ok,0.040312999999999995,1.8637327791228333,False,False,0.5580199112500862
main-l2-n40-zipf-k1,29,3,paper,adaptive,0,ok,-0.030677999999999997,0.6535868742871984,False,False,1.5300184862044537
main-l2-n40-zipf-k1,29,3,graph,adaptive,0,ok,-0.012441999999999995,0.8595060919838752,False,False,1.163458885662861
main-l2-n40-zipf-k1,29,3,adaptive,accept_static_degree,0,ok,0.031717999999999996,1.558012702098837,False,False,0.6418432909134024
main-l2-n40-zipf-k1,29,3,adaptive,accept_id,1,ok,0.042388,1.9180654523402136,False,False,0.5422129879515352
main-l2-n40-zipf-k1,47,1,paper,adaptive,0,ok,-0.015349999999999989,0.8179014176404296,False,False,1.2226412357676406
main-l2-n40-zipf-k1,47,1,graph,adaptive,0,ok,-0.0010819999999999996,0.9871641259861201,False,False,1.0130027760085563
main-l2-n40-zipf-k1,47,1,adaptive,accept_static_degree,0,ok,0.028154999999999993,1.5015140719629496,False,False,0.665994424343081
main-l2-n40-zipf-k1,47,1,adaptive,accept_id,0,ok,0.039823,1.8954623133657131,False,False,0.5275757755501513
main-l2-n40-zipf-k1,47,2,paper,adaptive,0,ok,-0.018944000000000003,0.778108345534407,False,False,1.2851680691243546
main-l2-n40-zipf-k1,47,2,graph,adaptive,0,ok,-0.004469000000000001,0.9476544655929722,False,False,1.0552369416359726
main-l2-n40-zipf-k1,47,2,adaptive,accept_static_degree,0,ok,0.031094000000000004,1.572833956633076,False,False,0.6357950219619326
main-l2-n40-zipf-k1,47,2,adaptive,accept_id,0,ok,0.041948000000000006,1.9659428466161606,False,False,0.5086617862371888
main-l2-n40-zipf-k1,47,3,paper,adaptive,0,ok,-0.024072999999999997,0.7401362306637737,False,False,1.3511026194504405
main-l2-n40-zipf-k1,47,3,graph,adaptive,0,ok,-0.011700000000000002,0.8737005732050908,False,False,1.1445568775714445
main-l2-n40-zipf-k1,47,3,adaptive,accept_static_degree,0,ok,0.041110999999999995,1.7978690369910335,False,False,0.5562140397465376
main-l2-n40-zipf-k1,47,3,adaptive,accept_id,0,ok,0.048797999999999994,2.1131184561691643,False,False,0.473234236860002
main-l2-n40-zipf-k1,71,1,paper,adaptive,0,ok,-0.035886,0.6358119285141621,False,False,1.5727921342037638
main-l2-n40-zipf-k1,71,1,graph,adaptive,0,ok,-0.017577999999999996,0.8216101565909253,False,False,1.2171222470633283
main-l2-n40-zipf-k1,71,1,adaptive,accept_static_degree,0,ok,0.042421,1.7559519566612019,False,False,0.5694916630301308
main-l2-n40-zipf-k1,71,1,adaptive,accept_id,1,ok,0.053096,2.1684602011399394,False,False,0.4803715863076814
main-l2-n40-zipf-k1,71,2,paper,adaptive,0,ok,-0.034570000000000004,0.6362316248040154,False,False,1.5717546267965532
main-l2-n40-zipf-k1,71,2,graph,adaptive,0,ok,-0.011185,0.8823040417539171,False,False,1.1333961454059724
main-l2-n40-zipf-k1,71,2,adaptive,accept_static_degree,0,ok,0.040531000000000005,1.7436607830905289,False,False,0.5735060452684857
main-l2-n40-zipf-k1,71,2,adaptive,accept_id,1,ok,0.04858300000000001,2.045920344456405,False,False,0.5091433151291306
main-l2-n40-zipf-k1,71,3,paper,adaptive,0,ok,-0.025442999999999993,0.7154122344887756,False,False,1.3977954971857407
main-l2-n40-zipf-k1,71,3,graph,adaptive,0,ok,-0.009147000000000002,0.8976879970470789,False,False,1.1139727870813396
main-l2-n40-zipf-k1,71,3,adaptive,accept_static_degree,0,ok,0.035452,1.657114789345888,False,False,0.603458496918448
main-l2-n40-zipf-k1,71,3,adaptive,accept_id,1,ok,0.046137,2.066356954652614,False,False,0.5041078039886805
main-l2-n40-zipf-k1,101,1,paper,adaptive,0,ok,-0.02029600000000001,0.7771237810770446,False,False,1.286796292109428
main-l2-n40-zipf-k1,101,1,graph,adaptive,0,ok,-0.00812700000000001,0.9107550733550029,False,False,1.097990040633252
main-l2-n40-zipf-k1,101,1,adaptive,accept_static_degree,0,ok,0.04156800000000001,1.8398254404396317,False,False,0.5435298251778968
main-l2-n40-zipf-k1,101,1,adaptive,accept_id,1,ok,0.04788900000000001,2.109183555298205,False,False,0.49669410942801084
main-l2-n40-zipf-k1,101,2,paper,adaptive,0,ok,-0.027449,0.7170818688737489,False,False,1.394540907261542
main-l2-n40-zipf-k1,101,2,graph,adaptive,0,ok,-0.01142,0.8822935240824151,False,False,1.1334096564292473
main-l2-n40-zipf-k1,101,2,adaptive,accept_static_degree,0,ok,0.045174,1.8712943854032056,False,False,0.5343894620752208
main-l2-n40-zipf-k1,101,2,adaptive,accept_id,1,ok,0.054368999999999994,2.274711619619244,False,False,0.4605502686948972
main-l2-n40-zipf-k1,101,3,paper,adaptive,0,ok,-0.029018000000000002,0.7033682596473294,False,False,1.4217303472030465
main-l2-n40-zipf-k1,101,3,graph,adaptive,0,ok,-0.010685,0.8907743419371327,False,False,1.1226187743860454
main-l2-n40-zipf-k1,101,3,adaptive,accept_static_degree,0,ok,0.044934999999999996,1.8495934959349594,False,False,0.5406593406593406
main-l2-n40-zipf-k1,101,3,adaptive,accept_id,1,ok,0.053723999999999994,2.2182036688510465,False,False,0.4722826232460784
main-l3-n40-uniform-k1,11,1,paper,adaptive,0,ok,-0.018037000000000004,0.7245839059398381,False,False,1.3801024171285272
main-l3-n40-uniform-k1,11,1,graph,adaptive,0,ok,-0.002041000000000001,0.9688349366315467,False,False,1.0321675676527606
main-l3-n40-uniform-k1,11,1,adaptive,accept_static_degree,0,ok,-0.07070999999999998,0.48083700440528643,False,False,2.0797068254695366
main-l3-n40-uniform-k1,11,1,adaptive,accept_id,0,ok,0.012813000000000005,1.2432370863944417,False,False,0.8043518094365552
main-l3-n40-uniform-k1,11,2,paper,adaptive,0,ok,-0.017556000000000002,0.7353193927241478,False,False,1.3599532528243088
main-l3-n40-uniform-k1,11,2,graph,adaptive,0,ok,-0.0026540000000000036,0.9599873358561112,False,False,1.041680408323518
main-l3-n40-uniform-k1,11,2,adaptive,accept_static_degree,0,ok,-0.064144,0.5083733799330129,False,False,1.967058149527356
main-l3-n40-uniform-k1,11,2,adaptive,accept_id,0,ok,0.015865999999999998,1.314408576580861,False,False,0.7607984441194651
main-l3-n40-uniform-k1,11,3,paper,adaptive,0,ok,-0.020818999999999997,0.693982243650047,False,False,1.440959057886599
main-l3-n40-uniform-k1,11,3,graph,adaptive,0,ok,-0.003131999999999996,0.9539628410159925,False,False,1.0482588597842835
main-l3-n40-uniform-k1,11,3,adaptive,accept_static_degree,0,ok,-0.06158200000000001,0.5248815714351844,False,False,1.905191674506115
main-l3-n40-uniform-k1,11,3,adaptive,accept_id,0,ok,0.016716999999999996,1.3257721913670466,False,False,0.7542773988711196
main-l3-n40-uniform-k1,29,1,paper,adaptive,0,ok,-0.006985999999999999,0.8695960576420518,False,False,1.1499592152148714
main-l3-n40-uniform-k1,29,1,graph,adaptive,0,ok,-0.0010570000000000024,0.9802695437915329,False,False,1.020127582595449
main-l3-n40-uniform-k1,29,1,adaptive,accept_static_degree,0,ok,-0.083809,0.3899520312124675,False,False,2.5644179795415516
main-l3-n40-uniform-k1,29,1,adaptive,accept_id,0,ok,0.0027280000000000013,1.0536543151600977,False,False,0.9490778765026505
main-l3-n40-uniform-k1,29,2,paper,adaptive,0,ok,-0.005961000000000001,0.8847536926765138,False,False,1.1302580687454933
main-l3-n40-uniform-k1,29,2,graph,adaptive,0,ok,-0.0003449999999999981,0.993329982213286,False,False,1.0067148056599
main-l3-n40-uniform-k1,29,2,adaptive,accept_static_degree,0,ok,-0.087288,0.37208298564152736,False,False,2.687572500193334
main-l3-n40-uniform-k1,29,2,adaptive,accept_id,0,ok,0.0031040000000000026,1.0638420403126285,False,False,0.9399891733044621
main-l3-n40-uniform-k1,29,3,paper,adaptive,0,ok,-0.006090999999999999,0.8857223264540338,False,False,1.1290220085153255
main-l3-n40-uniform-k1,29,3,graph,adaptive,0,ok,-0.0006429999999999977,0.9879362101313321,False,False,1.0122111020377156
main-l3-n40-uniform-k1,29,3,adaptive,accept_static_degree,0,ok,-0.083917,0.388435835209923,False,False,2.5744277673545968
main-l3-n40-uniform-k1,29,3,adaptive,accept_id,0,ok,0.0001979999999999968,1.0037286731196564,False,False,0.9962851782363978
main-l3-n40-uniform-k1,47,1,paper,adaptive,0,ok,-0.029310999999999997,0.6348039521062534,False,False,1.5752894995093227
main-l3-n40-uniform-k1,47,1,graph,adaptive,0,ok,-0.008317000000000005,0.8963755746875817,False,False,1.115603802957856
main-l3-n40-uniform-k1,47,1,adaptive,accept_static_degree,0,ok,-0.05358399999999999,0.5996563188763122,False,False,1.6676218836047394
main-l3-n40-uniform-k1,47,1,adaptive,accept_id,0,ok,0.026506000000000002,1.4930890149753513,False,False,0.6697524326883542
main-l3-n40-uniform-k1,47,2,paper,adaptive,0,ok,-0.026392000000000006,0.6644629780309194,False,False,1.504974743609368
main-l3-n40-uniform-k1,47,2,graph,adaptive,0,ok,-0.01072200000000001,0.8636849064279901,False,False,1.1578296581976628
main-l3-n40-uniform-k1,47,2,adaptive,accept_static_degree,0,ok,-0.23432199999999997,0.2513147888989003,False,False,3.979073433685923
main-l3-n40-uniform-k1,47,2,adaptive,accept_id,0,ok,0.024238000000000003,1.4454040942335258,False,False,0.6918480471928397
main-l3-n40-uniform-k1,47,3,paper,adaptive,0,ok,-0.021607,0.7177584742995232,False,False,1.3932263230690838
main-l3-n40-uniform-k1,47,3,graph,adaptive,0,ok,-0.008389999999999995,0.8904055907517472,False,False,1.123083693977848
main-l3-n40-uniform-k1,47,3,adaptive,accept_static_degree,0,ok,-0.055154999999999996,0.581239085870473,False,False,1.7204624126445038
main-l3-n40-uniform-k1,47,3,adaptive,accept_id,0,ok,0.021942999999999997,1.4017981396030177,False,False,0.7133694729279603
main-l3-n40-uniform-k1,71,1,paper,adaptive,0,ok,-0.011899,0.796553080171662,False,False,1.25540911822787
main-l3-n40-uniform-k1,71,1,graph,adaptive,0,ok,-0.005837999999999996,0.9001829466377145,False,False,1.110885296966704
main-l3-n40-uniform-k1,71,1,adaptive,accept_static_degree,0,ok,-0.08356500000000001,0.41172950750429416,False,False,2.4287790449159643
main-l3-n40-uniform-k1,71,1,adaptive,accept_id,0,ok,0.004118999999999998,1.0757614773396116,False,False,0.9295740933882743
main-l3-n40-uniform-k1,71,2,paper,adaptive,0,ok,-0.007677000000000003,0.8528238947893102,False,False,1.1725750252894236
main-l3-n40-uniform-k1,71,2,graph,adaptive,0,ok,0.001578999999999997,1.0302710785629385,False,False,0.9706183360934856
main-l3-n40-uniform-k1,71,2,adaptive,accept_static_degree,0,ok,-0.08614100000000001,0.377157400779448,False,False,2.651412905946858
main-l3-n40-uniform-k1,71,2,adaptive,accept_id,0,ok,0.0002539999999999973,1.0048932727132618,False,False,0.995130554810015
main-l3-n40-uniform-k1,71,3,paper,adaptive,0,ok,-0.008843000000000004,0.8356594621717556,False,False,1.1966596984388205
main-l3-n40-uniform-k1,71,3,graph,adaptive,0,ok,-0.0016450000000000006,0.9694289059451021,False,False,1.0315351583467525
main-l3-n40-uniform-k1,71,3,adaptive,accept_static_degree,0,ok,-0.092008,0.3690173299409534,False,False,2.7098998308833093
main-l3-n40-uniform-k1,71,3,adaptive,accept_id,0,ok,0.0027290000000000023,1.0534259984338292,False,False,0.9492835770967681
main-l3-n40-uniform-k1,101,1,paper,adaptive,0,ok,-0.026267,0.6572498564643249,False,False,1.521491393515853
main-l3-n40-uniform-k1,101,1,graph,adaptive,0,ok,-0.006288999999999989,0.9179367399133568,False,False,1.0893996901076093
main-l3-n40-uniform-k1,101,1,adaptive,accept_static_degree,0,ok,-0.056484999999999994,0.5756867811990595,False,False,1.7370556918419542
main-l3-n40-uniform-k1,101,1,adaptive,accept_id,0,ok,0.023695999999999995,1.4476010578012843,False,False,0.6907980583537764
main-l3-n40-uniform-k1,101,2,paper,adaptive,0,ok,-0.025,0.6604045261284758,False,False,1.514223419791431
main-l3-n40-uniform-k1,101,2,graph,adaptive,0,ok,-0.003165000000000001,0.9570072130078651,False,False,1.0449242037131663
main-l3-n40-uniform-k1,101,2,adaptive,accept_static_degree,0,ok,-0.054744,0.5735153200738542,False,False,1.743632584864909
main-l3-n40-uniform-k1,101,2,adaptive,accept_id,0,ok,0.020723000000000005,1.3917835671342687,False,False,0.7185025197984161
main-l3-n40-uniform-k1,101,3,paper,adaptive,0,ok,-0.028498000000000002,0.6222228113897873,False,False,1.6071413353785848
main-l3-n40-uniform-k1,101,3,graph,adaptive,0,ok,-0.006530000000000008,0.913436555490747,False,False,1.0947667837343629
main-l3-n40-uniform-k1,101,3,adaptive,accept_static_degree,0,ok,-0.06029899999999999,0.5557593840940067,False,False,1.7993398377432521
main-l3-n40-uniform-k1,101,3,adaptive,accept_id,0,ok,0.022442000000000004,1.4234819036117297,False,False,0.7025027838167452
main-l3-n40-zipf-k1,11,1,paper,adaptive,0,ok,-0.066609,0.5285887173825347,False,False,1.8918300128534702
main-l3-n40-zipf-k1,11,1,graph,adaptive,0,ok,-0.03478200000000001,0.7538376610968386,False,False,1.3265455569638078
main-l3-n40-zipf-k1,11,1,adaptive,accept_static_degree,0,ok,0.003291000000000016,1.0238467892700318,False,False,0.9767086350028663
main-l3-n40-zipf-k1,11,1,adaptive,accept_id,1,ok,0.087363,2.619813104905996,False,False,0.39830255788685626
main-l3-n40-zipf-k1,11,2,paper,adaptive,0,ok,-0.08648399999999999,0.4663754326860782,False,False,2.1441952768406427
main-l3-n40-zipf-k1,11,2,graph,adaptive,0,ok,-0.06192299999999999,0.6179219961868093,False,False,1.6183272422263495
main-l3-n40-zipf-k1,11,2,adaptive,accept_static_degree,0,ok,0.025052999999999992,1.1828472587143106,False,False,0.8454176924643209
main-l3-n40-zipf-k1,11,2,adaptive,accept_id,1,ok,0.108987,3.053181869560303,False,False,0.3417674758496582
main-l3-n40-zipf-k1,11,3,paper,adaptive,0,ok,-0.068967,0.5295534075948677,False,False,1.8883836562242373
main-l3-n40-zipf-k1,11,3,graph,adaptive,0,ok,-0.043643,0.7022967414511695,False,False,1.4238995298962664
main-l3-n40-zipf-k1,11,3,adaptive,accept_static_degree,0,ok,0.009760000000000019,1.0713246954450122,False,False,0.9334238296304885
main-l3-n40-zipf-k1,11,3,adaptive,accept_id,1,ok,0.09617,2.907037617244046,False,False,0.35894900522780715
main-l3-n40-zipf-k1,29,1,paper,adaptive,0,ok,-0.07987999999999999,0.49128471625175935,False,False,2.0354795639267333
main-l3-n40-zipf-k1,29,1,graph,adaptive,0,ok,-0.055384,0.6472873400711997,False,False,1.5449089424335147
main-l3-n40-zipf-k1,29,1,adaptive,accept_static_degree,0,ok,0.01955499999999999,1.1422512875723805,False,False,0.8754641039847667
main-l3-n40-zipf-k1,29,1,adaptive,accept_id,0,ok,0.105973,3.0758667972575906,False,False,0.3251116078536266
main-l3-n40-zipf-k1,29,2,paper,adaptive,0,ok,-0.066445,0.5414423740510697,False,False,1.8469186157670003
main-l3-n40-zipf-k1,29,2,graph,adaptive,0,ok,-0.04349700000000001,0.6998136645962733,False,False,1.4289518061595812
main-l3-n40-zipf-k1,29,2,adaptive,accept_static_degree,0,ok,0.010523000000000005,1.078309532137196,False,False,0.9273775017253278
main-l3-n40-zipf-k1,29,2,adaptive,accept_id,0,ok,0.092695,2.775596207259841,False,False,0.36028295376121466
main-l3-n40-zipf-k1,29,3,paper,adaptive,0,ok,-0.06380200000000001,0.563290142850298,False,False,1.7752840391275293
main-l3-n40-zipf-k1,29,3,graph,adaptive,0,ok,-0.04495600000000001,0.6922866314845616,False,False,1.4444883874986407
main-l3-n40-zipf-k1,29,3,adaptive,accept_static_degree,0,ok,0.0070290000000000075,1.0505436189490034,False,False,0.9518881291196943
main-l3-n40-zipf-k1,29,3,adaptive,accept_id,0,ok,0.09555,2.8903199002908186,False,False,0.3459824637056202
main-l3-n40-zipf-k1,47,1,paper,adaptive,0,ok,-0.06881700000000002,0.5389732630351914,False,False,1.855379605230448
main-l3-n40-zipf-k1,47,1,graph,adaptive,0,ok,-0.04403400000000002,0.7050023782567042,False,False,1.4184349313441347
main-l3-n40-zipf-k1,47,1,adaptive,accept_static_degree,0,ok,0.013140000000000013,1.096526089224192,False,False,0.9119710053661509
main-l3-n40-zipf-k1,47,1,adaptive,accept_id,0,ok,0.09537300000000001,2.769574736529613,False,False,0.36106626292130317
main-l3-n40-zipf-k1,47,2,paper,adaptive,0,ok,-0.05309899999999999,0.6270325702926901,False,False,1.5948134871737425
main-l3-n40-zipf-k1,47,2,graph,adaptive,0,ok,-0.03587699999999999,0.7479999157119879,False,False,1.33689854636968
main-l3-n40-zipf-k1,47,2,adaptive,accept_static_degree,0,ok,0.003283000000000008,1.023604101059776,False,False,0.9769402046793894
main-l3-n40-zipf-k1,47,2,adaptive,accept_id,0,ok,0.08978799999999999,2.70761301610848,False,False,0.36932899718337564
main-l3-n40-zipf-k1,47,3,paper,adaptive,0,ok,-0.064995,0.5651024764300865,False,False,1.769590546332915
main-l3-n40-zipf-k1,47,3,graph,adaptive,0,ok,-0.042144,0.718004135189931,False,False,1.3927496388798284
main-l3-n40-zipf-k1,47,3,adaptive,accept_static_degree,0,ok,0.009272000000000002,1.0661449453191323,False,False,0.9379587685431151
main-l3-n40-zipf-k1,47,3,adaptive,accept_id,0,ok,0.099612,2.9987559443786744,False,False,0.3334716190807567
main-l3-n40-zipf-k1,71,1,paper,adaptive,0,ok,-0.06564600000000001,0.563375878788685,False,False,1.7750138719998112
main-l3-n40-zipf-k1,71,1,graph,adaptive,0,ok,-0.04071300000000001,0.7292100379783037,False,False,1.3713470028092962
main-l3-n40-zipf-k1,71,1,adaptive,accept_static_degree,0,ok,0.01567200000000002,1.1163673084491044,False,False,0.8957625258565071
main-l3-n40-zipf-k1,71,1,adaptive,accept_id,2,ok,0.10151600000000001,3.0788401286015605,False,False,0.36300912426108195
main-l3-n40-zipf-k1,71,2,paper,adaptive,0,ok,-0.064706,0.5698425783119715,False,False,1.7548706222730346
main-l3-n40-zipf-k1,71,2,graph,adaptive,0,ok,-0.036698999999999996,0.7560296229325107,False,False,1.3226994943943722
main-l3-n40-zipf-k1,71,2,adaptive,accept_static_degree,0,ok,0.009461999999999998,1.0671244732622975,False,False,0.937097803541988
main-l3-n40-zipf-k1,71,2,adaptive,accept_id,2,ok,0.099874,2.9757467853610287,False,False,0.3755854040813262
main-l3-n40-zipf-k1,71,3,paper,adaptive,0,ok,-0.066437,0.5613821970172115,False,False,1.7813176216012796
main-l3-n40-zipf-k1,71,3,graph,adaptive,0,ok,-0.042265,0.7209660062455023,False,False,1.3870279476942238
main-l3-n40-zipf-k1,71,3,adaptive,accept_static_degree,0,ok,0.018810999999999994,1.1418007206500926,False,False,0.875809571595508
main-l3-n40-zipf-k1,71,3,adaptive,accept_id,2,ok,0.101501,3.03132004482869,False,False,0.36869978830845995
main-l3-n40-zipf-k1,101,1,paper,adaptive,0,ok,-0.06558800000000001,0.5676780193921337,False,False,1.7615619520917758
main-l3-n40-zipf-k1,101,1,graph,adaptive,0,ok,-0.04433200000000001,0.7077865151505164,False,False,1.4128554000316638
main-l3-n40-zipf-k1,101,1,adaptive,accept_static_degree,0,ok,0.013586000000000015,1.0983601809954753,False,False,0.9104481547152151
main-l3-n40-zipf-k1,101,1,adaptive,accept_id,1,ok,0.099276,2.8933155335176886,False,False,0.36482559310501916
main-l3-n40-zipf-k1,101,2,paper,adaptive,0,ok,-0.07089,0.5451512312805574,False,False,1.8343533731933526
main-l3-n40-zipf-k1,101,2,graph,adaptive,0,ok,-0.04944,0.6827800377276169,False,False,1.4646005224876426
main-l3-n40-zipf-k1,101,2,adaptive,accept_static_degree,0,ok,0.016139999999999988,1.1155217086333509,False,False,0.8964415414426322
main-l3-n40-zipf-k1,101,2,adaptive,accept_id,1,ok,0.109516,3.3634166342958265,False,False,0.31383431502132336
main-l3-n40-zipf-k1,101,3,paper,adaptive,0,ok,-0.059169999999999986,0.5909945530455941,False,False,1.6920629722332687
main-l3-n40-zipf-k1,101,3,graph,adaptive,0,ok,-0.03443099999999999,0.7619998894019411,False,False,1.3123361484800928
main-l3-n40-zipf-k1,101,3,adaptive,accept_static_degree,0,ok,0.009751999999999983,1.0722820125114885,False,False,0.9325904830370229
main-l3-n40-zipf-k1,101,3,adaptive,accept_id,1,ok,0.09520699999999999,2.9248903176239867,False,False,0.3608872268458355
main-l4-n40-uniform-k1,11,1,paper,adaptive,0,ok,-0.058662,0.5087798628381943,False,False,1.9654865945785809
main-l4-n40-uniform-k1,11,1,graph,adaptive,0,ok,-0.040580000000000005,0.6601937682652129,False,False,1.5147068149820524
main-l4-n40-uniform-k1,11,1,adaptive,accept_static_degree,0,ok,-0.133206,0.47271669299006047,False,False,2.115431959203155
main-l4-n40-uniform-k1,11,1,adaptive,accept_id,0,ok,0.05771,1.9351655296462542,False,False,0.5167516600932835
main-l4-n40-uniform-k1,11,2,paper,adaptive,0,ok,-0.054100999999999996,0.5333988805229976,False,False,1.8747695889790772
main-l4-n40-uniform-k1,11,2,graph,adaptive,0,ok,-0.038452,0.6683657188198056,False,False,1.4961868507645655
main-l4-n40-uniform-k1,11,2,adaptive,accept_static_degree,0,ok,-0.128941,0.4734695044265133,False,False,2.1120684450654177
main-l4-n40-uniform-k1,11,2,adaptive,accept_id,0,ok,0.055053,1.9040792196275496,False,False,0.5251882325545293
main-l4-n40-uniform-k1,11,3,paper,adaptive,0,ok,-0.052205999999999995,0.5335126392822996,False,False,1.874369839382317
main-l4-n40-uniform-k1,11,3,graph,adaptive,0,ok,-0.031027,0.7227578565492838,False,False,1.3835892490665878
main-l4-n40-uniform-k1,11,3,adaptive,accept_static_degree,0,ok,-0.14169400000000004,0.44128513802852437,False,False,2.2661084949916455
main-l4-n40-uniform-k1,11,3,adaptive,accept_id,0,ok,0.050415999999999996,1.8198123485698487,False,False,0.5495072064907561
main-l4-n40-uniform-k1,29,1,paper,adaptive,0,ok,-0.027472999999999997,0.6763770437732649,False,False,1.4784653163586965
main-l4-n40-uniform-k1,29,1,graph,adaptive,0,ok,-0.010195999999999997,0.8798944541299534,False,False,1.136499946449609
main-l4-n40-uniform-k1,29,1,adaptive,accept_static_degree,0,ok,-0.16799899999999998,0.3356861256430636,False,False,2.978973283701644
main-l4-n40-uniform-k1,29,1,adaptive,accept_id,0,ok,0.024418999999999996,1.4038000429943942,False,False,0.7123521651038968
main-l4-n40-uniform-k1,29,2,paper,adaptive,0,ok,-0.021601999999999996,0.7356906888535422,False,False,1.3592668972857902
main-l4-n40-uniform-k1,29,2,graph,adaptive,0,ok,-0.006423999999999999,0.921399730820996,False,False,1.0853052877592755
main-l4-n40-uniform-k1,29,2,adaptive,accept_static_degree,0,ok,-0.23058199999999998,0.26169343477035784,False,False,3.8212651413189773
main-l4-n40-uniform-k1,29,2,adaptive,accept_id,0,ok,0.022219999999999997,1.3733826247689462,False,False,0.7281292059219381
main-l4-n40-uniform-k1,29,3,paper,adaptive,0,ok,-0.027121999999999993,0.6810377269733748,False,False,1.4683474356760489
main-l4-n40-uniform-k1,29,3,graph,adaptive,0,ok,-0.011296,0.8671558942515759,False,False,1.153195182814365
main-l4-n40-uniform-k1,29,3,adaptive,accept_static_degree,0,ok,-0.157215,0.3510136348437752,False,False,2.848892181766864
main-l4-n40-uniform-k1,29,3,adaptive,accept_id,0,ok,0.024950999999999994,1.4152893593648572,False,False,0.7065692915608243
main-l4-n40-uniform-k1,47,1,paper,adaptive,0,ok,-0.031566000000000004,0.6501025328382197,False,False,1.5382188954628384
main-l4-n40-uniform-k1,47,1,graph,adaptive,0,ok,-0.012388999999999997,0.8626725045724104,False,False,1.1591884460206099
main-l4-n40-uniform-k1,47,1,adaptive,accept_static_degree,0,ok,-0.15677799999999997,0.36525326628689886,False,False,2.7378263038297397
main-l4-n40-uniform-k1,47,1,adaptive,accept_id,0,ok,0.029118000000000005,1.4765864117714456,False,False,0.6772377099152026
main-l4-n40-uniform-k1,47,2,paper,adaptive,0,ok,-0.031936,0.6436350651669345,False,False,1.5536754507628294
main-l4-n40-uniform-k1,47,2,graph,adaptive,0,ok,-0.012589000000000003,0.8595228530619532,False,False,1.1634361976969114
main-l4-n40-uniform-k1,47,2,adaptive,accept_static_degree,0,ok,-0.156414,0.3642482624070235,False,False,2.745380289234065
main-l4-n40-uniform-k1,47,2,adaptive,accept_id,0,ok,0.031657000000000005,1.5461964492140998,False,False,0.6467483485091947
main-l4-n40-uniform-k1,47,3,paper,adaptive,0,ok,-0.031048999999999993,0.6575981473312749,False,False,1.5206855494625278
main-l4-n40-uniform-k1,47,3,graph,adaptive,0,ok,-0.014397999999999994,0.8412218791354213,False,False,1.1887470176450539
main-l4-n40-uniform-k1,47,3,adaptive,accept_static_degree,0,ok,-0.157655,0.365151911732136,False,False,2.7385862373180414
main-l4-n40-uniform-k1,47,3,adaptive,accept_id,0,ok,0.031671,1.536714738429731,False,False,0.6507388619320688
main-l4-n40-uniform-k1,71,1,paper,adaptive,0,ok,-0.032459999999999996,0.6393253183404076,False,False,1.5641489102853767
main-l4-n40-uniform-k1,71,1,graph,adaptive,0,ok,-0.01299299999999999,0.8556301251138915,False,False,1.168729303291994
main-l4-n40-uniform-k1,71,1,adaptive,accept_static_degree,0,ok,-0.171361,0.3443462823166602,False,False,2.9040534234094095
main-l4-n40-uniform-k1,71,1,adaptive,accept_id,0,ok,0.031750999999999995,1.5451096193795388,False,False,0.647203271183804
main-l4-n40-uniform-k1,71,2,paper,adaptive,0,ok,-0.026074000000000007,0.6913735145116234,False,False,1.4463961650402328
main-l4-n40-uniform-k1,71,2,graph,adaptive,0,ok,-0.011565000000000006,0.8631101747076368,False,False,1.1586006390652641
main-l4-n40-uniform-k1,71,2,adaptive,accept_static_degree,0,ok,-0.164854,0.33883323039408353,False,False,2.951304388996733
main-l4-n40-uniform-k1,71,2,adaptive,accept_id,0,ok,0.026143000000000007,1.448106820246482,False,False,0.6905567918185691
main-l4-n40-uniform-k1,71,3,paper,adaptive,0,ok,-0.028242999999999997,0.6721305766127628,False,False,1.487806141835642
main-l4-n40-uniform-k1,71,3,graph,adaptive,0,ok,-0.011997999999999995,0.8607167318698413,False,False,1.16182242423425
main-l4-n40-uniform-k1,71,3,adaptive,accept_static_degree,0,ok,-0.16480399999999998,0.3432664528083843,False,False,2.913188841550481
main-l4-n40-uniform-k1,71,3,adaptive,accept_id,0,ok,0.026768999999999994,1.4508690965438253,False,False,0.6892420566280865
main-l4-n40-uniform-k1,101,1,paper,adaptive,0,ok,-0.008181999999999995,0.8804640018700328,False,False,1.1357647761590282
main-l4-n40-uniform-k1,101,1,graph,adaptive,0,ok,0.012484000000000009,1.1823866292660123,False,False,0.8457470469035733
main-l4-n40-uniform-k1,101,1,adaptive,accept_static_degree,0,ok,-0.16867900000000002,0.2886554462376701,False,False,3.4643378915381025
main-l4-n40-uniform-k1,101,1,adaptive,accept_id,0,ok,0.010938999999999997,1.19021370568085,False,False,0.8401852501168772
main-l4-n40-uniform-k1,101,2,paper,adaptive,0,ok,-0.011486999999999997,0.8380630154366674,False,False,1.1932276947920872
main-l4-n40-uniform-k1,101,2,graph,adaptive,0,ok,0.004733000000000001,1.0667230563191654,False,False,0.9374504414019136
main-l4-n40-uniform-k1,101,2,adaptive,accept_static_degree,0,ok,-0.20220000000000002,0.259706738426053,False,False,3.8504969338126456
main-l4-n40-uniform-k1,101,2,adaptive,accept_id,0,ok,0.006957999999999992,1.108757834846898,False,False,0.9019101994783959
main-l4-n40-uniform-k1,101,3,paper,adaptive,0,ok,-0.015538999999999997,0.8416972290138549,False,False,1.1880756708342914
main-l4-n40-uniform-k1,101,3,graph,adaptive,0,ok,-0.0004989999999999994,0.9949164629176854,False,False,1.005109511473362
main-l4-n40-uniform-k1,101,3,adaptive,accept_static_degree,0,ok,-0.261127,0.2732077698330304,False,False,3.660218011409943
main-l4-n40-uniform-k1,101,3,adaptive,accept_id,0,ok,0.0059989999999999905,1.065092609672204,False,False,0.9388854930725348
main-l4-n40-zipf-k1,11,1,paper,adaptive,0,ok,-0.22643599999999997,0.4199154604841809,False,False,2.3814317263931084
main-l4-n40-zipf-k1,11,1,graph,adaptive,0,ok,-0.19011099999999997,0.512972972972973,False,False,1.9494204425711272
main-l4-n40-zipf-k1,11,1,adaptive,accept_static_degree,0,ok,-0.019742000000000037,0.951859582727778,False,False,1.0505751248879214
main-l4-n40-zipf-k1,11,1,adaptive,accept_id,1,ok,0.30652899999999994,4.6569475429784895,False,False,0.23125084982904895
main-l4-n40-zipf-k1,11,2,paper,adaptive,0,ok,-0.222483,0.43111198617176877,False,False,2.319582920623246
main-l4-n40-zipf-k1,11,2,graph,adaptive,0,ok,-0.188043,0.5191749087152633,False,False,1.926133145522333
main-l4-n40-zipf-k1,11,2,adaptive,accept_static_degree,0,ok,-0.03453600000000001,0.918857196560312,False,False,1.0883083941045915
main-l4-n40-zipf-k1,11,2,adaptive,accept_id,1,ok,0.333375,6.776828570933476,False,False,0.15891254524898452
main-l4-n40-zipf-k1,11,3,paper,adaptive,0,ok,-0.22813999999999998,0.4088289558241257,False,False,2.446010698983343
main-l4-n40-zipf-k1,11,3,graph,adaptive,0,ok,-0.17342899999999997,0.5505996185658907,False,False,1.8162017667295733
main-l4-n40-zipf-k1,11,3,adaptive,accept_static_degree,0,ok,-0.022508000000000028,0.9448900641496498,False,False,1.058324177532702
main-l4-n40-zipf-k1,11,3,adaptive,accept_id,1,ok,0.30736199999999997,4.9129471674092935,False,False,0.21920102948938536
main-l4-n40-zipf-k1,29,1,paper,adaptive,0,ok,-0.109795,0.5826173894531963,False,False,1.7163922981058455
main-l4-n40-zipf-k1,29,1,graph,adaptive,0,ok,-0.12383100000000002,0.5292599294446809,False,False,1.8894307775184058
main-l4-n40-zipf-k1,29,1,adaptive,accept_static_degree,0,ok,-0.028005999999999975,0.9037799506634326,False,False,1.106464022869655
main-l4-n40-zipf-k1,29,1,adaptive,accept_id,1,ok,0.20212000000000002,4.316922672968361,False,False,0.24612439936743508
main-l4-n40-zipf-k1,29,2,paper,adaptive,0,ok,-0.157443,0.4160386036229841,False,False,2.403623104422791
main-l4-n40-zipf-k1,29,2,graph,adaptive,0,ok,-0.12172400000000003,0.5485215791581977,False,False,1.8230823325760037
main-l4-n40-zipf-k1,29,2,adaptive,accept_static_degree,0,ok,-0.02040799999999998,0.9296324391421282,False,False,1.0756939602094862
main-l4-n40-zipf-k1,29,2,adaptive,accept_id,1,ok,0.20923600000000003,4.4655492248575595,False,False,0.23793265878373365
main-l4-n40-zipf-k1,29,3,paper,adaptive,0,ok,-0.148448,0.4288506450284905,False,False,2.331814144604039
main-l4-n40-zipf-k1,29,3,graph,adaptive,0,ok,-0.072347,0.7216470253279007,False,False,1.385719007911966
main-l4-n40-zipf-k1,29,3,adaptive,accept_static_degree,0,ok,-0.02898400000000001,0.8996728915349868,False,False,1.111515095551939
main-l4-n40-zipf-k1,29,3,adaptive,accept_id,1,ok,0.201999,4.4880335681723995,False,False,0.23674065353140109
main-l4-n40-zipf-k1,47,1,paper,adaptive,0,ok,-0.14269900000000002,0.41830536940109897,False,False,2.3905980490561993
main-l4-n40-zipf-k1,47,1,graph,adaptive,0,ok,-0.10722500000000001,0.5629106947773483,False,False,1.776480726477468
main-l4-n40-zipf-k1,47,1,adaptive,accept_static_degree,0,ok,-0.04110899999999998,0.8564755171510867,False,False,1.1675756982830308
main-l4-n40-zipf-k1,47,1,adaptive,accept_id,1,ok,0.163267,2.9898719058123806,False,False,0.3541367532680537
main-l4-n40-zipf-k1,47,2,paper,adaptive,0,ok,-0.144638,0.42683801530408044,False,False,2.342809131673986
main-l4-n40-zipf-k1,47,2,graph,adaptive,0,ok,-0.12060799999999999,0.5220625240240776,False,False,1.9154793803086312
main-l4-n40-zipf-k1,47,2,adaptive,accept_static_degree,0,ok,-0.03933000000000003,0.8651609120923199,False,False,1.1558543457327295
main-l4-n40-zipf-k1,47,2,adaptive,accept_id,1,ok,0.19278499999999998,4.2364939730718865,False,False,0.24992919525954396
main-l4-n40-zipf-k1,47,3,paper,adaptive,0,ok,-0.215644,0.3840414744569331,False,False,2.603885430379841
main-l4-n40-zipf-k1,47,3,graph,adaptive,0,ok,-0.17296199999999998,0.5059569545409104,False,False,1.9764527219659802
main-l4-n40-zipf-k1,47,3,adaptive,accept_static_degree,0,ok,-0.072073,0.8292788652858578,False,False,1.2058669789628529
main-l4-n40-zipf-k1,47,3,adaptive,accept_id,1,ok,0.26825299999999996,4.277693604750617,False,False,0.24752205913856992
main-l4-n40-zipf-k1,71,1,paper,adaptive,0,ok,-0.20694,0.4372333221835151,False,False,2.2871083910212153
main-l4-n40-zipf-k1,71,1,graph,adaptive,0,ok,-0.21854600000000002,0.4056711782638373,False,False,2.4650506458943644
main-l4-n40-zipf-k1,71,1,adaptive,accept_static_degree,0,ok,-0.060736999999999985,0.8582421532199339,False,False,1.1651723190806023
main-l4-n40-zipf-k1,71,1,adaptive,accept_id,1,ok,0.285057,4.448464832692168,False,False,0.24085355549054732
main-l4-n40-zipf-k1,71,2,paper,adaptive,0,ok,-0.147841,0.43728709050009706,False,False,2.286827170809832
main-l4-n40-zipf-k1,71,2,graph,adaptive,0,ok,-0.10996399999999998,0.5814546547963872,False,False,1.7198245671456156
main-l4-n40-zipf-k1,71,2,adaptive,accept_static_degree,0,ok,-0.030183000000000015,0.8969553995739334,False,False,1.1148826357196961
main-l4-n40-zipf-k1,71,2,adaptive,accept_id,1,ok,0.204319,4.498014038692005,False,False,0.2382003618068156
main-l4-n40-zipf-k1,71,3,paper,adaptive,0,ok,-0.208829,0.4207802293813361,False,False,2.3765375133481865
main-l4-n40-zipf-k1,71,3,graph,adaptive,0,ok,-0.212328,0.41107520767747935,False,False,2.4326448818206967
main-l4-n40-zipf-k1,71,3,adaptive,accept_static_degree,0,ok,-0.07584400000000002,0.8261969526489588,False,False,1.2103651517883145
main-l4-n40-zipf-k1,71,3,adaptive,accept_id,1,ok,0.282109,4.597136153826537,False,False,0.2330643547585037
main-l4-n40-zipf-k1,101,1,paper,adaptive,0,ok,-0.23253100000000002,0.3798859142196538,False,False,2.6323692523692523
main-l4-n40-zipf-k1,101,1,graph,adaptive,0,ok,-0.18028,0.5192289742680296,False,False,1.9259325838079926
main-l4-n40-zipf-k1,101,1,adaptive,accept_static_degree,0,ok,-0.04975799999999997,0.8828504093101882,False,False,1.1326947231993088
main-l4-n40-zipf-k1,101,1,adaptive,accept_id,1,ok,0.29049800000000003,4.438537930707953,False,False,0.24031937618172655
main-l4-n40-zipf-k1,101,2,paper,adaptive,0,ok,-0.16348000000000001,0.401213834934565,False,False,2.4924364838094197
main-l4-n40-zipf-k1,101,2,graph,adaptive,0,ok,-0.13038100000000002,0.5224471556924609,False,False,1.9140691821253806
main-l4-n40-zipf-k1,101,2,adaptive,accept_static_degree,0,ok,-0.155559,0.6370345654699962,False,False,1.5697735322450084
main-l4-n40-zipf-k1,101,2,adaptive,accept_id,1,ok,0.211099,4.40922157622739,False,False,0.2419172292038283
main-l4-n40-zipf-k1,101,3,paper,adaptive,0,ok,-0.13502,0.510493820446726,False,False,1.9588875711069604
main-l4-n40-zipf-k1,101,3,graph,adaptive,0,ok,-0.077628,0.7185647629509587,False,False,1.3916630087638306
main-l4-n40-zipf-k1,101,3,adaptive,accept_static_degree,0,ok,-0.145501,0.6546626160017088,False,False,1.5275043595851052
main-l4-n40-zipf-k1,101,3,adaptive,accept_id,1,ok,0.19676899999999997,3.4888565646344545,False,False,0.30573531668775467
paper_k-l2-n40-uniform-k2,11,1,paper,adaptive,0,ok,-0.008924000000000001,0.8221814848762603,False,False,1.2162764771460424
paper_k-l2-n40-uniform-k2,11,1,graph,adaptive,0,ok,0.007382,1.1470928147292074,False,False,0.8717690383546415
paper_k-l2-n40-uniform-k2,11,1,adaptive,accept_static_degree,0,ok,-0.0033429999999999988,0.9375478712473613,False,False,1.0666122026063045
paper_k-l2-n40-uniform-k2,11,1,adaptive,accept_id,0,ok,-0.0006029999999999994,0.988127350410522,False,False,1.01201530307257
paper_k-l2-n40-uniform-k2,11,2,paper,adaptive,0,ok,0.007334,1.1428905428048164,False,False,0.8749744289123764
paper_k-l2-n40-uniform-k2,11,2,graph,adaptive,0,ok,0.016387,1.3192728831391498,False,False,0.7579932952313441
paper_k-l2-n40-uniform-k2,11,2,adaptive,accept_static_degree,0,ok,0.0015229999999999966,1.0305804871192499,False,False,0.9703269298211433
paper_k-l2-n40-uniform-k2,11,2,adaptive,accept_id,0,ok,-0.013213000000000003,0.795271076403415,False,False,1.2574328800218215
paper_k-l2-n40-uniform-k2,11,3,paper,adaptive,0,ok,-0.006874000000000005,0.8896168545460384,False,False,1.1240794223826716
paper_k-l2-n40-uniform-k2,11,3,graph,adaptive,0,ok,0.0049999999999999975,1.080290329832675,False,False,0.9256770817849392
paper_k-l2-n40-uniform-k2,11,3,adaptive,accept_static_degree,0,ok,-0.011796999999999995,0.840733890456454,False,False,1.1894370042072133
paper_k-l2-n40-uniform-k2,11,3,adaptive,accept_id,0,ok,-0.0026580000000000006,0.959064867861763,False,False,1.04268233933905
paper_k-l2-n40-uniform-k2,29,1,paper,adaptive,0,ok,-0.02826800000000001,0.6667806160338546,False,False,1.4997436577388847
paper_k-l2-n40-uniform-k2,29,1,graph,adaptive,0,ok,0.006277999999999992,1.0740042200558744,False,False,0.9310950379207781
paper_k-l2-n40-uniform-k2,29,1,adaptive,accept_static_degree,-1,ok,0.01559400000000001,1.2252198905241267,False,False,0.7952523313526695
paper_k-l2-n40-uniform-k2,29,1,adaptive,accept_id,-1,ok,0.016915,1.2490503253923848,False,False,0.7800798370977429
paper_k-l2-n40-uniform-k2,29,2,paper,adaptive,0,ok,-0.015045000000000003,0.7291970408769372,False,False,1.3713714454976305
paper_k-l2-n40-uniform-k2,29,2,graph,adaptive,0,ok,0.005423999999999998,1.0976294616339974,False,False,0.9110542628031681
paper_k-l2-n40-uniform-k2,29,2,adaptive,accept_static_degree,-1,ok,-0.0017309999999999964,0.9697842480100545,False,False,1.0047172619665734
paper_k-l2-n40-uniform-k2,29,2,adaptive,accept_id,-1,ok,0.005478000000000004,1.109387168274127,False,False,0.8782857799543365
paper_k-l2-n40-uniform-k2,29,3,paper,adaptive,0,ok,-0.016838,0.7730697179207268,False,False,1.293544394274856
paper_k-l2-n40-uniform-k2,29,3,graph,adaptive,0,ok,-0.012982,0.8250380732893974,False,False,1.2120652759854291
paper_k-l2-n40-uniform-k2,29,3,adaptive,accept_static_degree,-1,ok,0.014815000000000002,1.2494779738650141,False,False,0.7798128456358352
paper_k-l2-n40-uniform-k2,29,3,adaptive,accept_id,-1,ok,0.018098000000000003,1.3225967451560579,False,False,0.7367014760375857
paper_k-l2-n40-uniform-k2,47,1,paper,adaptive,0,ok,-0.022016000000000008,0.7176603357400259,False,False,1.393416843873412
paper_k-l2-n40-uniform-k2,47,1,graph,adaptive,0,ok,0.00068,1.0087205201533787,False,False,0.9913548698780783
paper_k-l2-n40-uniform-k2,47,1,adaptive,accept_static_degree,-1,ok,0.0004699999999999982,1.006063968415756,False,False,0.9684861052059073
paper_k-l2-n40-uniform-k2,47,1,adaptive,accept_id,-1,ok,0.013515,1.209658403400453,False,False,0.8054827475425856
paper_k-l2-n40-uniform-k2,47,2,paper,adaptive,0,ok,-0.017725000000000005,0.6920765074787624,False,False,1.4449269541643657
paper_k-l2-n40-uniform-k2,47,2,graph,adaptive,0,ok,0.0055569999999999925,1.096537706512864,False,False,0.9119613434727503
paper_k-l2-n40-uniform-k2,47,2,adaptive,accept_static_degree,-1,ok,-0.0010299999999999962,0.9824211083235199,False,False,0.9917936067372337
paper_k-l2-n40-uniform-k2,47,2,adaptive,accept_id,-1,ok,0.008266000000000003,1.167677546300992,False,False,0.8344418178165551
paper_k-l2-n40-uniform-k2,47,3,paper,adaptive,0,ok,-0.020339000000000003,0.6556913596966414,False,False,1.5251077892236595
paper_k-l2-n40-uniform-k2,47,3,graph,adaptive,0,ok,0.0025529999999999997,1.0432184452871072,False,False,0.9585720081135902
paper_k-l2-n40-uniform-k2,47,3,adaptive,accept_static_degree,-1,ok,0.005082999999999997,1.0941488080905368,False,False,0.8905177862044059
paper_k-l2-n40-uniform-k2,47,3,adaptive,accept_id,-1,ok,0.014276999999999998,1.3187186069873869,False,False,0.7388679959441065
paper_k-l2-n40-uniform-k2,71,1,paper,adaptive,0,ok,-0.006927999999999997,0.8537964799729879,False,False,1.1712393099016265
paper_k-l2-n40-uniform-k2,71,1,graph,adaptive,0,ok,0.000675000000000002,1.014244713628498,False,False,0.9859553484113939
paper_k-l2-n40-uniform-k2,71,1,adaptive,accept_static_degree,0,ok,-0.002820000000000003,0.9438314145719634,False,False,1.0595112480479465
paper_k-l2-n40-uniform-k2,71,1,adaptive,accept_id,0,ok,0.0018089999999999981,1.0396910722513548,False,False,0.9618241674756257
paper_k-l2-n40-uniform-k2,71,2,paper,adaptive,0,ok,-0.008650000000000005,0.8188291967745313,False,False,1.2212559150786546
paper_k-l2-n40-uniform-k2,71,2,graph,adaptive,0,ok,-0.002794000000000005,0.941480783328097,False,False,1.0621565704878646
paper_k-l2-n40-uniform-k2,71,2,adaptive,accept_static_degree,0,ok,-0.004281,0.9177142198131704,False,False,1.0896638391454603
paper_k-l2-n40-uniform-k2,71,2,adaptive,accept_id,0,ok,0.0005199999999999996,1.011011116993118,False,False,0.989108807204943
paper_k-l2-n40-uniform-k2,71,3,paper,adaptive,0,ok,-0.008264999999999995,0.827676076894208,False,False,1.2082021311434112
paper_k-l2-n40-uniform-k2,71,3,graph,adaptive,0,ok,-7.399999999999768e-05,0.9984571118802386,False,False,1.0015452723020382
paper_k-l2-n40-uniform-k2,71,3,adaptive,accept_static_degree,0,ok,-0.0012540000000000051,0.9745204811443432,False,False,1.0261456986781203
paper_k-l2-n40-uniform-k2,71,3,adaptive,accept_id,0,ok,0.0024949999999999972,1.0548749642597928,False,False,0.9479796505566908
paper_k-l2-n40-uniform-k2,101,1,paper,adaptive,0,ok,-0.015606999999999996,0.718990259097211,False,False,1.3908394270259439
paper_k-l2-n40-uniform-k2,101,1,graph,adaptive,0,ok,0.0033450000000000008,1.0602279479284826,False,False,0.9431933971876909
paper_k-l2-n40-uniform-k2,101,1,adaptive,accept_static_degree,-1,ok,0.0017369999999999955,1.0322850451656072,False,False,0.9438855855968157
paper_k-l2-n40-uniform-k2,101,1,adaptive,accept_id,-1,ok,0.009564999999999997,1.2080523774307217,False,False,0.8065535837371846
paper_k-l2-n40-uniform-k2,101,2,paper,adaptive,0,ok,-0.015253000000000003,0.7215081248858863,False,False,1.3859857782726421
paper_k-l2-n40-uniform-k2,101,2,graph,adaptive,0,ok,-0.0010889999999999997,0.9801168522914004,False,False,1.0202865073303402
paper_k-l2-n40-uniform-k2,101,2,adaptive,accept_static_degree,-1,ok,0.00034999999999999615,1.0064314590224182,False,False,0.968132470049578
paper_k-l2-n40-uniform-k2,101,2,adaptive,accept_id,-1,ok,0.008620000000000003,1.1867822318526544,False,False,0.8210090682246972
paper_k-l2-n40-uniform-k2,101,3,paper,adaptive,0,ok,-0.014649999999999996,0.7272896500372301,False,False,1.3749680061428204
paper_k-l2-n40-uniform-k2,101,3,graph,adaptive,0,ok,0.006611000000000006,1.1230640357408788,False,False,0.8904211765095886
paper_k-l2-n40-uniform-k2,101,3,adaptive,accept_static_degree,-1,ok,0.0026169999999999943,1.0512103007651212,False,False,0.9268925291635643
paper_k-l2-n40-uniform-k2,101,3,adaptive,accept_id,-1,ok,0.009616999999999994,1.218057728499195,False,False,0.7999284036886422
paper_k-l2-n40-zipf-k2,11,1,paper,adaptive,0,ok,-0.023839999999999993,0.710946214656385,False,False,1.406576164813425
paper_k-l2-n40-zipf-k2,11,1,graph,adaptive,0,ok,-0.004718999999999987,0.9427833551578643,False,False,1.0606890697943592
paper_k-l2-n40-zipf-k2,11,1,adaptive,accept_static_degree,-2,ok,0.027423999999999997,1.498147206277701,False,False,0.6161456759448902
paper_k-l2-n40-zipf-k2,11,1,adaptive,accept_id,-2,ok,0.039895999999999994,1.9369657116016907,False,False,0.47655821553682753
paper_k-l2-n40-zipf-k2,11,2,paper,adaptive,0,ok,-0.024577,0.7054953745865886,False,False,1.417443736730361
paper_k-l2-n40-zipf-k2,11,2,graph,adaptive,0,ok,-0.006539000000000003,0.9216435795427311,False,False,1.0850181373759964
paper_k-l2-n40-zipf-k2,11,2,adaptive,accept_static_degree,-2,ok,0.029184,1.5377754846318272,False,False,0.6002676803616266
paper_k-l2-n40-zipf-k2,11,2,adaptive,accept_id,-2,ok,0.03779,1.8276028207262056,False,False,0.5050752344046693
paper_k-l2-n40-zipf-k2,11,3,paper,adaptive,0,ok,-0.026114000000000005,0.6894702419882276,False,False,1.4503889205084426
paper_k-l2-n40-zipf-k2,11,3,graph,adaptive,0,ok,-0.011347999999999997,0.8650573755871337,False,False,1.1559926869836559
paper_k-l2-n40-zipf-k2,11,3,adaptive,accept_static_degree,-2,ok,0.028434,1.510842421084781,False,False,0.6109683645327857
paper_k-l2-n40-zipf-k2,11,3,adaptive,accept_id,-2,ok,0.039242000000000006,1.874902459144316,False,False,0.4923333043673135
paper_k-l2-n40-zipf-k2,29,1,paper,adaptive,0,ok,-0.026333999999999996,0.6861151173462698,False,False,1.4574813682400152
paper_k-l2-n40-zipf-k2,29,1,graph,adaptive,0,ok,-0.011840000000000003,0.8588745723923382,False,False,1.1643143622410037
paper_k-l2-n40-zipf-k2,29,1,adaptive,accept_static_degree,-2,ok,0.030882,1.582514382721871,False,False,0.583297651607603
paper_k-l2-n40-zipf-k2,29,1,adaptive,accept_id,-1,ok,0.036724,1.7784961736586606,False,False,0.5397818753948295
paper_k-l2-n40-zipf-k2,29,2,paper,adaptive,0,ok,-0.031282,0.6416641847465006,False,False,1.5584475864038845
paper_k-l2-n40-zipf-k2,29,2,graph,adaptive,0,ok,-0.010508000000000003,0.8796306902792732,False,False,1.1368407344706342
paper_k-l2-n40-zipf-k2,29,2,adaptive,accept_static_degree,-2,ok,0.03826,1.780211264733472,False,False,0.518520998806916
paper_k-l2-n40-zipf-k2,29,2,adaptive,accept_id,-1,ok,0.048443,2.2467636082872215,False,False,0.42728126646658576
paper_k-l2-n40-zipf-k2,29,3,paper,adaptive,0,ok,-0.029327,0.65600037535336,False,False,1.5243893716697063
paper_k-l2-n40-zipf-k2,29,3,graph,adaptive,0,ok,-0.009512999999999994,0.888414483947779,False,False,1.1256007393715342
paper_k-l2-n40-zipf-k2,29,3,adaptive,accept_static_degree,-2,ok,0.032431999999999996,1.6139982204047632,False,False,0.5719194181301087
paper_k-l2-n40-zipf-k2,29,3,adaptive,accept_id,-1,ok,0.040143,1.8898913766348926,False,False,0.5079657020867301
paper_k-l2-n40-zipf-k2,47,1,paper,adaptive,0,ok,-0.02407799999999999,0.7248637345308698,False,False,1.3795696382123432
paper_k-l2-n40-zipf-k2,47,1,graph,adaptive,0,ok,-0.0048819999999999975,0.9442140024910585,False,False,1.0590819426123368
paper_k-l2-n40-zipf-k2,47,1,adaptive,accept_static_degree,-1,ok,0.033893999999999994,1.632126671515694,False,False,0.5860585185107902
paper_k-l2-n40-zipf-k2,47,1,adaptive,accept_id,-1,ok,0.043125,1.9715463638821302,False,False,0.48516319811367153
paper_k-l2-n40-zipf-k2,47,2,paper,adaptive,0,ok,-0.026441,0.7022745186352888,False,False,1.4239445878561465
paper_k-l2-n40-zipf-k2,47,2,graph,adaptive,0,ok,-0.008919999999999997,0.8995608602634839,False,False,1.111653523594943
paper_k-l2-n40-zipf-k2,47,2,adaptive,accept_static_degree,-1,ok,0.036212,1.68846724210046,False,False,0.5665029887938589
paper_k-l2-n40-zipf-k2,47,2,adaptive,accept_id,-1,ok,0.047062,2.127287534732203,False,False,0.44964384151804293
paper_k-l2-n40-zipf-k2,47,3,paper,adaptive,0,ok,-0.02399400000000001,0.7161850463088915,False,False,1.3962871818587215
paper_k-l2-n40-zipf-k2,47,3,graph,adaptive,0,ok,-0.006641000000000008,0.9214463987887533,False,False,1.0852503209242619
paper_k-l2-n40-zipf-k2,47,3,adaptive,accept_static_degree,-1,ok,0.029181000000000006,1.5271134393063586,False,False,0.6263593224383538
paper_k-l2-n40-zipf-k2,47,3,adaptive,accept_id,-1,ok,0.040054000000000006,1.9003529120866771,False,False,0.5033390024804018
paper_k-l2-n40-zipf-k2,71,1,paper,adaptive,0,ok,-0.026457999999999995,0.6910195025108024,False,False,1.4471371594673155
paper_k-l2-n40-zipf-k2,71,1,graph,adaptive,0,ok,-0.007947999999999997,0.907182062361322,False,False,1.102314564506578
paper_k-l2-n40-zipf-k2,71,1,adaptive,accept_static_degree,-1,ok,0.032834999999999996,1.6219338952552325,False,False,0.5918860212542334
paper_k-l2-n40-zipf-k2,71,1,adaptive,accept_id,0,ok,0.043035,2.0103298509214698,False,False,0.49743080696017755
paper_k-l2-n40-zipf-k2,71,2,paper,adaptive,0,ok,-0.026504,0.7055307423949515,False,False,1.4173726811753962
paper_k-l2-n40-zipf-k2,71,2,graph,adaptive,0,ok,-0.009973999999999997,0.8891851654334156,False,False,1.124625149940024
paper_k-l2-n40-zipf-k2,71,2,adaptive,accept_static_degree,-1,ok,0.033877000000000004,1.6035560939977553,False,False,0.5986694220385307
paper_k-l2-n40-zipf-k2,71,2,adaptive,accept_id,0,ok,0.04354,1.9370292256703827,False,False,0.5162544719240939
paper_k-l2-n40-zipf-k2,71,3,paper,adaptive,0,ok,-0.026788000000000006,0.6944206791919053,False,False,1.4400492813141685
paper_k-l2-n40-zipf-k2,71,3,graph,adaptive,0,ok,-0.007727999999999999,0.9118442216214366,False,False,1.0966785513229498
paper_k-l2-n40-zipf-k2,71,3,adaptive,accept_static_degree,-1,ok,0.033406000000000005,1.6156993567650257,False,False,0.594169946271517
paper_k-l2-n40-zipf-k2,71,3,adaptive,accept_id,0,ok,0.042663000000000006,1.9480666666666668,False,False,0.5133294548441188
paper_k-l2-n40-zipf-k2,101,1,paper,adaptive,0,ok,-0.029025999999999996,0.6835851483637474,False,False,1.4628755501690371
paper_k-l2-n40-zipf-k2,101,1,graph,adaptive,0,ok,-0.002599999999999991,0.9716571827239628,False,False,1.02916956492472
paper_k-l2-n40-zipf-k2,101,1,adaptive,accept_static_degree,-2,ok,0.037598,1.6945101226540564,False,False,0.5364918727466965
paper_k-l2-n40-zipf-k2,101,1,adaptive,accept_id,-1,ok,0.04919199999999999,2.1563161111372287,False,False,0.4416703782260719
paper_k-l2-n40-zipf-k2,101,2,paper,adaptive,0,ok,-0.028771999999999992,0.6869273791647625,False,False,1.455757959765563
paper_k-l2-n40-zipf-k2,101,2,graph,adaptive,0,ok,-0.005368999999999999,0.9415790733607539,False,False,1.0620456935504374
paper_k-l2-n40-zipf-k2,101,2,adaptive,accept_static_degree,-2,ok,0.038,1.7049831175095544,False,False,0.533196428606757
paper_k-l2-n40-zipf-k2,101,2,adaptive,accept_id,-1,ok,0.049148,2.1495532581746737,False,False,0.44305994687923267
paper_k-l2-n40-zipf-k2,101,3,paper,adaptive,0,ok,-0.025255,0.7155552051539077,False,False,1.3975162123024616
paper_k-l2-n40-zipf-k2,101,3,graph,adaptive,0,ok,-0.005148,0.9420185387500423,False,False,1.0615502337426321
paper_k-l2-n40-zipf-k2,101,3,adaptive,accept_static_degree,-2,ok,0.039998000000000006,1.8198159421181006,False,False,0.4995510194469502
paper_k-l2-n40-zipf-k2,101,3,adaptive,accept_id,-1,ok,0.04517,2.035605383222138,False,False,0.46786128599907645
