condition,seed,numerator,denominator,commit_delta,commit_delta_defined,complete,successful,total_ms_delta,total_ms_delta_defined,total_ms_ratio,total_ms_ratio_defined,validator_rate_ratio,validator_rate_ratio_defined
main-l1-n40-uniform-k1,11,adaptive,accept_id,0,3,True,3,0.0008519999999999986,3,1.023299059286808,3,0.9772314270443612,3
main-l1-n40-uniform-k1,11,adaptive,accept_static_degree,0,3,True,3,-5.3999999999998494e-05,3,0.9985590009072958,3,1.0014430785676107,3
main-l1-n40-uniform-k1,11,graph,adaptive,0,3,True,3,-0.0013249999999999998,3,0.9650100348579276,3,1.0362586541882164,3
main-l1-n40-uniform-k1,11,paper,adaptive,0,3,True,3,-0.010269,3,0.7288211682687229,3,1.372078698503569,3
main-l1-n40-uniform-k1,29,adaptive,accept_id,0,3,True,3,0.0022990000000000024,3,1.0635750235053372,3,0.940225163152284,3
main-l1-n40-uniform-k1,29,adaptive,accept_static_degree,0,3,True,3,0.0015189999999999995,3,1.0411185100969087,3,0.9605054470762592,3
main-l1-n40-uniform-k1,29,graph,adaptive,0,3,True,3,-0.0005280000000000007,3,0.9862718078053092,3,1.0139192787282842,3
main-l1-n40-uniform-k1,29,paper,adaptive,0,3,True,3,-0.010373000000000004,3,0.7302982241751383,3,1.3693036172030764,3
main-l1-n40-uniform-k1,47,adaptive,accept_id,0,3,True,3,-0.008060999999999999,3,0.8276459268762028,3,1.2082461443075254,3
main-l1-n40-uniform-k1,47,adaptive,accept_static_degree,0,3,True,3,-0.012236999999999998,3,0.7598044988811683,3,1.3161280322405642,3
main-l1-n40-uniform-k1,47,graph,adaptive,0,3,True,3,-0.0014240000000000017,3,0.9730848469956717,3,1.0276596157955051,3
main-l1-n40-uniform-k1,47,paper,adaptive,0,3,True,3,-0.0011839999999999976,3,0.9694127980572994,3,1.0315522984676881,3
main-l1-n40-uniform-k1,71,adaptive,accept_id,0,3,True,3,0.0005679999999999991,3,1.015396291878998,3,0.9848371596369461,3
main-l1-n40-uniform-k1,71,adaptive,accept_static_degree,0,3,True,3,-0.0023220000000000046,3,0.9403575464913181,3,1.0634252936356188,3
main-l1-n40-uniform-k1,71,graph,adaptive,0,3,True,3,0.0006330000000000016,3,1.0172903578257306,3,0.9830035174395189,3
main-l1-n40-uniform-k1,71,paper,adaptive,0,3,True,3,-0.010533999999999998,3,0.7327277801740543,3,1.364763322829738,3
main-l1-n40-uniform-k1,101,adaptive,accept_id,0,3,True,3,0.0008510000000000045,3,1.0219981905131188,3,0.9784753136382031,3
main-l1-n40-uniform-k1,101,adaptive,accept_static_degree,0,3,True,3,0.0009919999999999998,3,1.0244769048559021,3,0.9761078998073218,3
main-l1-n40-uniform-k1,101,graph,adaptive,0,3,True,3,0.0017759999999999998,3,1.0449210845811412,3,0.9570100697134004,3
main-l1-n40-uniform-k1,101,paper,adaptive,0,3,True,3,-0.009087999999999999,3,0.7811175337186899,3,1.2802170695609274,3
main-l1-n40-zipf-k1,11,adaptive,accept_id,0,3,True,3,0.027787000000000006,3,1.6785592185592186,3,0.5957490143590788,3
main-l1-n40-zipf-k1,11,adaptive,accept_static_degree,0,3,True,3,0.016850999999999998,3,1.3071468931702603,3,0.7650249602588058,3
main-l1-n40-zipf-k1,11,graph,adaptive,0,3,True,3,-0.009283999999999994,3,0.8638370268248684,3,1.1576257661420397,3
main-l1-n40-zipf-k1,11,paper,adaptive,0,3,True,3,-0.021332000000000004,3,0.6896576807250825,3,1.4499947262946946,3
main-l1-n40-zipf-k1,29,adaptive,accept_id,0,3,True,3,0.038159,3,1.7416282821215479,3,0.5741753336606705,3
main-l1-n40-zipf-k1,29,adaptive,accept_static_degree,0,3,True,3,0.034393,3,1.6228472083884171,3,0.6162009552292104,3
main-l1-n40-zipf-k1,29,graph,adaptive,0,3,True,3,-0.011606000000000005,3,0.8264938482008042,3,1.2099303608573757,3
main-l1-n40-zipf-k1,29,paper,adaptive,0,3,True,3,-0.033958999999999996,3,0.6151520387007602,3,1.6256143800028084,3
main-l1-n40-zipf-k1,47,adaptive,accept_id,0,3,True,3,0.011126999999999998,3,1.2274390368538315,3,0.8147044129891757,3
main-l1-n40-zipf-k1,47,adaptive,accept_static_degree,0,3,True,3,0.004330999999999995,3,1.0795657046277074,3,0.9262984139949629,3
main-l1-n40-zipf-k1,47,graph,adaptive,0,3,True,3,-0.007969999999999998,3,0.8663536513792236,3,1.1542630407432497,3
main-l1-n40-zipf-k1,47,paper,adaptive,0,3,True,3,-0.015336999999999996,3,0.7445961698584513,3,1.343009862903406,3
main-l1-n40-zipf-k1,71,adaptive,accept_id,0,3,True,3,0.030794999999999996,3,1.9161088799643016,3,0.5218910107126223,3
main-l1-n40-zipf-k1,71,adaptive,accept_static_degree,0,3,True,3,0.026102,3,1.6721617902853136,3,0.5980282564819128,3
main-l1-n40-zipf-k1,71,graph,adaptive,0,3,True,3,-0.011204999999999993,3,0.8260363297624593,3,1.2106005074711021,3
main-l1-n40-zipf-k1,71,paper,adaptive,0,3,True,3,-0.025877999999999998,3,0.6008849557522125,3,1.6642120765832105,3
main-l1-n40-zipf-k1,101,adaptive,accept_id,0,3,True,3,0.037253,3,1.9413158324709985,3,0.5151145337990433,3
main-l1-n40-zipf-k1,101,adaptive,accept_static_degree,0,3,True,3,0.034048,3,1.9142611637711124,3,0.5223947593597891,3
main-l1-n40-zipf-k1,101,graph,adaptive,0,3,True,3,-0.014455000000000003,3,0.8057306436222398,3,1.2411095543101147,3
main-l1-n40-zipf-k1,101,paper,adaptive,0,3,True,3,-0.029776000000000004,3,0.5998225973362721,3,1.6671595975891198,3
main-l2-n40-uniform-k1,11,adaptive,accept_id,0,3,True,3,0.003129999999999994,3,1.0719325259117962,3,0.9328945393735395,3
main-l2-n40-uniform-k1,11,adaptive,accept_static_degree,0,3,True,3,-0.0033140000000000044,3,0.9336629501371179,3,1.0710503183757478,3
main-l2-n40-uniform-k1,11,graph,adaptive,0,3,True,3,-0.0002500000000000002,3,0.9952004300414683,3,1.0048227169258073,3
main-l2-n40-uniform-k1,11,paper,adaptive,0,3,True,3,-0.010423000000000002,3,0.7883581631085855,3,1.268458990843561,3
main-l2-n40-uniform-k1,29,adaptive,accept_id,0,3,True,3,0.007604,3,1.1596875131252888,3,0.8623012567455,3
main-l2-n40-uniform-k1,29,adaptive,accept_static_degree,0,3,True,3,0.002244000000000003,3,1.0423572048774963,3,0.9593640215855999,3
main-l2-n40-uniform-k1,29,graph,adaptive,0,3,True,3,0.006310999999999997,3,1.1142841621093043,3,0.8974371475468448,3
main-l2-n40-uniform-k1,29,paper,adaptive,0,3,True,3,-0.015883,3,0.7123791242620694,3,1.4037469178169248,3
main-l2-n40-uniform-k1,47,adaptive,accept_id,0,3,True,3,0.009930000000000001,3,1.2254614808255568,3,0.8160191206714468,3
main-l2-n40-uniform-k1,47,adaptive,accept_static_degree,0,3,True,3,0.001110999999999994,3,1.0206336824901567,3,0.979783459193886,3
main-l2-n40-uniform-k1,47,graph,adaptive,0,3,True,3,0.0021839999999999984,3,1.040671905843793,3,0.9609176479009341,3
main-l2-n40-uniform-k1,47,paper,adaptive,0,3,True,3,-0.014842000000000001,3,0.7250106534748856,3,1.3792900769211112,3
main-l2-n40-uniform-k1,71,adaptive,accept_id,0,3,True,3,0.0016040000000000013,3,1.0343204382060938,3,0.9668183698800165,3
main-l2-n40-uniform-k1,71,adaptive,accept_static_degree,0,3,True,3,-0.004011999999999995,3,0.9216115355307635,3,1.0850558629608429,3
main-l2-n40-uniform-k1,71,graph,adaptive,0,3,True,3,-0.0013649999999999982,3,0.9717625155151014,3,1.0290580095795636,3
main-l2-n40-uniform-k1,71,paper,adaptive,0,3,True,3,-0.010054,3,0.7883992086542914,3,1.268392952482648,3
main-l2-n40-uniform-k1,101,adaptive,accept_id,0,3,True,3,0.008867000000000007,3,1.196415913521177,3,0.8358297383866248,3
main-l2-n40-uniform-k1,101,adaptive,accept_static_degree,0,3,True,3,-0.0014139999999999986,3,0.9736807817589577,3,1.027030643650475,3
main-l2-n40-uniform-k1,101,graph,adaptive,0,3,True,3,0.003494999999999998,3,1.064709040750958,3,0.9392237331756687,3
main-l2-n40-uniform-k1,101,paper,adaptive,0,3,True,3,-0.015481000000000002,3,0.713373201755198,3,1.40179081235401,3
main-l2-n40-zipf-k1,11,adaptive,accept_id,0,3,True,3,0.042547999999999996,3,1.9594768294057954,3,0.5103403035917738,3
main-l2-n40-zipf-k1,11,adaptive,accept_static_degree,0,3,True,3,0.031188,3,1.5598779283726776,3,0.6410758058761925,3
main-l2-n40-zipf-k1,11,graph,adaptive,0,3,True,3,-0.008893999999999999,3,0.8984065337826261,3,1.1130818425703424,3
main-l2-n40-zipf-k1,11,paper,adaptive,0,3,True,3,-0.0278,3,0.6809328696530432,3,1.4685735475062787,3
main-l2-n40-zipf-k1,29,adaptive,accept_id,1,3,True,3,0.04187300000000001,3,1.896522930672719,3,0.5483719617516566,3
main-l2-n40-zipf-k1,29,adaptive,accept_static_degree,0,3,True,3,0.031717999999999996,3,1.558012702098837,3,0.6418432909134024,3
main-l2-n40-zipf-k1,29,graph,adaptive,0,3,True,3,-0.012351,3,0.8605651452375845,3,1.1620270766647427,3
main-l2-n40-zipf-k1,29,paper,adaptive,0,3,True,3,-0.030183,3,0.6592533218934511,3,1.5168675936707992,3
main-l2-n40-zipf-k1,47,adaptive,accept_id,0,3,True,3,0.041948000000000006,3,1.9659428466161606,3,0.5086617862371888,3
main-l2-n40-zipf-k1,47,adaptive,accept_static_degree,0,3,True,3,0.031094000000000004,3,1.572833956633076,3,0.6357950219619326,3
main-l2-n40-zipf-k1,47,graph,adaptive,0,3,True,3,-0.004469000000000001,3,0.9476544655929722,3,1.0552369416359726,3
main-l2-n40-zipf-k1,47,paper,adaptive,0,3,True,3,-0.018944000000000003,3,0.778108345534407,3,1.2851680691243546,3
main-l2-n40-zipf-k1,71,adaptive,accept_id,1,3,True,3,0.04858300000000001,3,2.066356954652614,3,0.5041078039886805,3
main-l2-n40-zipf-k1,71,adaptive,accept_static_degree,0,3,True,3,0.040531000000000005,3,1.7436607830905289,3,0.5735060452684857,3
main-l2-n40-zipf-k1,71,graph,adaptive,0,3,True,3,-0.011185,3,0.8823040417539171,3,1.1333961454059724,3
main-l2-n40-zipf-k1,71,paper,adaptive,0,3,True,3,-0.034570000000000004,3,0.6362316248040154,3,1.5717546267965532,3
main-l2-n40-zipf-k1,101,adaptive,accept_id,1,3,True,3,0.053723999999999994,3,2.2182036688510465,3,0.4722826232460784,3
main-l2-n40-zipf-k1,101,adaptive,accept_static_degree,0,3,True,3,0.044934999999999996,3,1.8495934959349594,3,0.5406593406593406,3
main-l2-n40-zipf-k1,101,graph,adaptive,0,3,True,3,-0.010685,3,0.8907743419371327,3,1.1226187743860454,3
main-l2-n40-zipf-k1,101,paper,adaptive,0,3,True,3,-0.027449,3,0.7170818688737489,3,1.394540907261542,3
main-l3-n40-uniform-k1,11,adaptive,accept_id,0,3,True,3,0.015865999999999998,3,1.314408576580861,3,0.7607984441194651,3
main-l3-n40-uniform-k1,11,adaptive,accept_static_degree,0,3,True,3,-0.064144,3,0.5083733799330129,3,1.967058149527356,3
main-l3-n40-uniform-k1,11,graph,adaptive,0,3,True,3,-0.0026540000000000036,3,0.9599873358561112,3,1.041680408323518,3
main-l3-n40-uniform-k1,11,paper,adaptive,0,3,True,3,-0.018037000000000004,3,0.7245839059398381,3,1.3801024171285272,3
main-l3-n40-uniform-k1,29,adaptive,accept_id,0,3,True,3,0.0027280000000000013,3,1.0536543151600977,3,0.9490778765026505,3
main-l3-n40-uniform-k1,29,adaptive,accept_static_degree,0,3,True,3,-0.083917,3,0.388435835209923,3,2.5744277673545968,3
main-l3-n40-uniform-k1,29,graph,adaptive,0,3,True,3,-0.0006429999999999977,3,0.9879362101313321,3,1.0122111020377156,3
main-l3-n40-uniform-k1,29,paper,adaptive,0,3,True,3,-0.006090999999999999,3,0.8847536926765138,3,1.1302580687454933,3
main-l3-n40-uniform-k1,47,adaptive,accept_id,0,3,True,3,0.024238000000000003,3,1.4454040942335258,3,0.6918480471928397,3
main-l3-n40-uniform-k1,47,adaptive,accept_static_degree,0,3,True,3,-0.055154999999999996,3,0.581239085870473,3,1.7204624126445038,3
main-l3-n40-uniform-k1,47,graph,adaptive,0,3,True,3,-0.008389999999999995,3,0.8904055907517472,3,1.123083693977848,3
main-l3-n40-uniform-k1,47,paper,adaptive,0,3,True,3,-0.026392000000000006,3,0.6644629780309194,3,1.504974743609368,3
main-l3-n40-uniform-k1,71,adaptive,accept_id,0,3,True,3,0.0027290000000000023,3,1.0534259984338292,3,0.9492835770967681,3
main-l3-n40-uniform-k1,71,adaptive,accept_static_degree,0,3,True,3,-0.08614100000000001,3,0.377157400779448,3,2.651412905946858,3
main-l3-n40-uniform-k1,71,graph,adaptive,0,3,True,3,-0.0016450000000000006,3,0.9694289059451021,3,1.0315351583467525,3
main-l3-n40-uniform-k1,71,paper,adaptive,0,3,True,3,-0.008843000000000004,3,0.8356594621717556,3,1.1966596984388205,3
main-l3-n40-uniform-k1,101,adaptive,accept_id,0,3,True,3,0.022442000000000004,3,1.4234819036117297,3,0.7025027838167452,3
main-l3-n40-uniform-k1,101,adaptive,accept_static_degree,0,3,True,3,-0.056484999999999994,3,0.5735153200738542,3,1.743632584864909,3
main-l3-n40-uniform-k1,101,graph,adaptive,0,3,True,3,-0.006288999999999989,3,0.9179367399133568,3,1.0893996901076093,3
main-l3-n40-uniform-k1,101,paper,adaptive,0,3,True,3,-0.026267,3,0.6572498564643249,3,1.521491393515853,3
main-l3-n40-zipf-k1,11,adaptive,accept_id,1,3,True,3,0.09617,3,2.907037617244046,3,0.35894900522780715,3
main-l3-n40-zipf-k1,11,adaptive,accept_static_degree,0,3,True,3,0.009760000000000019,3,1.0713246954450122,3,0.9334238296304885,3
main-l3-n40-zipf-k1,11,graph,adaptive,0,3,True,3,-0.043643,3,0.7022967414511695,3,1.4238995298962664,3
main-l3-n40-zipf-k1,11,paper,adaptive,0,3,True,3,-0.068967,3,0.5285887173825347,3,1.8918300128534702,3
main-l3-n40-zipf-k1,29,adaptive,accept_id,0,3,True,3,0.09555,3,2.8903199002908186,3,0.3459824637056202,3
main-l3-n40-zipf-k1,29,adaptive,accept_static_degree,0,3,True,3,0.010523000000000005,3,1.078309532137196,3,0.9273775017253278,3
main-l3-n40-zipf-k1,29,graph,adaptive,0,3,True,3,-0.04495600000000001,3,0.6922866314845616,3,1.4444883874986407,3
main-l3-n40-zipf-k1,29,paper,adaptive,0,3,True,3,-0.066445,3,0.5414423740510697,3,1.8469186157670003,3
main-l3-n40-zipf-k1,47,adaptive,accept_id,0,3,True,3,0.09537300000000001,3,2.769574736529613,3,0.36106626292130317,3
main-l3-n40-zipf-k1,47,adaptive,accept_static_degree,0,3,True,3,0.009272000000000002,3,1.0661449453191323,3,0.9379587685431151,3
main-l3-n40-zipf-k1,47,graph,adaptive,0,3,True,3,-0.042144,3,0.718004135189931,3,1.3927496388798284,3
main-l3-n40-zipf-k1,47,paper,adaptive,0,3,True,3,-0.064995,3,0.5651024764300865,3,1.769590546332915,3
main-l3-n40-zipf-k1,71,adaptive,accept_id,2,3,True,3,0.101501,3,3.03132004482869,3,0.36869978830845995,3
main-l3-n40-zipf-k1,71,adaptive,accept_static_degree,0,3,True,3,0.01567200000000002,3,1.1163673084491044,3,0.8957625258565071,3
main-l3-n40-zipf-k1,71,graph,adaptive,0,3,True,3,-0.04071300000000001,3,0.7292100379783037,3,1.3713470028092962,3
main-l3-n40-zipf-k1,71,paper,adaptive,0,3,True,3,-0.06564600000000001,3,0.563375878788685,3,1.7750138719998112,3
main-l3-n40-zipf-k1,101,adaptive,accept_id,1,3,True,3,0.099276,3,2.9248903176239867,3,0.3608872268458355,3
main-l3-n40-zipf-k1,101,adaptive,accept_static_degree,0,3,True,3,0.013586000000000015,3,1.0983601809954753,3,0.9104481547152151,3
main-l3-n40-zipf-k1,101,graph,adaptive,0,3,True,3,-0.04433200000000001,3,0.7077865151505164,3,1.4128554000316638,3
main-l3-n40-zipf-k1,101,paper,adaptive,0,3,True,3,-0.06558800000000001,3,0.5676780193921337,3,1.7615619520917758,3
main-l4-n40-uniform-k1,11,adaptive,accept_id,0,3,True,3,0.055053,3,1.9040792196275496,3,0.5251882325545293,3
main-l4-n40-uniform-k1,11,adaptive,accept_static_degree,0,3,True,3,-0.133206,3,0.47271669299006047,3,2.115431959203155,3
main-l4-n40-uniform-k1,11,graph,adaptive,0,3,True,3,-0.038452,3,0.6683657188198056,3,1.4961868507645655,3
main-l4-n40-uniform-k1,11,paper,adaptive,0,3,True,3,-0.054100999999999996,3,0.5333988805229976,3,1.8747695889790772,3
main-l4-n40-uniform-k1,29,adaptive,accept_id,0,3,True,3,0.024418999999999996,3,1.4038000429943942,3,0.7123521651038968,3
main-l4-n40-uniform-k1,29,adaptive,accept_static_degree,0,3,True,3,-0.16799899999999998,3,0.3356861256430636,3,2.978973283701644,3
main-l4-n40-uniform-k1,29,graph,adaptive,0,3,True,3,-0.010195999999999997,3,0.8798944541299534,3,1.136499946449609,3
main-l4-n40-uniform-k1,29,paper,adaptive,0,3,True,3,-0.027121999999999993,3,0.6810377269733748,3,1.4683474356760489,3
main-l4-n40-uniform-k1,47,adaptive,accept_id,0,3,True,3,0.031657000000000005,3,1.536714738429731,3,0.6507388619320688,3
main-l4-n40-uniform-k1,47,adaptive,accept_static_degree,0,3,True,3,-0.15677799999999997,3,0.365151911732136,3,2.7385862373180414,3
main-l4-n40-uniform-k1,47,graph,adaptive,0,3,True,3,-0.012589000000000003,3,0.8595228530619532,3,1.1634361976969114,3
main-l4-n40-uniform-k1,47,paper,adaptive,0,3,True,3,-0.031566000000000004,3,0.6501025328382197,3,1.5382188954628384,3
main-l4-n40-uniform-k1,71,adaptive,accept_id,0,3,True,3,0.026768999999999994,3,1.4508690965438253,3,0.6892420566280865,3
main-l4-n40-uniform-k1,71,adaptive,accept_static_degree,0,3,True,3,-0.164854,3,0.3432664528083843,3,2.913188841550481,3
main-l4-n40-uniform-k1,71,graph,adaptive,0,3,True,3,-0.011997999999999995,3,0.8607167318698413,3,1.16182242423425,3
main-l4-n40-uniform-k1,71,paper,adaptive,0,3,True,3,-0.028242999999999997,3,0.6721305766127628,3,1.487806141835642,3
main-l4-n40-uniform-k1,101,adaptive,accept_id,0,3,True,3,0.006957999999999992,3,1.108757834846898,3,0.9019101994783959,3
main-l4-n40-uniform-k1,101,adaptive,accept_static_degree,0,3,True,3,-0.20220000000000002,3,0.2732077698330304,3,3.660218011409943,3
main-l4-n40-uniform-k1,101,graph,adaptive,0,3,True,3,0.004733000000000001,3,1.0667230563191654,3,0.9374504414019136,3
main-l4-n40-uniform-k1,101,paper,adaptive,0,3,True,3,-0.011486999999999997,3,0.8416972290138549,3,1.1880756708342914,3
main-l4-n40-zipf-k1,11,adaptive,accept_id,1,3,True,3,0.30736199999999997,3,4.9129471674092935,3,0.21920102948938536,3
main-l4-n40-zipf-k1,11,adaptive,accept_static_degree,0,3,True,3,-0.022508000000000028,3,0.9448900641496498,3,1.058324177532702,3
main-l4-n40-zipf-k1,11,graph,adaptive,0,3,True,3,-0.188043,3,0.5191749087152633,3,1.926133145522333,3
main-l4-n40-zipf-k1,11,paper,adaptive,0,3,True,3,-0.22643599999999997,3,0.4199154604841809,3,2.3814317263931084,3
main-l4-n40-zipf-k1,29,adaptive,accept_id,1,3,True,3,0.20212000000000002,3,4.4655492248575595,3,0.23793265878373365,3
main-l4-n40-zipf-k1,29,adaptive,accept_static_degree,0,3,True,3,-0.028005999999999975,3,0.9037799506634326,3,1.106464022869655,3
main-l4-n40-zipf-k1,29,graph,adaptive,0,3,True,3,-0.12172400000000003,3,0.5485215791581977,3,1.8230823325760037,3
main-l4-n40-zipf-k1,29,paper,adaptive,0,3,True,3,-0.148448,3,0.4288506450284905,3,2.331814144604039,3
main-l4-n40-zipf-k1,47,adaptive,accept_id,1,3,True,3,0.19278499999999998,3,4.2364939730718865,3,0.24992919525954396,3
main-l4-n40-zipf-k1,47,adaptive,accept_static_degree,0,3,True,3,-0.04110899999999998,3,0.8564755171510867,3,1.1675756982830308,3
main-l4-n40-zipf-k1,47,graph,adaptive,0,3,True,3,-0.12060799999999999,3,0.5220625240240776,3,1.9154793803086312,3
main-l4-n40-zipf-k1,47,paper,adaptive,0,3,True,3,-0.144638,3,0.41830536940109897,3,2.3905980490561993,3
main-l4-n40-zipf-k1,71,adaptive,accept_id,1,3,True,3,0.282109,3,4.498014038692005,3,0.2382003618068156,3
main-l4-n40-zipf-k1,71,adaptive,accept_static_degree,0,3,True,3,-0.060736999999999985,3,0.8582421532199339,3,1.1651723190806023,3
main-l4-n40-zipf-k1,71,graph,adaptive,0,3,True,3,-0.212328,3,0.41107520767747935,3,2.4326448818206967,3
main-l4-n40-zipf-k1,71,paper,adaptive,0,3,True,3,-0.20694,3,0.4372333221835151,3,2.2871083910212153,3
main-l4-n40-zipf-k1,101,adaptive,accept_id,1,3,True,3,0.211099,3,4.40922157622739,3,0.2419172292038283,3
main-l4-n40-zipf-k1,101,adaptive,accept_static_degree,0,3,True,3,-0.145501,3,0.6546626160017088,3,1.5275043595851052,3
main-l4-n40-zipf-k1,101,graph,adaptive,0,3,True,3,-0.13038100000000002,3,0.5224471556924609,3,1.9140691821253806,3
main-l4-n40-zipf-k1,101,paper,adaptive,0,3,True,3,-0.16348000000000001,3,0.401213834934565,3,2.4924364838094197,3
paper_k-l2-n40-uniform-k2,11,adaptive,accept_id,0,3,True,3,-0.0026580000000000006,3,0.959064867861763,3,1.04268233933905,3
paper_k-l2-n40-uniform-k2,11,adaptive,accept_static_degree,0,3,True,3,-0.0033429999999999988,3,0.9375478712473613,3,1.0666122026063045,3
paper_k-l2-n40-uniform-k2,11,graph,adaptive,0,3,True,3,0.007382,3,1.1470928147292074,3,0.8717690383546415,3
paper_k-l2-n40-uniform-k2,11,paper,adaptive,0,3,True,3,-0.006874000000000005,3,0.8896168545460384,3,1.1240794223826716,3
paper_k-l2-n40-uniform-k2,29,adaptive,accept_id,-1,3,True,3,0.016915,3,1.2490503253923848,3,0.7800798370977429,3
paper_k-l2-n40-uniform-k2,29,adaptive,accept_static_degree,-1,3,True,3,0.014815000000000002,3,1.2252198905241267,3,0.7952523313526695,3
paper_k-l2-n40-uniform-k2,29,graph,adaptive,0,3,True,3,0.005423999999999998,3,1.0740042200558744,3,0.9310950379207781,3
paper_k-l2-n40-uniform-k2,29,paper,adaptive,0,3,True,3,-0.016838,3,0.7291970408769372,3,1.3713714454976305,3
paper_k-l2-n40-uniform-k2,47,adaptive,accept_id,-1,3,True,3,0.013515,3,1.209658403400453,3,0.8054827475425856,3
paper_k-l2-n40-uniform-k2,47,adaptive,accept_static_degree,-1,3,True,3,0.0004699999999999982,3,1.006063968415756,3,0.9684861052059073,3
paper_k-l2-n40-uniform-k2,47,graph,adaptive,0,3,True,3,0.0025529999999999997,3,1.0432184452871072,3,0.9585720081135902,3
paper_k-l2-n40-uniform-k2,47,paper,adaptive,0,3,True,3,-0.020339000000000003,3,0.6920765074787624,3,1.4449269541643657,3
paper_k-l2-n40-uniform-k2,71,adaptive,accept_id,0,3,True,3,0.0018089999999999981,3,1.0396910722513548,3,0.9618241674756257,3
paper_k-l2-n40-uniform-k2,71,adaptive,accept_static_degree,0,3,True,3,-0.002820000000000003,3,0.9438314145719634,3,1.0595112480479465,3
paper_k-l2-n40-uniform-k2,71,graph,adaptive,0,3,True,3,-7.399999999999768e-05,3,0.9984571118802386,3,1.0015452723020382,3
paper_k-l2-n40-uniform-k2,71,paper,adaptive,0,3,True,3,-0.008264999999999995,3,0.827676076894208,3,1.2082021311434112,3
paper_k-l2-n40-uniform-k2,101,adaptive,accept_id,-1,3,True,3,0.009564999999999997,3,1.2080523774307217,3,0.8065535837371846,3
paper_k-l2-n40-uniform-k2,101,adaptive,accept_static_degree,-1,3,True,3,0.0017369999999999955,3,1.0322850451656072,3,0.9438855855968157,3
paper_k-l2-n40-uniform-k2,101,graph,adaptive,0,3,True,3,0.0033450000000000008,3,1.0602279479284826,3,0.9431933971876909,3
paper_k-l2-n40-uniform-k2,101,paper,adaptive,0,3,True,3,-0.015253000000000003,3,0.7215081248858863,3,1.3859857782726421,3
paper_k-l2-n40-zipf-k2,11,adaptive,accept_id,-2,3,True,3,0.039242000000000006,3,1.874902459144316,3,0.4923333043673135,3
paper_k-l2-n40-zipf-k2,11,adaptive,accept_static_degree,-2,3,True,3,0.028434,3,1.510842421084781,3,0.6109683645327857,3
paper_k-l2-n40-zipf-k2,11,graph,adaptive,0,3,True,3,-0.006539000000000003,3,0.9216435795427311,3,1.0850181373759964,3
paper_k-l2-n40-zipf-k2,11,paper,adaptive,0,3,True,3,-0.024577,3,0.7054953745865886,3,1.417443736730361,3
paper_k-l2-n40-zipf-k2,29,adaptive,accept_id,-1,3,True,3,0.040143,3,1.8898913766348926,3,0.5079657020867301,3
paper_k-l2-n40-zipf-k2,29,adaptive,accept_static_degree,-2,3,True,3,0.032431999999999996,3,1.6139982204047632,3,0.5719194181301087,3
paper_k-l2-n40-zipf-k2,29,graph,adaptive,0,3,True,3,-0.010508000000000003,3,0.8796306902792732,3,1.1368407344706342,3
paper_k-l2-n40-zipf-k2,29,paper,adaptive,0,3,True,3,-0.029327,3,0.65600037535336,3,1.5243893716697063,3
paper_k-l2-n40-zipf-k2,47,adaptive,accept_id,-1,3,True,3,0.043125,3,1.9715463638821302,3,0.48516319811367153,3
paper_k-l2-n40-zipf-k2,47,adaptive,accept_static_degree,-1,3,True,3,0.033893999999999994,3,1.632126671515694,3,0.5860585185107902,3
paper_k-l2-n40-zipf-k2,47,graph,adaptive,0,3,True,3,-0.006641000000000008,3,0.9214463987887533,3,1.0852503209242619,3
paper_k-l2-n40-zipf-k2,47,paper,adaptive,0,3,True,3,-0.02407799999999999,3,0.7161850463088915,3,1.3962871818587215,3
paper_k-l2-n40-zipf-k2,71,adaptive,accept_id,0,3,True,3,0.043035,3,1.9480666666666668,3,0.5133294548441188,3
paper_k-l2-n40-zipf-k2,71,adaptive,accept_static_degree,-1,3,True,3,0.033406000000000005,3,1.6156993567650257,3,0.594169946271517,3
paper_k-l2-n40-zipf-k2,71,graph,adaptive,0,3,True,3,-0.007947999999999997,3,0.907182062361322,3,1.102314564506578,3
paper_k-l2-n40-zipf-k2,71,paper,adaptive,0,3,True,3,-0.026504,3,0.6944206791919053,3,1.4400492813141685,3
paper_k-l2-n40-zipf-k2,101,adaptive,accept_id,-1,3,True,3,0.049148,3,2.1495532581746737,3,0.44305994687923267,3
paper_k-l2-n40-zipf-k2,101,adaptive,accept_static_degree,-2,3,True,3,0.038,3,1.7049831175095544,3,0.533196428606757,3
paper_k-l2-n40-zipf-k2,101,graph,adaptive,0,3,True,3,-0.005148,3,0.9420185387500423,3,1.0615502337426321,3
paper_k-l2-n40-zipf-k2,101,paper,adaptive,0,3,True,3,-0.028771999999999992,3,0.6869273791647625,3,1.455757959765563,3
