condition,seed,mode,commit_count,complete,expected,fvs_size,peak_rss_kib,successful,total_ms,validator_commits_per_second
main-l1-n40-uniform-k1,11,accept_id,40,True,3,0,2000,3,0.036568,1093852.5486764384
main-l1-n40-uniform-k1,11,accept_static_degree,40,True,3,0,2036,3,0.037474,1067406.7353365
main-l1-n40-uniform-k1,11,adaptive,40,True,3,0,2004,3,0.03742,1068947.0871191875
main-l1-n40-uniform-k1,11,graph,40,True,3,0,2000,3,0.036543,1094600.8811537093
main-l1-n40-uniform-k1,11,lazy,40,True,3,0,1992,3,0.037131,1077266.9736877542
main-l1-n40-uniform-k1,11,paper,40,True,3,0,2004,3,0.026829,1490924.0001490924
main-l1-n40-uniform-k1,11,profile,40,True,3,0,2016,3,0.036591,1093164.9859255007
main-l1-n40-uniform-k1,29,accept_id,40,True,3,0,1980,3,0.039946,1001351.824963701
main-l1-n40-uniform-k1,29,accept_static_degree,40,True,3,0,2004,3,0.036942,1082778.4093985164
main-l1-n40-uniform-k1,29,adaptive,40,True,3,0,1996,3,0.038461,1040014.5602038428
main-l1-n40-uniform-k1,29,graph,40,True,3,0,2000,3,0.037933,1054490.812748794
main-l1-n40-uniform-k1,29,lazy,40,True,3,0,1984,3,0.035697,1120542.342493767
main-l1-n40-uniform-k1,29,paper,40,True,3,0,2000,3,0.028088,1424095.6992309885
main-l1-n40-uniform-k1,29,profile,40,True,3,0,1996,3,0.049111,814481.480727332
main-l1-n40-uniform-k1,47,accept_id,40,True,3,0,1984,3,0.050102,798371.3225020957
main-l1-n40-uniform-k1,47,accept_static_degree,40,True,3,0,1984,3,0.050946,785145.0555490127
main-l1-n40-uniform-k1,47,adaptive,40,True,3,0,1996,3,0.038709,1033351.4169831305
main-l1-n40-uniform-k1,47,graph,40,True,3,0,2016,3,0.037837,1057166.2658244574
main-l1-n40-uniform-k1,47,lazy,40,True,3,0,2000,3,0.053177,752204.9006149275
main-l1-n40-uniform-k1,47,paper,40,True,3,0,2004,3,0.038686,1033965.7757328233
main-l1-n40-uniform-k1,47,profile,40,True,3,0,2016,3,0.040166,995867.1513220136
main-l1-n40-uniform-k1,71,accept_id,40,True,3,0,2036,3,0.036892,1084245.9069717012
main-l1-n40-uniform-k1,71,accept_static_degree,40,True,3,0,2020,3,0.038932,1027432.4463166547
main-l1-n40-uniform-k1,71,adaptive,40,True,3,0,2000,3,0.03746,1067805.6593699947
main-l1-n40-uniform-k1,71,graph,40,True,3,0,2076,3,0.037243,1074027.3339956503
main-l1-n40-uniform-k1,71,lazy,40,True,3,0,1976,3,0.040345,991448.7544925022
main-l1-n40-uniform-k1,71,paper,40,True,3,0,2016,3,0.027968,1430205.9496567505
main-l1-n40-uniform-k1,71,profile,40,True,3,0,2004,3,0.0397,1007556.6750629724
main-l1-n40-uniform-k1,101,accept_id,40,True,3,0,2004,3,0.038685,1033992.5035543493
main-l1-n40-uniform-k1,101,accept_static_degree,40,True,3,0,2032,3,0.040528,986971.9699960521
main-l1-n40-uniform-k1,101,adaptive,40,True,3,0,1980,3,0.039536,1011736.1392148928
main-l1-n40-uniform-k1,101,graph,40,True,3,0,2016,3,0.041312,968241.6731216111
main-l1-n40-uniform-k1,101,lazy,40,True,3,0,2036,3,0.035602,1123532.3858210212
main-l1-n40-uniform-k1,101,paper,40,True,3,0,2056,3,0.031687,1262347.3348691892
main-l1-n40-uniform-k1,101,profile,40,True,3,0,2036,3,0.037425,1068804.275217101
main-l1-n40-zipf-k1,11,accept_id,31,True,3,9,1980,3,0.04095,757020.7570207571
main-l1-n40-zipf-k1,11,accept_static_degree,31,True,3,9,2012,3,0.054863,565043.8364653774
main-l1-n40-zipf-k1,11,adaptive,31,True,3,9,2040,3,0.068737,450994.36984447966
main-l1-n40-zipf-k1,11,graph,31,True,3,9,2036,3,0.058899,526324.7253773409
main-l1-n40-zipf-k1,11,lazy,31,True,3,9,2008,3,0.050668,611826.004578827
main-l1-n40-zipf-k1,11,paper,31,True,3,9,2036,3,0.047405,653939.4578630945
main-l1-n40-zipf-k1,11,profile,31,True,3,9,1992,3,0.070373,440509.85463174793
main-l1-n40-zipf-k1,29,accept_id,33,True,3,7,1980,3,0.051453,641362.0197073057
main-l1-n40-zipf-k1,29,accept_static_degree,33,True,3,7,2032,3,0.045579,724017.6397024945
main-l1-n40-zipf-k1,29,adaptive,33,True,3,7,2004,3,0.089612,368254.2516627238
main-l1-n40-zipf-k1,29,graph,33,True,3,7,2032,3,0.063543,519333.3648080827
main-l1-n40-zipf-k1,29,lazy,33,True,3,7,1984,3,0.065126,506710.0697110217
main-l1-n40-zipf-k1,29,paper,33,True,3,7,1984,3,0.055653,592959.9482507681
main-l1-n40-zipf-k1,29,profile,33,True,3,7,2016,3,0.078448,420660.81990617985
main-l1-n40-zipf-k1,47,accept_id,37,True,3,3,1996,3,0.048923,756290.4973121027
main-l1-n40-zipf-k1,47,accept_static_degree,37,True,3,3,2036,3,0.054433,679734.7197472121
main-l1-n40-zipf-k1,47,adaptive,37,True,3,3,2008,3,0.059635,620441.0161817725
main-l1-n40-zipf-k1,47,graph,37,True,3,3,1996,3,0.051665,716152.1339398045
main-l1-n40-zipf-k1,47,lazy,37,True,3,3,1996,3,0.050668,730243.9409489224
main-l1-n40-zipf-k1,47,paper,37,True,3,3,2004,3,0.044713,827499.8322635475
main-l1-n40-zipf-k1,47,profile,37,True,3,3,1996,3,0.058287,634789.9188498294
main-l1-n40-zipf-k1,71,accept_id,32,True,3,8,2000,3,0.036202,883929.0646925585
main-l1-n40-zipf-k1,71,accept_static_degree,32,True,3,8,2056,3,0.039296,814332.2475570033
main-l1-n40-zipf-k1,71,adaptive,32,True,3,8,1996,3,0.065398,489311.5997431114
main-l1-n40-zipf-k1,71,graph,32,True,3,8,2008,3,0.053205,601447.2324029696
main-l1-n40-zipf-k1,71,lazy,32,True,3,8,2020,3,0.054682,585201.7117150067
main-l1-n40-zipf-k1,71,paper,32,True,3,8,2004,3,0.038703,826809.2912694106
main-l1-n40-zipf-k1,71,profile,32,True,3,8,2012,3,0.067397,474798.58153923764
main-l1-n40-zipf-k1,101,accept_id,29,True,3,11,2004,3,0.037154,780535.0702481563
main-l1-n40-zipf-k1,101,accept_static_degree,29,True,3,11,2016,3,0.040735,711918.497606481
main-l1-n40-zipf-k1,101,adaptive,29,True,3,11,2052,3,0.074407,389748.27637184673
main-l1-n40-zipf-k1,101,graph,29,True,3,11,1984,3,0.059952,483720.30958099815
main-l1-n40-zipf-k1,101,lazy,29,True,3,11,1996,3,0.052435,553065.7003909602
main-l1-n40-zipf-k1,101,paper,29,True,3,11,1984,3,0.044631,649772.579597141
main-l1-n40-zipf-k1,101,profile,29,True,3,11,1996,3,0.072556,399691.2729477921
main-l2-n40-uniform-k1,11,accept_id,40,True,3,0,2000,3,0.046227,865295.1738161681
main-l2-n40-uniform-k1,11,accept_static_degree,40,True,3,0,2016,3,0.051641,774578.3389167523
main-l2-n40-uniform-k1,11,adaptive,40,True,3,0,2016,3,0.047147,848410.2912168325
main-l2-n40-uniform-k1,11,graph,40,True,3,0,1980,3,0.048724,820950.6608652819
main-l2-n40-uniform-k1,11,lazy,40,True,3,0,2004,3,0.045742,874469.8526518298
main-l2-n40-uniform-k1,11,paper,40,True,3,0,2000,3,0.041064,974089.226573154
main-l2-n40-uniform-k1,11,profile,40,True,3,0,1980,3,0.04614,866926.7446900737
main-l2-n40-uniform-k1,29,accept_id,39,True,3,1,2052,3,0.047424,822368.4210526316
main-l2-n40-uniform-k1,29,accept_static_degree,39,True,3,1,2004,3,0.052877,737560.7542031507
main-l2-n40-uniform-k1,29,adaptive,39,True,3,1,2036,3,0.055222,706240.2665604288
main-l2-n40-uniform-k1,29,graph,39,True,3,1,2004,3,0.061533,633806.2503047145
main-l2-n40-uniform-k1,29,lazy,39,True,3,1,1992,3,0.055638,700959.7756928718
main-l2-n40-uniform-k1,29,paper,39,True,3,1,1992,3,0.039339,991382.5974224053
main-l2-n40-uniform-k1,29,profile,39,True,3,1,1980,3,0.067738,575747.7339159703
main-l2-n40-uniform-k1,47,accept_id,39,True,3,1,2000,3,0.044043,885498.2630610995
main-l2-n40-uniform-k1,47,accept_static_degree,39,True,3,1,1988,3,0.053844,724314.6868731892
main-l2-n40-uniform-k1,47,adaptive,39,True,3,1,1988,3,0.053973,722583.5139792118
main-l2-n40-uniform-k1,47,graph,39,True,3,1,2036,3,0.056518,690045.6491737146
main-l2-n40-uniform-k1,47,lazy,39,True,3,1,1996,3,0.054519,715346.9432674848
main-l2-n40-uniform-k1,47,paper,39,True,3,1,1996,3,0.039343,991281.8036245329
main-l2-n40-uniform-k1,47,profile,39,True,3,1,2020,3,0.067584,577059.6590909091
main-l2-n40-uniform-k1,71,accept_id,40,True,3,0,1988,3,0.046736,855871.2769599452
main-l2-n40-uniform-k1,71,accept_static_degree,40,True,3,0,1992,3,0.051181,781540.0246185109
main-l2-n40-uniform-k1,71,adaptive,40,True,3,0,2004,3,0.047514,841857.1368438776
main-l2-n40-uniform-k1,71,graph,40,True,3,0,1980,3,0.046975,851516.7642362958
main-l2-n40-uniform-k1,71,lazy,40,True,3,0,1992,3,0.047598,840371.4441783268
main-l2-n40-uniform-k1,71,paper,40,True,3,0,2016,3,0.03746,1067805.6593699947
main-l2-n40-uniform-k1,71,profile,40,True,3,0,1992,3,0.049176,813404.9129656743
main-l2-n40-uniform-k1,101,accept_id,39,True,3,1,2000,3,0.045942,848896.4346349746
main-l2-n40-uniform-k1,101,accept_static_degree,39,True,3,1,1980,3,0.053725,725919.0321079572
main-l2-n40-uniform-k1,101,adaptive,39,True,3,1,1996,3,0.054011,722075.1328433097
main-l2-n40-uniform-k1,101,graph,39,True,3,1,2008,3,0.058366,668197.2381180824
main-l2-n40-uniform-k1,101,lazy,39,True,3,1,2076,3,0.052208,747011.9521912351
main-l2-n40-uniform-k1,101,paper,39,True,3,1,2000,3,0.038692,1007960.3018711879
main-l2-n40-uniform-k1,101,profile,39,True,3,1,2020,3,0.066655,585102.3929187608
main-l2-n40-zipf-k1,11,accept_id,26,True,3,14,2012,3,0.044345,586311.8728154245
main-l2-n40-zipf-k1,11,accept_static_degree,26,True,3,14,1988,3,0.055705,466744.4574095683
main-l2-n40-zipf-k1,11,adaptive,26,True,3,14,2040,3,0.087129,298408.10751873656
main-l2-n40-zipf-k1,11,graph,26,True,3,14,2016,3,0.078494,331235.50844650547
main-l2-n40-zipf-k1,11,lazy,26,True,3,14,2004,3,0.086789,299577.1353512542
main-l2-n40-zipf-k1,11,paper,26,True,3,14,1976,3,0.059329,438234.253063426
main-l2-n40-zipf-k1,11,profile,26,True,3,14,2000,3,0.106959,243083.79846483233
main-l2-n40-zipf-k1,29,accept_id,25,True,3,15,1980,3,0.046673,535641.5914982967
main-l2-n40-zipf-k1,29,accept_static_degree,26,True,3,14,2012,3,0.056206,462584.06575810415
main-l2-n40-zipf-k1,29,adaptive,26,True,3,14,2016,3,0.088559,293589.58434490004
main-l2-n40-zipf-k1,29,graph,26,True,3,14,2016,3,0.076228,341082.017106575
main-l2-n40-zipf-k1,29,lazy,26,True,3,14,2004,3,0.084913,306195.7533004369
main-l2-n40-zipf-k1,29,paper,26,True,3,14,1988,3,0.058396,445235.97506678535
main-l2-n40-zipf-k1,29,profile,26,True,3,14,1976,3,0.110164,236011.76427871175
main-l2-n40-zipf-k1,47,accept_id,23,True,3,17,1996,3,0.043839,524647.0038093934
main-l2-n40-zipf-k1,47,accept_static_degree,23,True,3,17,2036,3,0.054281,423721.00735063833
main-l2-n40-zipf-k1,47,adaptive,23,True,3,17,2016,3,0.085375,269399.7071742313
main-l2-n40-zipf-k1,47,graph,23,True,3,17,2000,3,0.080937,284171.6396703609
main-l2-n40-zipf-k1,47,lazy,23,True,3,17,1964,3,0.089223,257781.06542035125
main-l2-n40-zipf-k1,47,paper,23,True,3,17,2012,3,0.068564,335453.007409136
main-l2-n40-zipf-k1,47,profile,23,True,3,17,2000,3,0.115981,198308.34360800477
main-l2-n40-zipf-k1,71,accept_id,24,True,3,16,1992,3,0.045441,528157.390902489
main-l2-n40-zipf-k1,71,accept_static_degree,25,True,3,15,2008,3,0.054502,458698.763348134
main-l2-n40-zipf-k1,71,adaptive,25,True,3,15,2052,3,0.095033,263066.51373733336
main-l2-n40-zipf-k1,71,graph,25,True,3,15,1980,3,0.080959,308798.28061117354
main-l2-n40-zipf-k1,71,lazy,25,True,3,15,1984,3,0.088082,283826.4344587998
main-l2-n40-zipf-k1,71,paper,25,True,3,15,2016,3,0.062651,399035.92919506476
main-l2-n40-zipf-k1,71,profile,25,True,3,15,1984,3,0.115388,216660.31129753526
main-l2-n40-zipf-k1,101,accept_id,21,True,3,19,2004,3,0.043175,486392.5883034163
main-l2-n40-zipf-k1,101,accept_static_degree,22,True,3,18,2012,3,0.051847,424325.4190213513
main-l2-n40-zipf-k1,101,adaptive,22,True,3,18,2016,3,0.097021,226755.0324156626
main-l2-n40-zipf-k1,101,graph,22,True,3,18,2008,3,0.085601,257006.34338383898
main-l2-n40-zipf-k1,101,lazy,22,True,3,18,1996,3,0.090677,242619.4073469568
main-l2-n40-zipf-k1,101,paper,22,True,3,18,1996,3,0.069572,316219.1686310585
main-l2-n40-zipf-k1,101,profile,22,True,3,18,2016,3,0.116806,188346.48905022003
main-l3-n40-uniform-k1,11,accept_id,39,True,3,1,2004,3,0.051315,760011.6924875767
main-l3-n40-uniform-k1,11,accept_static_degree,39,True,3,1,2000,3,0.130473,298912.4186613322
main-l3-n40-uniform-k1,11,adaptive,39,True,3,1,2008,3,0.066329,587978.1091227065
main-l3-n40-uniform-k1,11,graph,39,True,3,1,2052,3,0.063675,612485.2767962309
main-l3-n40-uniform-k1,11,lazy,39,True,3,1,2012,3,0.066543,586087.191740679
main-l3-n40-uniform-k1,11,paper,39,True,3,1,1992,3,0.047453,821865.8462057193
main-l3-n40-uniform-k1,11,profile,39,True,3,1,2016,3,0.080302,485666.60855271353
main-l3-n40-uniform-k1,29,accept_id,40,True,3,0,1984,3,0.050844,786720.1636377941
main-l3-n40-uniform-k1,29,accept_static_degree,40,True,3,0,2016,3,0.137381,291161.0775871481
main-l3-n40-uniform-k1,29,adaptive,40,True,3,0,2016,3,0.0533,750469.04315197
main-l3-n40-uniform-k1,29,graph,40,True,3,0,2000,3,0.052515,761687.1370084737
main-l3-n40-uniform-k1,29,lazy,40,True,3,0,2000,3,0.052805,757504.0242401288
main-l3-n40-uniform-k1,29,paper,40,True,3,0,2016,3,0.046586,858627.0553385137
main-l3-n40-uniform-k1,29,profile,40,True,3,0,1984,3,0.05343,748643.0844095078
main-l3-n40-uniform-k1,47,accept_id,38,True,3,2,2036,3,0.054418,698298.3571612334
main-l3-n40-uniform-k1,47,accept_static_degree,38,True,3,2,2016,3,0.133845,283910.4934812657
main-l3-n40-uniform-k1,47,adaptive,38,True,3,2,1984,3,0.078656,483116.3547599674
main-l3-n40-uniform-k1,47,graph,38,True,3,2,1964,3,0.068165,557470.8428078926
main-l3-n40-uniform-k1,47,lazy,38,True,3,2,2016,3,0.073776,515072.6523530688
main-l3-n40-uniform-k1,47,paper,38,True,3,2,2004,3,0.052264,727077.9121383744
main-l3-n40-uniform-k1,47,profile,38,True,3,2,2000,3,0.089088,426544.5402298851
main-l3-n40-uniform-k1,71,accept_id,40,True,3,0,1996,3,0.051908,770594.128072744
main-l3-n40-uniform-k1,71,accept_static_degree,40,True,3,0,2056,3,0.142052,281587.0244699124
main-l3-n40-uniform-k1,71,adaptive,40,True,3,0,2000,3,0.053809,743370.0682042037
main-l3-n40-uniform-k1,71,graph,40,True,3,0,1996,3,0.052649,759748.5232388079
main-l3-n40-uniform-k1,71,lazy,40,True,3,0,2036,3,0.055211,724493.307493072
main-l3-n40-uniform-k1,71,paper,40,True,3,0,2052,3,0.044966,889561.0016456879
main-l3-n40-uniform-k1,71,profile,40,True,3,0,2072,3,0.052605,760383.9939169281
main-l3-n40-uniform-k1,101,accept_id,38,True,3,2,2012,3,0.05294,717793.7287495277
main-l3-n40-uniform-k1,101,accept_static_degree,38,True,3,2,2036,3,0.133121,285454.586428888
main-l3-n40-uniform-k1,101,adaptive,38,True,3,2,1996,3,0.075436,503738.26820085896
main-l3-n40-uniform-k1,101,graph,38,True,3,2,2020,3,0.070347,540179.3964206007
main-l3-n40-uniform-k1,101,lazy,38,True,3,2,2020,3,0.0777,489060.48906048905
main-l3-n40-uniform-k1,101,paper,38,True,3,2,1976,3,0.048617,781619.5980829751
main-l3-n40-uniform-k1,101,profile,38,True,3,2,2020,3,0.089369,425203.3702961877
main-l3-n40-zipf-k1,11,accept_id,23,True,3,17,1984,3,0.053082,433291.88802230515
main-l3-n40-zipf-k1,11,accept_static_degree,24,True,3,16,1996,3,0.137016,175162.02487300753
main-l3-n40-zipf-k1,11,adaptive,24,True,3,16,3776,3,0.146599,163711.8943512575
main-l3-n40-zipf-k1,11,graph,24,True,3,16,2004,3,0.102956,233109.2894051828
main-l3-n40-zipf-k1,11,lazy,24,True,3,16,3844,3,0.142167,168815.5479119627
main-l3-n40-zipf-k1,11,paper,24,True,3,16,2036,3,0.075585,317523.31811867433
main-l3-n40-zipf-k1,11,profile,24,True,3,16,4084,3,0.175402,136828.54243395172
main-l3-n40-zipf-k1,29,accept_id,23,True,3,17,2016,3,0.05105,450538.6875612145
main-l3-n40-zipf-k1,29,accept_static_degree,23,True,3,17,2008,3,0.137468,167311.66526027874
main-l3-n40-zipf-k1,29,adaptive,23,True,3,17,3828,3,0.146097,157429.65290183917
main-l3-n40-zipf-k1,29,graph,23,True,3,17,2036,3,0.101403,226817.74700945732
main-l3-n40-zipf-k1,29,lazy,23,True,3,17,3960,3,0.143129,160694.19893941827
main-l3-n40-zipf-k1,29,paper,23,True,3,17,2016,3,0.078455,293161.685042381
main-l3-n40-zipf-k1,29,profile,23,True,3,17,4096,3,0.180047,127744.42228973545
main-l3-n40-zipf-k1,47,accept_id,20,True,3,20,2016,3,0.052581,380365.5312755558
main-l3-n40-zipf-k1,47,accept_static_degree,20,True,3,20,2004,3,0.139086,143795.92482349052
main-l3-n40-zipf-k1,47,adaptive,20,True,3,20,3888,3,0.149269,133986.29320220542
main-l3-n40-zipf-k1,47,graph,20,True,3,20,2004,3,0.106492,187807.5348382977
main-l3-n40-zipf-k1,47,lazy,20,True,3,20,3780,3,0.147484,135607.93035176696
main-l3-n40-zipf-k1,47,paper,20,True,3,20,2072,3,0.084454,236815.3077414924
main-l3-n40-zipf-k1,47,profile,20,True,3,20,4008,3,0.181567,110152.17523008035
main-l3-n40-zipf-k1,71,accept_id,17,True,3,23,2036,3,0.049968,340217.73935318604
main-l3-n40-zipf-k1,71,accept_static_degree,19,True,3,21,1984,3,0.134677,141078.28359705073
main-l3-n40-zipf-k1,71,adaptive,19,True,3,21,4020,3,0.150424,126309.6314417912
main-l3-n40-zipf-k1,71,graph,19,True,3,21,2016,3,0.109636,173300.74063263892
main-l3-n40-zipf-k1,71,lazy,19,True,3,21,3876,3,0.154367,123083.30148282988
main-l3-n40-zipf-k1,71,paper,19,True,3,21,2020,3,0.085032,223445.29118449526
main-l3-n40-zipf-k1,71,profile,19,True,3,21,4084,3,0.185321,102524.80830558867
main-l3-n40-zipf-k1,101,accept_id,18,True,3,22,1980,3,0.049461,363923.0909201189
main-l3-n40-zipf-k1,101,accept_static_degree,19,True,3,21,1980,3,0.138125,137556.56108597285
main-l3-n40-zipf-k1,101,adaptive,19,True,3,21,3880,3,0.151711,125238.11720969474
main-l3-n40-zipf-k1,101,graph,19,True,3,21,2000,3,0.107379,176943.35018951565
main-l3-n40-zipf-k1,101,lazy,19,True,3,21,3904,3,0.14652,129675.12967512966
main-l3-n40-zipf-k1,101,paper,19,True,3,21,2000,3,0.085498,222227.4205244567
main-l3-n40-zipf-k1,101,profile,19,True,3,21,4080,3,0.184379,103048.61182672648
main-l4-n40-uniform-k1,11,accept_id,37,True,3,3,2036,3,0.061497,601655.3653023725
main-l4-n40-uniform-k1,11,accept_static_degree,37,True,3,3,1956,3,0.252627,146460.98793873974
main-l4-n40-uniform-k1,11,adaptive,37,True,3,3,3880,3,0.115947,319111.3181022364
main-l4-n40-uniform-k1,11,graph,37,True,3,3,2012,3,0.078841,469298.96881064423
main-l4-n40-uniform-k1,11,lazy,37,True,3,3,3860,3,0.119283,310186.69885901595
main-l4-n40-uniform-k1,11,paper,37,True,3,3,2020,3,0.060759,608963.2811599928
main-l4-n40-uniform-k1,11,profile,37,True,3,3,4172,3,0.132585,279066.2593807746
main-l4-n40-uniform-k1,29,accept_id,39,True,3,1,2016,3,0.060081,649123.6830279123
main-l4-n40-uniform-k1,29,accept_static_degree,39,True,3,1,1996,3,0.252891,154216.63878904353
main-l4-n40-uniform-k1,29,adaptive,39,True,3,1,2032,3,0.084892,459407.24685482733
main-l4-n40-uniform-k1,29,graph,39,True,3,1,2056,3,0.074696,522116.3114490736
main-l4-n40-uniform-k1,29,lazy,39,True,3,1,2032,3,0.084388,462151.0167322368
main-l4-n40-uniform-k1,29,paper,39,True,3,1,2016,3,0.05791,673458.8154032119
main-l4-n40-uniform-k1,29,profile,39,True,3,1,2036,3,0.098362,396494.581240723
main-l4-n40-uniform-k1,47,accept_id,39,True,3,1,2004,3,0.059009,660916.1314375773
main-l4-n40-uniform-k1,47,accept_static_degree,39,True,3,1,2004,3,0.246993,157899.21171855074
main-l4-n40-uniform-k1,47,adaptive,39,True,3,1,2004,3,0.090215,432300.6151970293
main-l4-n40-uniform-k1,47,graph,39,True,3,1,2004,3,0.077027,506315.96712840954
main-l4-n40-uniform-k1,47,lazy,39,True,3,1,1996,3,0.08644,451180.00925497455
main-l4-n40-uniform-k1,47,paper,39,True,3,1,1996,3,0.058649,664972.97481628
main-l4-n40-uniform-k1,47,profile,39,True,3,1,2016,3,0.101885,382784.5119497473
main-l4-n40-uniform-k1,71,accept_id,39,True,3,1,2052,3,0.058341,668483.570730704
main-l4-n40-uniform-k1,71,accept_static_degree,39,True,3,1,2036,3,0.250945,155412.54059654506
main-l4-n40-uniform-k1,71,adaptive,39,True,3,1,1992,3,0.086141,452746.07910286624
main-l4-n40-uniform-k1,71,graph,39,True,3,1,2052,3,0.074143,526010.5471858436
main-l4-n40-uniform-k1,71,lazy,39,True,3,1,1980,3,0.085706,455043.9875854666
main-l4-n40-uniform-k1,71,paper,39,True,3,1,1984,3,0.057898,673598.3971812498
main-l4-n40-uniform-k1,71,profile,39,True,3,1,1968,3,0.100891,386555.7879295478
main-l4-n40-uniform-k1,101,accept_id,40,True,3,0,2000,3,0.063977,625224.6901230129
main-l4-n40-uniform-k1,101,accept_static_degree,40,True,3,0,2000,3,0.273135,146447.72731433174
main-l4-n40-uniform-k1,101,adaptive,40,True,3,0,2008,3,0.070935,563896.5249876648
main-l4-n40-uniform-k1,101,graph,40,True,3,0,2004,3,0.080932,494242.07977067167
main-l4-n40-uniform-k1,101,lazy,40,True,3,0,2016,3,0.073972,540745.1468123074
main-l4-n40-uniform-k1,101,paper,40,True,3,0,1984,3,0.060266,663724.1562406664
main-l4-n40-uniform-k1,101,profile,40,True,3,0,2036,3,0.072961,548238.0998067461
main-l4-n40-zipf-k1,11,accept_id,13,True,3,27,2012,3,0.07855,165499.6817313813
main-l4-n40-zipf-k1,11,accept_static_degree,14,True,3,26,2016,3,0.410092,34138.68107644138
main-l4-n40-zipf-k1,11,adaptive,14,True,3,26,3980,3,0.39035,35865.24913539132
main-l4-n40-zipf-k1,11,graph,14,True,3,26,1984,3,0.203041,68951.59105796367
main-l4-n40-zipf-k1,11,lazy,14,True,3,26,3884,3,0.382723,36579.98082163863
main-l4-n40-zipf-k1,11,paper,14,True,3,26,1996,3,0.163914,85410.64216601389
main-l4-n40-zipf-k1,11,profile,14,True,3,26,3856,3,0.465872,30051.172854346256
main-l4-n40-zipf-k1,29,accept_id,16,True,3,24,2016,3,0.060376,265005.96263415925
main-l4-n40-zipf-k1,29,accept_static_degree,17,True,3,23,2012,3,0.29002,58616.647127784294
main-l4-n40-zipf-k1,29,adaptive,17,True,3,23,3916,3,0.263056,64625.02280883158
main-l4-n40-zipf-k1,29,graph,17,True,3,23,1984,3,0.147888,114951.85545818458
main-l4-n40-zipf-k1,29,lazy,17,True,3,23,3920,3,0.259007,65635.29171026267
main-l4-n40-zipf-k1,29,paper,17,True,3,23,2036,3,0.112169,151557.0255596466
main-l4-n40-zipf-k1,29,profile,17,True,3,23,3972,3,0.315444,53892.29150023459
main-l4-n40-zipf-k1,47,accept_id,17,True,3,23,1956,3,0.081842,207717.3089611691
main-l4-n40-zipf-k1,47,accept_static_degree,18,True,3,22,1984,3,0.291681,61711.253046993115
main-l4-n40-zipf-k1,47,adaptive,18,True,3,22,3888,3,0.252351,71329.22001497913
main-l4-n40-zipf-k1,47,graph,18,True,3,22,2020,3,0.138091,130348.82794678872
main-l4-n40-zipf-k1,47,lazy,18,True,3,22,3860,3,0.341315,52737.20756485945
main-l4-n40-zipf-k1,47,paper,18,True,3,22,1976,3,0.107713,167110.74800627594
main-l4-n40-zipf-k1,47,profile,18,True,3,22,3924,3,0.443756,40562.83182649925
main-l4-n40-zipf-k1,71,accept_id,14,True,3,26,2004,3,0.078426,178512.228087624
main-l4-n40-zipf-k1,71,accept_static_degree,15,True,3,25,2000,3,0.428456,35009.42920626622
main-l4-n40-zipf-k1,71,adaptive,15,True,3,25,3908,3,0.360535,41604.83725574493
main-l4-n40-zipf-k1,71,graph,15,True,3,25,1996,3,0.149173,100554.38986948041
main-l4-n40-zipf-k1,71,lazy,15,True,3,25,3908,3,0.319727,46915.02438017434
main-l4-n40-zipf-k1,71,paper,15,True,3,25,1980,3,0.151706,98875.45647502405
main-l4-n40-zipf-k1,71,profile,15,True,3,25,3984,3,0.352329,42573.84433299558
main-l4-n40-zipf-k1,101,accept_id,15,True,3,25,1984,3,0.07906,189729.31950417403
main-l4-n40-zipf-k1,101,accept_static_degree,16,True,3,24,1980,3,0.424739,37670.19275366755
main-l4-n40-zipf-k1,101,adaptive,16,True,3,24,3860,3,0.275829,58006.95358356083
main-l4-n40-zipf-k1,101,graph,16,True,3,24,2072,3,0.194701,82177.28722502709
main-l4-n40-zipf-k1,101,lazy,16,True,3,24,3968,3,0.374194,42758.569084485585
main-l4-n40-zipf-k1,101,paper,16,True,3,24,2004,3,0.140809,113629.10041261568
main-l4-n40-zipf-k1,101,profile,16,True,3,24,3928,3,0.343784,46540.851232169036
paper_k-l2-n40-uniform-k2,11,accept_id,40,True,3,0,2008,3,0.064539,619780.2878879437
paper_k-l2-n40-uniform-k2,11,accept_static_degree,40,True,3,0,1988,3,0.053529,747258.4953950195
paper_k-l2-n40-uniform-k2,11,adaptive,40,True,3,0,2000,3,0.051326,779332.1123796906
paper_k-l2-n40-uniform-k2,11,graph,40,True,3,0,1984,3,0.067274,594583.3457204864
paper_k-l2-n40-uniform-k2,11,lazy,40,True,3,0,1968,3,0.049026,815893.6074735854
paper_k-l2-n40-uniform-k2,11,paper,40,True,3,0,2052,3,0.0554,722021.6606498195
paper_k-l2-n40-uniform-k2,11,profile,40,True,3,0,2012,3,0.063264,632271.1178553364
paper_k-l2-n40-uniform-k2,29,accept_id,39,True,3,1,2020,3,0.056101,695174.7740681984
paper_k-l2-n40-uniform-k2,29,accept_static_degree,39,True,3,1,1984,3,0.059384,656742.5569176882
paper_k-l2-n40-uniform-k2,29,adaptive,38,True,3,2,2016,3,0.074199,512136.2821601369
paper_k-l2-n40-uniform-k2,29,graph,38,True,3,2,2016,3,0.061217,620742.6041785779
paper_k-l2-n40-uniform-k2,29,lazy,38,True,3,2,2008,3,0.064479,589339.1646892787
paper_k-l2-n40-uniform-k2,29,paper,38,True,3,2,1964,3,0.056565,671793.5118889774
paper_k-l2-n40-uniform-k2,29,profile,38,True,3,2,2004,3,0.076543,496452.9741452517
paper_k-l2-n40-uniform-k2,47,accept_id,39,True,3,1,1984,3,0.049297,791123.192080654
paper_k-l2-n40-uniform-k2,47,accept_static_degree,39,True,3,1,1976,3,0.058593,665608.5197890534
paper_k-l2-n40-uniform-k2,47,adaptive,38,True,3,2,2016,3,0.059072,643282.7735644637
paper_k-l2-n40-uniform-k2,47,graph,38,True,3,2,2012,3,0.06312,602027.8833967047
paper_k-l2-n40-uniform-k2,47,lazy,38,True,3,2,2020,3,0.0569,667838.3128295254
paper_k-l2-n40-uniform-k2,47,paper,38,True,3,2,2016,3,0.039838,953863.145740248
paper_k-l2-n40-uniform-k2,47,profile,38,True,3,2,2016,3,0.092294,411727.7396147095
paper_k-l2-n40-uniform-k2,71,accept_id,40,True,3,0,2016,3,0.045577,877635.6495600851
paper_k-l2-n40-uniform-k2,71,accept_static_degree,40,True,3,0,2016,3,0.050206,796717.5238019361
paper_k-l2-n40-uniform-k2,71,adaptive,40,True,3,0,2052,3,0.047745,837784.0611582365
paper_k-l2-n40-uniform-k2,71,graph,40,True,3,0,2000,3,0.047888,835282.325425994
paper_k-l2-n40-uniform-k2,71,lazy,40,True,3,0,2004,3,0.046624,857927.2477693892
paper_k-l2-n40-uniform-k2,71,paper,40,True,3,0,2004,3,0.039697,1007632.8186009018
paper_k-l2-n40-uniform-k2,71,profile,40,True,3,0,2004,3,0.047695,838662.3335779432
paper_k-l2-n40-uniform-k2,101,accept_id,39,True,3,1,2000,3,0.045974,848305.564014443
paper_k-l2-n40-uniform-k2,101,accept_static_degree,39,True,3,1,1992,3,0.053802,724880.1159808185
paper_k-l2-n40-uniform-k2,101,adaptive,38,True,3,2,2008,3,0.05477,693810.480189885
paper_k-l2-n40-uniform-k2,101,graph,38,True,3,2,2000,3,0.058884,645336.5939813871
paper_k-l2-n40-uniform-k2,101,lazy,38,True,3,2,1968,3,0.054786,693607.8560216114
paper_k-l2-n40-uniform-k2,101,paper,38,True,3,2,1992,3,0.039517,961611.4583596934
paper_k-l2-n40-uniform-k2,101,profile,38,True,3,2,2036,3,0.068898,551539.9576185085
paper_k-l2-n40-zipf-k2,11,accept_id,26,True,3,14,2008,3,0.044853,579671.3709227922
paper_k-l2-n40-zipf-k2,11,accept_static_degree,26,True,3,14,1992,3,0.055052,472280.75274286134
paper_k-l2-n40-zipf-k2,11,adaptive,24,True,3,16,2016,3,0.083452,287590.47116905526
paper_k-l2-n40-zipf-k2,11,graph,24,True,3,16,2032,3,0.076913,312040.87735493353
paper_k-l2-n40-zipf-k2,11,lazy,24,True,3,16,2012,3,0.086961,275985.7867319833
paper_k-l2-n40-zipf-k2,11,paper,24,True,3,16,2020,3,0.058636,409304.86390613276
paper_k-l2-n40-zipf-k2,11,profile,24,True,3,16,2004,3,0.106009,226395.87204859965
paper_k-l2-n40-zipf-k2,29,accept_id,25,True,3,15,1980,3,0.04511,554200.8423852804
paper_k-l2-n40-zipf-k2,29,accept_static_degree,26,True,3,14,2008,3,0.052821,492228.469737415
paper_k-l2-n40-zipf-k2,29,adaptive,24,True,3,16,1992,3,0.085253,281515.01999929623
paper_k-l2-n40-zipf-k2,29,graph,24,True,3,16,2036,3,0.07574,316873.51465540007
paper_k-l2-n40-zipf-k2,29,lazy,24,True,3,16,2000,3,0.087093,275567.4968137508
paper_k-l2-n40-zipf-k2,29,paper,24,True,3,16,2004,3,0.056016,428449.01456726645
paper_k-l2-n40-zipf-k2,29,profile,24,True,3,16,1996,3,0.116177,206581.33709770435
paper_k-l2-n40-zipf-k2,47,accept_id,23,True,3,17,2016,3,0.044388,518158.0607371362
paper_k-l2-n40-zipf-k2,47,accept_static_degree,23,True,3,17,2020,3,0.053619,428952.42358119326
paper_k-l2-n40-zipf-k2,47,adaptive,22,True,3,18,1988,3,0.087513,251391.22187560707
paper_k-l2-n40-zipf-k2,47,graph,22,True,3,18,1992,3,0.07989,275378.6456377519
paper_k-l2-n40-zipf-k2,47,lazy,22,True,3,18,2016,3,0.086509,254308.8002404374
paper_k-l2-n40-zipf-k2,47,paper,22,True,3,18,1980,3,0.062369,352739.3416601196
paper_k-l2-n40-zipf-k2,47,profile,22,True,3,18,2004,3,0.110199,199638.83519814155
paper_k-l2-n40-zipf-k2,71,accept_id,24,True,3,16,2032,3,0.045,533333.3333333334
paper_k-l2-n40-zipf-k2,71,accept_static_degree,25,True,3,15,2036,3,0.054257,460770.0388889913
paper_k-l2-n40-zipf-k2,71,adaptive,24,True,3,16,1996,3,0.087663,273775.70925019676
paper_k-l2-n40-zipf-k2,71,graph,24,True,3,16,2016,3,0.079935,300243.9482079189
paper_k-l2-n40-zipf-k2,71,lazy,24,True,3,16,2016,3,0.088558,271008.8303710563
paper_k-l2-n40-zipf-k2,71,paper,24,True,3,16,2000,3,0.060875,394250.5133470226
paper_k-l2-n40-zipf-k2,71,profile,24,True,3,16,1996,3,0.120203,199662.2380473033
paper_k-l2-n40-zipf-k2,101,accept_id,21,True,3,19,2036,3,0.042754,491182.11161528743
paper_k-l2-n40-zipf-k2,101,accept_static_degree,22,True,3,18,1984,3,0.053902,408148.12066342623
paper_k-l2-n40-zipf-k2,101,adaptive,20,True,3,20,1992,3,0.091734,218021.67135413262
paper_k-l2-n40-zipf-k2,101,graph,20,True,3,20,2036,3,0.086533,231125.69771069995
paper_k-l2-n40-zipf-k2,101,lazy,20,True,3,20,1988,3,0.088212,226726.52246859838
paper_k-l2-n40-zipf-k2,101,paper,20,True,3,20,2040,3,0.06313,316806.58957706316
paper_k-l2-n40-zipf-k2,101,profile,20,True,3,20,2012,3,0.120289,166266.24213352843
