condition,suite,arity,n,distribution,workers,variant,policy,policy_k,implementation,baseline,metric,count,median,minimum,maximum,q1,q3,iqr
l2-n128-uniform-w1,main,2,128,uniform,1,native,native,,native,accept_id,commit_delta,5,0,0,0,0.0,0.0,0.0
l2-n128-uniform-w1,main,2,128,uniform,1,native,native,,native,accept_id,batch_delta_ms,5,-0.12671100000000002,-0.1324,-0.12579600000000002,-0.130964,-0.126306,0.0046579999999999955
l2-n128-uniform-w1,main,2,128,uniform,1,native,native,,native,accept_id,selector_delta_ms,5,-0.135021,-0.137244,-0.134159,-0.137115,-0.134499,0.0026159999999999795
l2-n128-uniform-w1,main,2,128,uniform,1,native,native,,native,accept_id,batch_speedup,5,1.7732373413653144,1.7588848296101096,1.8134612040050684,1.7635661737927018,1.812798507004555,0.04923233321185316
l2-n128-uniform-w1,main,2,128,uniform,1,native,native,,native,accept_id,selector_speedup,0,,,,,,
l2-n128-uniform-w1,main,2,128,uniform,1,native,native,,native,accept_id,rate_ratio,5,1.7732373413653961,1.7588848296114632,1.8134612040053033,1.7635661737927515,1.8127985070053967,0.049232333212645196
l2-n128-uniform-w1,main,2,128,uniform,1,native,native,,native,accept_static_degree,commit_delta,5,0,0,0,0.0,0.0,0.0
l2-n128-uniform-w1,main,2,128,uniform,1,native,native,,native,accept_static_degree,batch_delta_ms,5,-0.149157,-0.16108699999999998,-0.14840799999999998,-0.15187499999999998,-0.14859999999999998,0.003275
l2-n128-uniform-w1,main,2,128,uniform,1,native,native,,native,accept_static_degree,selector_delta_ms,5,-0.156801,-0.163289,-0.155832,-0.15948,-0.156425,0.003055000000000002
l2-n128-uniform-w1,main,2,128,uniform,1,native,native,,native,accept_static_degree,batch_speedup,5,1.9230042982434346,1.904932347148458,1.97892497949014,1.9156690854175107,1.9491238376162383,0.03345475219872762
l2-n128-uniform-w1,main,2,128,uniform,1,native,native,,native,accept_static_degree,selector_speedup,0,,,,,,
l2-n128-uniform-w1,main,2,128,uniform,1,native,native,,native,accept_static_degree,rate_ratio,5,1.923004298246647,1.9049323471503943,1.9789249794888006,1.9156690854203733,1.949123837613749,0.03345475219337568
l2-n128-uniform-w1,main,2,128,uniform,1,eas_k1_adaptive,eas,1,adaptive,native,commit_delta,5,0,0,0,0.0,0.0,0.0
l2-n128-uniform-w1,main,2,128,uniform,1,eas_k1_adaptive,eas,1,adaptive,native,batch_delta_ms,5,0.144487,0.13311099999999998,0.155297,0.14103899999999997,0.146153,0.005114000000000035
l2-n128-uniform-w1,main,2,128,uniform,1,eas_k1_adaptive,eas,1,adaptive,native,selector_delta_ms,5,0.150783,0.147842,0.158619,0.14862,0.15223,0.003610000000000002
l2-n128-uniform-w1,main,2,128,uniform,1,eas_k1_adaptive,eas,1,adaptive,native,batch_speedup,5,0.5273708003362675,0.5126316516237557,0.5519807478711589,0.5241625400050138,0.5317983622248218,0.007635822219807964
l2-n128-uniform-w1,main,2,128,uniform,1,eas_k1_adaptive,eas,1,adaptive,native,selector_speedup,5,0.0,0.0,0.0,0.0,0.0,0.0
l2-n128-uniform-w1,main,2,128,uniform,1,eas_k1_adaptive,eas,1,adaptive,native,rate_ratio,5,0.5273708003355171,0.5126316516237509,0.551980747870803,0.5241625400041298,0.5317983622255809,0.007635822221451094
l2-n128-uniform-w1,main,2,128,uniform,1,eas_k1_adaptive,eas,1,adaptive,accept_id,commit_delta,5,0,0,0,0.0,0.0,0.0
l2-n128-uniform-w1,main,2,128,uniform,1,eas_k1_adaptive,eas,1,adaptive,accept_id,batch_delta_ms,5,0.014327999999999952,0.0038779999999999926,0.028717000000000048,0.009850000000000025,0.015189000000000008,0.005338999999999983
l2-n128-uniform-w1,main,2,128,uniform,1,eas_k1_adaptive,eas,1,adaptive,accept_id,selector_delta_ms,5,0.016278000000000015,0.011241000000000001,0.024652000000000007,0.014926999999999996,0.018691000000000013,0.0037640000000000173
l2-n128-uniform-w1,main,2,128,uniform,1,eas_k1_adaptive,eas,1,adaptive,accept_id,batch_speedup,5,0.9534818787762697,0.9109279719108441,0.9868284299406974,0.9505484308918473,0.967779816753841,0.017231385861993687
l2-n128-uniform-w1,main,2,128,uniform,1,eas_k1_adaptive,eas,1,adaptive,accept_id,selector_speedup,5,0.8938804247912224,0.8445835618683764,0.9228694936187731,0.87771671573438,0.901906407922666,0.024189692188285927
l2-n128-uniform-w1,main,2,128,uniform,1,eas_k1_adaptive,eas,1,adaptive,accept_id,rate_ratio,5,0.9534818787769511,0.9109279719094949,0.986828429939956,0.9505484308903671,0.9677798167538791,0.017231385863512028
l2-n128-uniform-w1,main,2,128,uniform,1,eas_k1_adaptive,eas,1,adaptive,accept_static_degree,commit_delta,5,0,0,0,0.0,0.0,0.0
l2-n128-uniform-w1,main,2,128,uniform,1,eas_k1_adaptive,eas,1,adaptive,accept_static_degree,batch_delta_ms,5,-0.006315999999999988,-0.014390999999999987,0.0008490000000000442,-0.010994999999999977,-0.002446999999999977,0.008548
l2-n128-uniform-w1,main,2,128,uniform,1,eas_k1_adaptive,eas,1,adaptive,accept_static_degree,selector_delta_ms,5,-0.008490999999999999,-0.010650999999999994,0.0015610000000000068,-0.010502999999999985,-0.003482999999999986,0.0070199999999999985
l2-n128-uniform-w1,main,2,128,uniform,1,eas_k1_adaptive,eas,1,adaptive,accept_static_degree,batch_speedup,5,1.0206601702926639,0.9973666416461435,1.0488788201968602,1.0079668174078378,1.036540864617675,0.02857404720983725
l2-n128-uniform-w1,main,2,128,uniform,1,eas_k1_adaptive,eas,1,adaptive,accept_static_degree,selector_speedup,5,1.0582612872238233,0.9901288123589039,1.0722571979050772,1.0228798528542336,1.0717918221711846,0.048911969316951076
l2-n128-uniform-w1,main,2,128,uniform,1,eas_k1_adaptive,eas,1,adaptive,accept_static_degree,rate_ratio,5,1.0206601702927927,0.9973666416458793,1.0488788201974346,1.0079668174078216,1.0365408646178307,0.028574047210009113
l2-n128-uniform-w1,main,2,128,uniform,1,accept_id,accept_id,,greedy,native,commit_delta,5,0,0,0,0.0,0.0,0.0
l2-n128-uniform-w1,main,2,128,uniform,1,accept_id,accept_id,,greedy,native,batch_delta_ms,5,0.12671100000000002,0.12579600000000002,0.1324,0.126306,0.130964,0.0046579999999999955
l2-n128-uniform-w1,main,2,128,uniform,1,accept_id,accept_id,,greedy,native,selector_delta_ms,5,0.135021,0.134159,0.137244,0.134499,0.137115,0.0026159999999999795
l2-n128-uniform-w1,main,2,128,uniform,1,accept_id,accept_id,,greedy,native,batch_speedup,5,0.5639403009808288,0.55143170297301,0.5685420575386219,0.5516332875033019,0.5670328762597059,0.015399588756404015
l2-n128-uniform-w1,main,2,128,uniform,1,accept_id,accept_id,,greedy,native,selector_speedup,5,0.0,0.0,0.0,0.0,0.0,0.0
l2-n128-uniform-w1,main,2,128,uniform,1,accept_id,accept_id,,greedy,native,rate_ratio,5,0.5639403009808028,0.5514317029729386,0.5685420575381843,0.5516332875030457,0.5670328762596899,0.015399588756644156
l2-n128-uniform-w1,main,2,128,uniform,1,accept_id,accept_id,,greedy,accept_static_degree,commit_delta,5,0,0,0,0.0,0.0,0.0
l2-n128-uniform-w1,main,2,128,uniform,1,accept_id,accept_id,,greedy,accept_static_degree,batch_delta_ms,5,-0.01826899999999998,-0.027868000000000004,-0.01647900000000002,-0.023237000000000008,-0.017635999999999985,0.005601000000000023
l2-n128-uniform-w1,main,2,128,uniform,1,accept_id,accept_id,,greedy,accept_static_degree,selector_delta_ms,5,-0.022031999999999996,-0.026258000000000004,-0.018896000000000024,-0.024517999999999984,-0.019732,0.004785999999999985
l2-n128-uniform-w1,main,2,128,uniform,1,accept_id,accept_id,,greedy,accept_static_degree,batch_speedup,5,1.0628786001431796,1.0562133507987352,1.0948907843437696,1.0604055350047952,1.0794408338945736,0.019035298889778396
l2-n128-uniform-w1,main,2,128,uniform,1,accept_id,accept_id,,greedy,accept_static_degree,selector_speedup,5,1.1642230487704888,1.13781132625898,1.1911368632532138,1.1467074104640183,1.178240134926866,0.03153272446284783
l2-n128-uniform-w1,main,2,128,uniform,1,accept_id,accept_id,,greedy,accept_static_degree,rate_ratio,5,1.0628786001445603,1.056213350798575,1.0948907843451012,1.0604055350064294,1.0794408338949244,0.019035298888494978
l2-n128-uniform-w1,main,2,128,uniform,1,eas_k2_adaptive,eas,2,adaptive,native,commit_delta,5,0,-2,0,-2.0,0.0,2.0
l2-n128-uniform-w1,main,2,128,uniform,1,eas_k2_adaptive,eas,2,adaptive,native,batch_delta_ms,5,0.14560700000000001,0.13984200000000002,0.16041199999999997,0.14332500000000004,0.14723800000000004,0.003913
l2-n128-uniform-w1,main,2,128,uniform,1,eas_k2_adaptive,eas,2,adaptive,native,selector_delta_ms,5,0.150468,0.14917,0.161377,0.149724,0.152463,0.0027389999999999914
l2-n128-uniform-w1,main,2,128,uniform,1,eas_k2_adaptive,eas,2,adaptive,native,batch_speedup,5,0.5256688382122746,0.5038426209430497,0.5386122933782045,0.5207938708690529,0.532632183187572,0.011838312318519062
l2-n128-uniform-w1,main,2,128,uniform,1,eas_k2_adaptive,eas,2,adaptive,native,selector_speedup,5,0.0,0.0,0.0,0.0,0.0,0.0
l2-n128-uniform-w1,main,2,128,uniform,1,eas_k2_adaptive,eas,2,adaptive,native,rate_ratio,5,0.5207938708693334,0.5038426209423551,0.5386122933789286,0.5173248883990765,0.524177704089025,0.006852815689948444
l2-n128-uniform-w1,main,2,128,uniform,1,eas_k2_adaptive,eas,2,adaptive,accept_id,commit_delta,5,0,-2,0,-2.0,0.0,2.0
l2-n128-uniform-w1,main,2,128,uniform,1,eas_k2_adaptive,eas,2,adaptive,accept_id,batch_delta_ms,5,0.015397999999999967,0.010970000000000035,0.026897000000000004,0.014110999999999985,0.015702999999999967,0.0015919999999999823
l2-n128-uniform-w1,main,2,128,uniform,1,eas_k2_adaptive,eas,2,adaptive,accept_id,selector_delta_ms,5,0.015189000000000008,0.011613999999999985,0.026746999999999993,0.01245300000000002,0.017522999999999983,0.005069999999999963
l2-n128-uniform-w1,main,2,128,uniform,1,eas_k2_adaptive,eas,2,adaptive,accept_id,batch_speedup,5,0.9499910686737794,0.9160994690905915,0.9642471865436447,0.9487243956675495,0.9538963181745412,0.005171922506991722
l2-n128-uniform-w1,main,2,128,uniform,1,eas_k2_adaptive,eas,2,adaptive,accept_id,selector_speedup,5,0.9002718247715096,0.837032749428789,0.9221425219548167,0.8835657853644924,0.9137006237006235,0.030134838336131176
l2-n128-uniform-w1,main,2,128,uniform,1,eas_k2_adaptive,eas,2,adaptive,accept_id,rate_ratio,5,0.9487243956679419,0.9160994690885041,0.9499910686735586,0.9387551067752092,0.9489416756464151,0.010186568871205837
l2-n128-uniform-w1,main,2,128,uniform,1,eas_k2_adaptive,eas,2,adaptive,accept_static_degree,commit_delta,5,0,-2,0,-2.0,0.0,2.0
l2-n128-uniform-w1,main,2,128,uniform,1,eas_k2_adaptive,eas,2,adaptive,accept_static_degree,batch_delta_ms,5,-0.0067070000000000185,-0.010084999999999955,0.0009580000000000144,-0.00783900000000004,-0.005195999999999978,0.002643000000000062
l2-n128-uniform-w1,main,2,128,uniform,1,eas_k2_adaptive,eas,2,adaptive,accept_static_degree,selector_delta_ms,5,-0.0067010000000000125,-0.010724000000000011,0.0004889999999999894,-0.007730999999999988,-0.003492999999999996,0.004237999999999992
l2-n128-uniform-w1,main,2,128,uniform,1,eas_k2_adaptive,eas,2,adaptive,accept_static_degree,batch_speedup,5,1.0221264775452708,0.9970667483159829,1.0332739450328283,1.016934514012691,1.0254591513616214,0.008524637348930275
l2-n128-uniform-w1,main,2,128,uniform,1,eas_k2_adaptive,eas,2,adaptive,accept_static_degree,selector_speedup,5,1.0447556837915097,0.997020563594821,1.0720912097663289,1.0228752177500688,1.0518615415576573,0.028986323807588477
l2-n128-uniform-w1,main,2,128,uniform,1,eas_k2_adaptive,eas,2,adaptive,accept_static_degree,rate_ratio,5,1.0059022477411643,0.9970667483139336,1.0332739450347141,1.000792696330341,1.0254591513617166,0.024666455031375545
l2-n128-uniform-w1,main,2,128,uniform,1,accept_static_degree,accept_static_degree,,greedy,native,commit_delta,5,0,0,0,0.0,0.0,0.0
l2-n128-uniform-w1,main,2,128,uniform,1,accept_static_degree,accept_static_degree,,greedy,native,batch_delta_ms,5,0.149157,0.14840799999999998,0.16108699999999998,0.14859999999999998,0.15187499999999998,0.003275
l2-n128-uniform-w1,main,2,128,uniform,1,accept_static_degree,accept_static_degree,,greedy,native,selector_delta_ms,5,0.156801,0.155832,0.163289,0.156425,0.15948,0.003055000000000002
l2-n128-uniform-w1,main,2,128,uniform,1,accept_static_degree,accept_static_degree,,greedy,native,batch_speedup,5,0.5200196384966215,0.505324865957094,0.5249530260205437,0.5130510338547762,0.5220108251535807,0.00895979129880442
l2-n128-uniform-w1,main,2,128,uniform,1,accept_static_degree,accept_static_degree,,greedy,native,selector_speedup,5,0.0,0.0,0.0,0.0,0.0,0.0
l2-n128-uniform-w1,main,2,128,uniform,1,accept_static_degree,accept_static_degree,,greedy,native,rate_ratio,5,0.5200196384957527,0.505324865957436,0.5249530260200101,0.5130510338554315,0.5220108251528006,0.008959791297369124
l2-n128-uniform-w1,main,2,128,uniform,1,accept_static_degree,accept_static_degree,,greedy,accept_id,commit_delta,5,0,0,0,0.0,0.0,0.0
l2-n128-uniform-w1,main,2,128,uniform,1,accept_static_degree,accept_static_degree,,greedy,accept_id,batch_delta_ms,5,0.01826899999999998,0.01647900000000002,0.027868000000000004,0.017635999999999985,0.023237000000000008,0.005601000000000023
l2-n128-uniform-w1,main,2,128,uniform,1,accept_static_degree,accept_static_degree,,greedy,accept_id,selector_delta_ms,5,0.022031999999999996,0.018896000000000024,0.026258000000000004,0.019732,0.024517999999999984,0.004785999999999985
l2-n128-uniform-w1,main,2,128,uniform,1,accept_static_degree,accept_static_degree,,greedy,accept_id,batch_speedup,5,0.9408412210625848,0.9133331052734697,0.9467784129444821,0.9264055690686125,0.9430354397343635,0.016629870665751056
l2-n128-uniform-w1,main,2,128,uniform,1,accept_static_degree,accept_static_degree,,greedy,accept_id,selector_speedup,5,0.8589419364752131,0.8395340878535286,0.878880335360968,0.8487234226341055,0.8720620368149076,0.023338614180802075
l2-n128-uniform-w1,main,2,128,uniform,1,accept_static_degree,accept_static_degree,,greedy,accept_id,rate_ratio,5,0.9408412210613627,0.9133331052723589,0.9467784129446257,0.9264055690683114,0.9430354397329103,0.016629870664598867
l2-n128-zipf-w1,main,2,128,zipf,1,eas_k1_adaptive,eas,1,adaptive,native,commit_delta,5,5,5,7,5.0,6.0,1.0
l2-n128-zipf-w1,main,2,128,zipf,1,eas_k1_adaptive,eas,1,adaptive,native,batch_delta_ms,5,0.280082,0.271374,0.28974,0.272419,0.286535,0.014115999999999962
l2-n128-zipf-w1,main,2,128,zipf,1,eas_k1_adaptive,eas,1,adaptive,native,selector_delta_ms,5,0.282221,0.277048,0.293289,0.278723,0.289604,0.010880999999999974
l2-n128-zipf-w1,main,2,128,zipf,1,eas_k1_adaptive,eas,1,adaptive,native,batch_speedup,5,0.32746962493396725,0.3176021159186134,0.3355229655547136,0.3198418142932085,0.3350363092695429,0.015194494976334405
l2-n128-zipf-w1,main,2,128,zipf,1,eas_k1_adaptive,eas,1,adaptive,native,selector_speedup,5,0.0,0.0,0.0,0.0,0.0,0.0
l2-n128-zipf-w1,main,2,128,zipf,1,eas_k1_adaptive,eas,1,adaptive,native,rate_ratio,5,0.36080833305919247,0.3481407809107067,0.36444200194174003,0.3541105801088082,0.36133242444376173,0.007221844334953542
l2-n128-zipf-w1,main,2,128,zipf,1,eas_k1_adaptive,eas,1,adaptive,accept_id,commit_delta,5,2,1,2,2.0,2.0,0.0
l2-n128-zipf-w1,main,2,128,zipf,1,eas_k1_adaptive,eas,1,adaptive,accept_id,batch_delta_ms,5,0.14629399999999998,0.138698,0.162188,0.14579999999999999,0.15872000000000003,0.012920000000000043
l2-n128-zipf-w1,main,2,128,zipf,1,eas_k1_adaptive,eas,1,adaptive,accept_id,selector_delta_ms,5,0.149947,0.14133900000000002,0.15932199999999996,0.147546,0.15805099999999997,0.010504999999999959
l2-n128-zipf-w1,main,2,128,zipf,1,eas_k1_adaptive,eas,1,adaptive,accept_id,batch_speedup,5,0.6450561795026701,0.6175722292567101,0.6620575558149111,0.6234660574412533,0.6499063535513615,0.02644029611010823
l2-n128-zipf-w1,main,2,128,zipf,1,eas_k1_adaptive,eas,1,adaptive,accept_id,selector_speedup,5,0.4620214334662012,0.4498625709589647,0.4913645021022747,0.4575460851240549,0.47719694849072175,0.019650863366666826
l2-n128-zipf-w1,main,2,128,zipf,1,eas_k1_adaptive,eas,1,adaptive,accept_id,rate_ratio,5,0.6544048197842339,0.640029401229916,0.6815298368676452,0.6442482593562258,0.6693065432079739,0.02505828385174813
l2-n128-zipf-w1,main,2,128,zipf,1,eas_k1_adaptive,eas,1,adaptive,accept_static_degree,commit_delta,5,0,0,0,0.0,0.0,0.0
l2-n128-zipf-w1,main,2,128,zipf,1,eas_k1_adaptive,eas,1,adaptive,accept_static_degree,batch_delta_ms,5,0.11862099999999998,0.10308399999999995,0.1367,0.11423500000000003,0.12517899999999998,0.010943999999999954
l2-n128-zipf-w1,main,2,128,zipf,1,eas_k1_adaptive,eas,1,adaptive,accept_static_degree,selector_delta_ms,5,0.11871300000000001,0.10841600000000001,0.13551599999999997,0.116594,0.12825699999999998,0.011662999999999979
l2-n128-zipf-w1,main,2,128,zipf,1,eas_k1_adaptive,eas,1,adaptive,accept_static_degree,batch_speedup,5,0.7151683234884503,0.6780431050116466,0.7479037076945683,0.7019675347247023,0.7211570147067797,0.01918947998207743
l2-n128-zipf-w1,main,2,128,zipf,1,eas_k1_adaptive,eas,1,adaptive,accept_static_degree,selector_speedup,5,0.5749801331262804,0.5370572977910476,0.6103927839867754,0.5571297357771302,0.5785356068204613,0.021405871043331137
l2-n128-zipf-w1,main,2,128,zipf,1,eas_k1_adaptive,eas,1,adaptive,accept_static_degree,rate_ratio,5,0.7151683234873198,0.6780431050109874,0.7479037076930138,0.7019675347257713,0.721157014704626,0.019189479978854673
l2-n128-zipf-w1,main,2,128,zipf,1,native,native,,native,accept_id,commit_delta,5,-4,-5,-3,-4.0,-3.0,1.0
l2-n128-zipf-w1,main,2,128,zipf,1,native,native,,native,accept_id,batch_delta_ms,5,-0.13180699999999998,-0.134282,-0.12463299999999997,-0.134016,-0.130341,0.003674999999999984
l2-n128-zipf-w1,main,2,128,zipf,1,native,native,,native,accept_id,selector_delta_ms,5,-0.133312,-0.136732,-0.131083,-0.134675,-0.131363,0.0033119999999999816
l2-n128-zipf-w1,main,2,128,zipf,1,native,native,,native,accept_id,batch_speedup,5,1.9673375784833238,1.9201878280900448,1.9846309522063676,1.9519225213773976,1.9732108492792564,0.02128832790185875
l2-n128-zipf-w1,main,2,128,zipf,1,native,native,,native,accept_id,selector_speedup,0,,,,,,
l2-n128-zipf-w1,main,2,128,zipf,1,native,native,,native,accept_id,rate_ratio,5,1.8365241647283281,1.8154503101945385,1.8861574294551566,1.8361817399232332,1.8387675926016909,0.0025858526784576785
l2-n128-zipf-w1,main,2,128,zipf,1,native,native,,native,accept_static_degree,commit_delta,5,-5,-7,-5,-6.0,-5.0,1.0
l2-n128-zipf-w1,main,2,128,zipf,1,native,native,,native,accept_static_degree,batch_delta_ms,5,-0.15888300000000002,-0.16843299999999997,-0.152954,-0.16146100000000002,-0.15304,0.008421000000000012
l2-n128-zipf-w1,main,2,128,zipf,1,native,native,,native,accept_static_degree,selector_delta_ms,5,-0.161374,-0.169854,-0.157571,-0.163508,-0.161347,0.0021609999999999963
l2-n128-zipf-w1,main,2,128,zipf,1,native,native,,native,accept_static_degree,batch_speedup,5,2.168635440877931,2.1046481395886296,2.2297431479345238,2.134882203320702,2.183922626816642,0.049040423495939844
l2-n128-zipf-w1,main,2,128,zipf,1,native,native,,native,accept_static_degree,selector_speedup,0,,,,,,
l2-n128-zipf-w1,main,2,128,zipf,1,native,native,,native,accept_static_degree,rate_ratio,5,1.9587674949821512,1.9476118346069202,2.0704757802255616,1.954316129622483,1.9623652588804712,0.008049129257988286
l2-n128-zipf-w1,main,2,128,zipf,1,accept_id,accept_id,,greedy,native,commit_delta,5,4,3,5,3.0,4.0,1.0
l2-n128-zipf-w1,main,2,128,zipf,1,accept_id,accept_id,,greedy,native,batch_delta_ms,5,0.13180699999999998,0.12463299999999997,0.134282,0.130341,0.134016,0.003674999999999984
l2-n128-zipf-w1,main,2,128,zipf,1,accept_id,accept_id,,greedy,native,selector_delta_ms,5,0.133312,0.131083,0.136732,0.131363,0.134675,0.0033119999999999816
l2-n128-zipf-w1,main,2,128,zipf,1,accept_id,accept_id,,greedy,native,batch_speedup,5,0.5083011735946854,0.5038720165521318,0.5207823866869685,0.5067882129095653,0.5123154167483748,0.005527203838809447
l2-n128-zipf-w1,main,2,128,zipf,1,accept_id,accept_id,,greedy,native,selector_speedup,5,0.0,0.0,0.0,0.0,0.0,0.0
l2-n128-zipf-w1,main,2,128,zipf,1,accept_id,accept_id,,greedy,native,rate_ratio,5,0.5445068565966444,0.5301784381216069,0.5508275243803521,0.5438425193175663,0.5446084002783993,0.0007658809608329653
l2-n128-zipf-w1,main,2,128,zipf,1,accept_id,accept_id,,greedy,accept_static_degree,commit_delta,5,-2,-2,-1,-2.0,-2.0,0.0
l2-n128-zipf-w1,main,2,128,zipf,1,accept_id,accept_id,,greedy,accept_static_degree,batch_delta_ms,5,-0.028932000000000013,-0.035614000000000035,-0.024031999999999998,-0.03354100000000004,-0.02747700000000003,0.006064000000000014
l2-n128-zipf-w1,main,2,128,zipf,1,accept_id,accept_id,,greedy,accept_static_degree,selector_delta_ms,5,-0.030290999999999985,-0.03312200000000001,-0.022535,-0.03106499999999998,-0.028832999999999998,0.002231999999999984
l2-n128-zipf-w1,main,2,128,zipf,1,accept_id,accept_id,,greedy,accept_static_degree,batch_speedup,5,1.1112444054814747,1.0885456581972528,1.1310682648746326,1.1013720665114684,1.1279108807430125,0.02653881423154414
l2-n128-zipf-w1,main,2,128,zipf,1,accept_id,accept_id,,greedy,accept_static_degree,selector_speedup,5,1.2310825965228136,1.1690395463274124,1.2422402948834217,1.2140931873027658,1.2384442977541026,0.024351110451336755
l2-n128-zipf-w1,main,2,128,zipf,1,accept_id,accept_id,,greedy,accept_static_degree,rate_ratio,5,1.072995005935339,1.0694482384974875,1.0987520287349968,1.0722533737109512,1.0915266587825652,0.019273285071613966
l2-n128-zipf-w1,main,2,128,zipf,1,eas_k2_adaptive,eas,2,adaptive,native,commit_delta,5,3,1,6,2.0,6.0,4.0
l2-n128-zipf-w1,main,2,128,zipf,1,eas_k2_adaptive,eas,2,adaptive,native,batch_delta_ms,5,0.27266999999999997,0.266845,0.27561599999999997,0.270208,0.273945,0.0037369999999999903
l2-n128-zipf-w1,main,2,128,zipf,1,eas_k2_adaptive,eas,2,adaptive,native,selector_delta_ms,5,0.273804,0.269947,0.278252,0.27366,0.276817,0.0031569999999999654
l2-n128-zipf-w1,main,2,128,zipf,1,eas_k2_adaptive,eas,2,adaptive,native,batch_speedup,5,0.3354222722867979,0.32809688884988375,0.3396576598424651,0.329742101286437,0.335558939993908,0.005816838707471017
l2-n128-zipf-w1,main,2,128,zipf,1,eas_k2_adaptive,eas,2,adaptive,native,selector_speedup,5,0.0,0.0,0.0,0.0,0.0,0.0
l2-n128-zipf-w1,main,2,128,zipf,1,eas_k2_adaptive,eas,2,adaptive,native,rate_ratio,5,0.35104627568579005,0.34242448979699935,0.3678824921860426,0.3448831623010675,0.36325012694199643,0.018366964640928907
l2-n128-zipf-w1,main,2,128,zipf,1,eas_k2_adaptive,eas,2,adaptive,accept_id,commit_delta,5,0,-3,2,-1.0,1.0,2.0
l2-n128-zipf-w1,main,2,128,zipf,1,eas_k2_adaptive,eas,2,adaptive,accept_id,batch_delta_ms,5,0.13952199999999998,0.135926,0.14691800000000005,0.138654,0.14276,0.0041059999999999985
l2-n128-zipf-w1,main,2,128,zipf,1,eas_k2_adaptive,eas,2,adaptive,accept_id,selector_delta_ms,5,0.141171,0.13366,0.14534799999999998,0.139129,0.14492599999999997,0.005796999999999969
l2-n128-zipf-w1,main,2,128,zipf,1,eas_k2_adaptive,eas,2,adaptive,accept_id,batch_speedup,5,0.6558318059937492,0.6390167914023301,0.6656894236397712,0.6519763433625385,0.6621285409686263,0.010152197606087765
l2-n128-zipf-w1,main,2,128,zipf,1,eas_k2_adaptive,eas,2,adaptive,accept_id,selector_speedup,5,0.47912937844579107,0.47472995291116005,0.5072960067673106,0.47704178968464184,0.491866444610013,0.014824654925371161
l2-n128-zipf-w1,main,2,128,zipf,1,eas_k2_adaptive,eas,2,adaptive,accept_id,rate_ratio,5,0.662128540967316,0.6273173796459208,0.6756250866801475,0.6273983042870256,0.6737088881426754,0.04631058385564979
l2-n128-zipf-w1,main,2,128,zipf,1,eas_k2_adaptive,eas,2,adaptive,accept_static_degree,commit_delta,5,-2,-4,0,-3.0,-1.0,2.0
l2-n128-zipf-w1,main,2,128,zipf,1,eas_k2_adaptive,eas,2,adaptive,accept_static_degree,batch_delta_ms,5,0.10874699999999998,0.10767800000000005,0.12106800000000001,0.10866100000000001,0.12075399999999997,0.012092999999999965
l2-n128-zipf-w1,main,2,128,zipf,1,eas_k2_adaptive,eas,2,adaptive,accept_static_degree,selector_delta_ms,5,0.110296,0.102329,0.12068100000000001,0.10774799999999998,0.11875899999999998,0.011010999999999993
l2-n128-zipf-w1,main,2,128,zipf,1,eas_k2_adaptive,eas,2,adaptive,accept_static_degree,batch_speedup,5,0.7311043526247151,0.7039605437219868,0.739327050404646,0.7094416893451045,0.7325362899853906,0.02309460064028601
l2-n128-zipf-w1,main,2,128,zipf,1,eas_k2_adaptive,eas,2,adaptive,accept_static_degree,selector_speedup,5,0.5941389181859275,0.5662888317065106,0.6260724987210408,0.5709837184854977,0.5973551782977123,0.02637145981221467
l2-n128-zipf-w1,main,2,128,zipf,1,eas_k2_adaptive,eas,2,adaptive,accept_static_degree,rate_ratio,5,0.7094416893423753,0.6669099887878726,0.7219198220162564,0.6893269610436793,0.7182034203922033,0.02887645934852401
l2-n128-zipf-w1,main,2,128,zipf,1,accept_static_degree,accept_static_degree,,greedy,native,commit_delta,5,5,5,7,5.0,6.0,1.0
l2-n128-zipf-w1,main,2,128,zipf,1,accept_static_degree,accept_static_degree,,greedy,native,batch_delta_ms,5,0.15888300000000002,0.152954,0.16843299999999997,0.15304,0.16146100000000002,0.008421000000000012
l2-n128-zipf-w1,main,2,128,zipf,1,accept_static_degree,accept_static_degree,,greedy,native,selector_delta_ms,5,0.161374,0.157571,0.169854,0.161347,0.163508,0.0021609999999999963
l2-n128-zipf-w1,main,2,128,zipf,1,accept_static_degree,accept_static_degree,,greedy,native,batch_speedup,5,0.46111945841628815,0.4484821495813674,0.47513880405465686,0.4578916797330101,0.4684099190318558,0.01051823929884571
l2-n128-zipf-w1,main,2,128,zipf,1,accept_static_degree,accept_static_degree,,greedy,native,selector_speedup,5,0.0,0.0,0.0,0.0,0.0,0.0
l2-n128-zipf-w1,main,2,128,zipf,1,accept_static_degree,accept_static_degree,,greedy,native,rate_ratio,5,0.5105251146763145,0.4829807764720909,0.5134493343237599,0.5095891274443473,0.5116879428269218,0.0020988153825745037
l2-n128-zipf-w1,main,2,128,zipf,1,accept_static_degree,accept_static_degree,,greedy,accept_id,commit_delta,5,2,1,2,2.0,2.0,0.0
l2-n128-zipf-w1,main,2,128,zipf,1,accept_static_degree,accept_static_degree,,greedy,accept_id,batch_delta_ms,5,0.028932000000000013,0.024031999999999998,0.035614000000000035,0.02747700000000003,0.03354100000000004,0.006064000000000014
l2-n128-zipf-w1,main,2,128,zipf,1,accept_static_degree,accept_static_degree,,greedy,accept_id,selector_delta_ms,5,0.030290999999999985,0.022535,0.03312200000000001,0.028832999999999998,0.03106499999999998,0.002231999999999984
l2-n128-zipf-w1,main,2,128,zipf,1,accept_static_degree,accept_static_degree,,greedy,accept_id,batch_speedup,5,0.8998920445108786,0.8841199342736752,0.918656918494449,0.8865948693936253,0.9079583824632864,0.02136351306966111
l2-n128-zipf-w1,main,2,128,zipf,1,accept_static_degree,accept_static_degree,,greedy,accept_id,selector_speedup,5,0.8122931822970244,0.8049972329176822,0.8554030555609027,0.8074646569195586,0.8236600044034542,0.016195347483895617
l2-n128-zipf-w1,main,2,128,zipf,1,accept_static_degree,accept_static_degree,,greedy,accept_id,rate_ratio,5,0.9319707868801228,0.9101234617526113,0.9350616177599598,0.9161480317075815,0.9326153915833436,0.01646735987576209
l2-n32-zipf-w1,smoke_parallel,2,32,zipf,1,accept_id,accept_id,,greedy,native,commit_delta,5,0,0,0,0.0,0.0,0.0
l2-n32-zipf-w1,smoke_parallel,2,32,zipf,1,accept_id,accept_id,,greedy,native,batch_delta_ms,5,0.043403000000000004,0.042931,0.04503000000000001,0.042979,0.044860000000000004,0.0018810000000000007
l2-n32-zipf-w1,smoke_parallel,2,32,zipf,1,accept_id,accept_id,,greedy,native,selector_delta_ms,5,0.043321,0.040891,0.043595,0.042447,0.043328,0.0008809999999999998
l2-n32-zipf-w1,smoke_parallel,2,32,zipf,1,accept_id,accept_id,,greedy,native,batch_speedup,5,0.4960548885077187,0.48354822878558046,0.49924850574980484,0.486722381278036,0.4963692033363444,0.009646822058308357
l2-n32-zipf-w1,smoke_parallel,2,32,zipf,1,accept_id,accept_id,,greedy,native,selector_speedup,5,0.0,0.0,0.0,0.0,0.0,0.0
l2-n32-zipf-w1,smoke_parallel,2,32,zipf,1,accept_id,accept_id,,greedy,native,rate_ratio,5,0.4960548885080774,0.48354822878455833,0.49924850574924323,0.4867223812771775,0.49636920333704837,0.009646822059870885
l2-n32-zipf-w1,smoke_parallel,2,32,zipf,1,accept_id,accept_id,,greedy,accept_static_degree,commit_delta,5,0,-1,0,0.0,0.0,0.0
l2-n32-zipf-w1,smoke_parallel,2,32,zipf,1,accept_id,accept_id,,greedy,accept_static_degree,batch_delta_ms,5,-0.0064619999999999955,-0.011524999999999994,-0.004285999999999998,-0.007549999999999987,-0.004877000000000006,0.002672999999999981
l2-n32-zipf-w1,smoke_parallel,2,32,zipf,1,accept_id,accept_id,,greedy,accept_static_degree,selector_delta_ms,5,-0.008508000000000002,-0.009998,-0.0064579999999999985,-0.008875999999999995,-0.007632,0.0012439999999999951
l2-n32-zipf-w1,smoke_parallel,2,32,zipf,1,accept_id,accept_id,,greedy,accept_static_degree,batch_speedup,5,1.0737881815586638,1.0493687799483966,1.1396935831858621,1.0543968055679487,1.0904624970045529,0.03606569143660421
l2-n32-zipf-w1,smoke_parallel,2,32,zipf,1,accept_id,accept_id,,greedy,accept_static_degree,selector_speedup,5,1.200438193511909,1.1519636680236252,1.2307514771048744,1.1761732185314282,1.217848026703318,0.04167480817188984
l2-n32-zipf-w1,smoke_parallel,2,32,zipf,1,accept_id,accept_id,,greedy,accept_static_degree,rate_ratio,5,1.0737881815591135,1.0056450807839874,1.139693583188504,1.0543968055665316,1.0904624970078756,0.03606569144134397
l2-n32-zipf-w1,smoke_parallel,2,32,zipf,1,native,native,,native,accept_id,commit_delta,5,0,0,0,0.0,0.0,0.0
l2-n32-zipf-w1,smoke_parallel,2,32,zipf,1,native,native,,native,accept_id,batch_delta_ms,5,-0.043403000000000004,-0.04503000000000001,-0.042931,-0.044860000000000004,-0.042979,0.0018810000000000007
l2-n32-zipf-w1,smoke_parallel,2,32,zipf,1,native,native,,native,accept_id,selector_delta_ms,5,-0.043321,-0.043595,-0.040891,-0.043328,-0.042447,0.0008809999999999998
l2-n32-zipf-w1,smoke_parallel,2,32,zipf,1,native,native,,native,accept_id,batch_speedup,5,2.015905947441217,2.0030105017502917,2.0680460406430927,2.014629419550009,2.0545593103284037,0.03992989077839448
l2-n32-zipf-w1,smoke_parallel,2,32,zipf,1,native,native,,native,accept_id,selector_speedup,0,,,,,,
l2-n32-zipf-w1,smoke_parallel,2,32,zipf,1,native,native,,native,accept_id,rate_ratio,5,2.0159059474397596,2.003010501752545,2.068046040647464,2.014629419547152,2.054559310332028,0.039929890784875965
l2-n32-zipf-w1,smoke_parallel,2,32,zipf,1,native,native,,native,accept_static_degree,commit_delta,5,0,-1,0,0.0,0.0,0.0
l2-n32-zipf-w1,smoke_parallel,2,32,zipf,1,native,native,,native,accept_static_degree,batch_delta_ms,5,-0.049270999999999995,-0.049971999999999996,-0.049129000000000006,-0.049572000000000005,-0.049145999999999995,0.0004260000000000097
l2-n32-zipf-w1,smoke_parallel,2,32,zipf,1,native,native,,native,accept_static_degree,selector_delta_ms,5,-0.050441,-0.05114,-0.048955,-0.050953,-0.04962,0.0013330000000000009
l2-n32-zipf-w1,smoke_parallel,2,32,zipf,1,native,native,,native,accept_static_degree,batch_speedup,5,2.169219635749608,2.146534422403734,2.1936431495304602,2.1481852196086844,2.1804547305877,0.032269510979015426
l2-n32-zipf-w1,smoke_parallel,2,32,zipf,1,native,native,,native,accept_static_degree,selector_speedup,0,,,,,,
l2-n32-zipf-w1,smoke_parallel,2,32,zipf,1,native,native,,native,accept_static_degree,rate_ratio,5,2.14818521961072,2.102241351636089,2.18045473059255,2.1465344224038896,2.1692196357523064,0.022685213348416777
l2-n32-zipf-w1,smoke_parallel,2,32,zipf,1,eas_k1_adaptive,eas,1,adaptive,native,commit_delta,5,0,0,1,0.0,0.0,0.0
l2-n32-zipf-w1,smoke_parallel,2,32,zipf,1,eas_k1_adaptive,eas,1,adaptive,native,batch_delta_ms,5,0.079153,0.072097,0.083974,0.075252,0.07936299999999999,0.00411099999999999
l2-n32-zipf-w1,smoke_parallel,2,32,zipf,1,eas_k1_adaptive,eas,1,adaptive,native,selector_delta_ms,5,0.07773,0.07176,0.080553,0.073076,0.079272,0.006195999999999993
l2-n32-zipf-w1,smoke_parallel,2,32,zipf,1,eas_k1_adaptive,eas,1,adaptive,native,batch_speedup,5,0.3511748066515149,0.33201816836763104,0.36860077247191014,0.34554549588656003,0.3579893015279875,0.012443805641427497
l2-n32-zipf-w1,smoke_parallel,2,32,zipf,1,eas_k1_adaptive,eas,1,adaptive,native,selector_speedup,5,0.0,0.0,0.0,0.0,0.0,0.0
l2-n32-zipf-w1,smoke_parallel,2,32,zipf,1,eas_k1_adaptive,eas,1,adaptive,native,rate_ratio,5,0.3511748066524795,0.3320181683675393,0.3846268930134798,0.3455454958853923,0.3579893015276396,0.012443805642247285
l2-n32-zipf-w1,smoke_parallel,2,32,zipf,1,eas_k1_adaptive,eas,1,adaptive,accept_id,commit_delta,5,0,0,1,0.0,0.0,0.0
l2-n32-zipf-w1,smoke_parallel,2,32,zipf,1,eas_k1_adaptive,eas,1,adaptive,accept_id,batch_delta_ms,5,0.034456,0.02764699999999999,0.04150799999999999,0.029974,0.03631599999999999,0.0063419999999999865
l2-n32-zipf-w1,smoke_parallel,2,32,zipf,1,eas_k1_adaptive,eas,1,adaptive,accept_id,selector_delta_ms,5,0.035951,0.027993999999999998,0.039704,0.030085,0.036923000000000004,0.006838000000000004
l2-n32-zipf-w1,smoke_parallel,2,32,zipf,1,eas_k1_adaptive,eas,1,adaptive,accept_id,batch_speedup,5,0.7152258866233915,0.6675157398952276,0.7573121488764045,0.6943560739955227,0.7442775118800815,0.04992143788455883
l2-n32-zipf-w1,smoke_parallel,2,32,zipf,1,eas_k1_adaptive,eas,1,adaptive,accept_id,selector_speedup,5,0.5465246497274967,0.5064638027048528,0.6089622707399182,0.5194570253526992,0.5852175591463078,0.06576053379360858
l2-n32-zipf-w1,smoke_parallel,2,32,zipf,1,eas_k1_adaptive,eas,1,adaptive,accept_id,rate_ratio,5,0.7152258866263048,0.6675157398934071,0.7902387640449257,0.6943560739923909,0.7442775118791192,0.049921437886728315
l2-n32-zipf-w1,smoke_parallel,2,32,zipf,1,eas_k1_adaptive,eas,1,adaptive,accept_static_degree,commit_delta,5,0,0,0,0.0,0.0,0.0
l2-n32-zipf-w1,smoke_parallel,2,32,zipf,1,eas_k1_adaptive,eas,1,adaptive,accept_static_degree,batch_delta_ms,5,0.027073,0.023460999999999996,0.034195,0.024790999999999994,0.029391,0.004600000000000007
l2-n32-zipf-w1,smoke_parallel,2,32,zipf,1,eas_k1_adaptive,eas,1,adaptive,accept_static_degree,selector_delta_ms,5,0.025696000000000004,0.023070000000000007,0.031367,0.024561,0.028318999999999997,0.0037579999999999975
l2-n32-zipf-w1,smoke_parallel,2,32,zipf,1,eas_k1_adaptive,eas,1,adaptive,accept_static_degree,batch_speedup,5,0.7690273263204593,0.7239505858582644,0.7960781927700371,0.7597164767246031,0.7913531619788248,0.0316366852542217
l2-n32-zipf-w1,smoke_parallel,2,32,zipf,1,eas_k1_adaptive,eas,1,adaptive,accept_static_degree,selector_speedup,5,0.6638978597624391,0.6106041984780207,0.6796945505032974,0.64276163084065,0.6655734291217658,0.02281179828111579
l2-n32-zipf-w1,smoke_parallel,2,32,zipf,1,eas_k1_adaptive,eas,1,adaptive,accept_static_degree,rate_ratio,5,0.7690273263204407,0.7239505858596749,0.796078192768973,0.7597164767253615,0.79135316197709,0.03163668525172858
l2-n32-zipf-w1,smoke_parallel,2,32,zipf,1,eas_k2_adaptive,eas,2,adaptive,native,commit_delta,5,-1,-2,0,-1.0,-1.0,0.0
l2-n32-zipf-w1,smoke_parallel,2,32,zipf,1,eas_k2_adaptive,eas,2,adaptive,native,batch_delta_ms,5,0.07722199999999999,0.070647,0.080046,0.072533,0.07972599999999999,0.007192999999999991
l2-n32-zipf-w1,smoke_parallel,2,32,zipf,1,eas_k2_adaptive,eas,2,adaptive,native,selector_delta_ms,5,0.078221,0.070234,0.079348,0.070532,0.079102,0.008570000000000008
l2-n32-zipf-w1,smoke_parallel,2,32,zipf,1,eas_k2_adaptive,eas,2,adaptive,native,batch_speedup,5,0.351151965315005,0.34278441011235955,0.37279603686144996,0.3509572938475897,0.3664908204796758,0.01553352663208607
l2-n32-zipf-w1,smoke_parallel,2,32,zipf,1,eas_k2_adaptive,eas,2,adaptive,native,selector_speedup,5,0.0,0.0,0.0,0.0,0.0,0.0
l2-n32-zipf-w1,smoke_parallel,2,32,zipf,1,eas_k2_adaptive,eas,2,adaptive,native,rate_ratio,5,0.3326702829306908,0.308505969101779,0.36649082047883436,0.33248585732907293,0.3565875135193073,0.024101656190234355
l2-n32-zipf-w1,smoke_parallel,2,32,zipf,1,eas_k2_adaptive,eas,2,adaptive,accept_id,commit_delta,5,-1,-2,0,-1.0,-1.0,0.0
l2-n32-zipf-w1,smoke_parallel,2,32,zipf,1,eas_k2_adaptive,eas,2,adaptive,accept_id,batch_delta_ms,5,0.035185999999999995,0.026071999999999998,0.038535,0.027255,0.03565599999999999,0.008400999999999992
l2-n32-zipf-w1,smoke_parallel,2,32,zipf,1,eas_k2_adaptive,eas,2,adaptive,accept_id,selector_delta_ms,5,0.03572600000000001,0.026895999999999996,0.03715,0.026952999999999998,0.036012999999999996,0.009059999999999999
l2-n32-zipf-w1,smoke_parallel,2,32,zipf,1,eas_k2_adaptive,eas,2,adaptive,accept_id,batch_speedup,5,0.7104056756734513,0.687748904220454,0.7690454255545319,0.7017632368892365,0.7619525914021695,0.06018935451293306
l2-n32-zipf-w1,smoke_parallel,2,32,zipf,1,eas_k2_adaptive,eas,2,adaptive,accept_id,selector_speedup,5,0.5451410816682244,0.5337066186355508,0.6179480637296593,0.5451150375295399,0.6138838672355196,0.06876882970597964
l2-n32-zipf-w1,smoke_parallel,2,32,zipf,1,eas_k2_adaptive,eas,2,adaptive,accept_id,rate_ratio,5,0.6648283296835479,0.6393651081061412,0.7619525914001755,0.6515515934732649,0.7356086679223701,0.08405707444910526
l2-n32-zipf-w1,smoke_parallel,2,32,zipf,1,eas_k2_adaptive,eas,2,adaptive,accept_static_degree,commit_delta,5,-1,-2,0,-2.0,-1.0,1.0
l2-n32-zipf-w1,smoke_parallel,2,32,zipf,1,eas_k2_adaptive,eas,2,adaptive,accept_static_degree,batch_delta_ms,5,0.027010000000000006,0.019002999999999992,0.03217099999999999,0.02366499999999999,0.03157599999999999,0.007911000000000001
l2-n32-zipf-w1,smoke_parallel,2,32,zipf,1,eas_k2_adaptive,eas,2,adaptive,accept_static_degree,selector_delta_ms,5,0.027081,0.020462000000000008,0.029916000000000005,0.021710000000000007,0.029659999999999992,0.007949999999999985
l2-n32-zipf-w1,smoke_parallel,2,32,zipf,1,eas_k2_adaptive,eas,2,adaptive,accept_static_degree,batch_speedup,5,0.776845096953824,0.7412117701948293,0.8281686574856906,0.7415650536261491,0.7971351175270458,0.05557006390089669
l2-n32-zipf-w1,smoke_parallel,2,32,zipf,1,eas_k2_adaptive,eas,2,adaptive,accept_static_degree,selector_speedup,5,0.6537886245381674,0.621804758413188,0.7032084010211185,0.6253820698714225,0.6991032695319538,0.07372119966053126
l2-n32-zipf-w1,smoke_parallel,2,32,zipf,1,eas_k2_adaptive,eas,2,adaptive,accept_static_degree,rate_ratio,5,0.7359585129045796,0.667408548263785,0.7971351175250291,0.702200624396219,0.7591546026955929,0.056953978299373875
l2-n32-zipf-w1,smoke_parallel,2,32,zipf,1,accept_static_degree,accept_static_degree,,greedy,native,commit_delta,5,0,0,1,0.0,0.0,0.0
l2-n32-zipf-w1,smoke_parallel,2,32,zipf,1,accept_static_degree,accept_static_degree,,greedy,native,batch_delta_ms,5,0.049270999999999995,0.049129000000000006,0.049971999999999996,0.049145999999999995,0.049572000000000005,0.0004260000000000097
l2-n32-zipf-w1,smoke_parallel,2,32,zipf,1,accept_static_degree,accept_static_degree,,greedy,native,selector_delta_ms,5,0.050441,0.048955,0.05114,0.04962,0.050953,0.0013330000000000009
l2-n32-zipf-w1,smoke_parallel,2,32,zipf,1,accept_static_degree,accept_static_degree,,greedy,native,batch_speedup,5,0.4609952738393105,0.4558626594366753,0.4658672088194044,0.45861993187561806,0.46550920789882405,0.006889276023205992
l2-n32-zipf-w1,smoke_parallel,2,32,zipf,1,accept_static_degree,accept_static_degree,,greedy,native,selector_speedup,5,0.0,0.0,0.0,0.0,0.0,0.0
l2-n32-zipf-w1,smoke_parallel,2,32,zipf,1,accept_static_degree,accept_static_degree,,greedy,native,rate_ratio,5,0.46550920789838296,0.4586199318745979,0.47568277506373885,0.4609952738387371,0.4658672088193707,0.0048719349806335965
l2-n32-zipf-w1,smoke_parallel,2,32,zipf,1,accept_static_degree,accept_static_degree,,greedy,accept_id,commit_delta,5,0,0,1,0.0,0.0,0.0
l2-n32-zipf-w1,smoke_parallel,2,32,zipf,1,accept_static_degree,accept_static_degree,,greedy,accept_id,batch_delta_ms,5,0.0064619999999999955,0.004285999999999998,0.011524999999999994,0.004877000000000006,0.007549999999999987,0.002672999999999981
l2-n32-zipf-w1,smoke_parallel,2,32,zipf,1,accept_static_degree,accept_static_degree,,greedy,accept_id,selector_delta_ms,5,0.008508000000000002,0.0064579999999999985,0.009998,0.007632,0.008875999999999995,0.0012439999999999951
l2-n32-zipf-w1,smoke_parallel,2,32,zipf,1,accept_static_degree,accept_static_degree,,greedy,accept_id,batch_speedup,5,0.9312823675787191,0.8774288236357642,0.9529538319685628,0.917042083287551,0.9484095501041964,0.03136746681664537
l2-n32-zipf-w1,smoke_parallel,2,32,zipf,1,accept_static_degree,accept_static_degree,,greedy,accept_id,selector_speedup,5,0.8330291433617898,0.8125117203615497,0.8680829333060974,0.8211205159209997,0.8502149039310737,0.029094388010074024
l2-n32-zipf-w1,smoke_parallel,2,32,zipf,1,accept_static_degree,accept_static_degree,,greedy,accept_id,rate_ratio,5,0.9312823675783292,0.8774288236337303,0.9943866072714377,0.9170420832847567,0.9484095501054709,0.03136746682071423
l2-n32-zipf-w2,smoke_parallel,2,32,zipf,2,accept_static_degree,accept_static_degree,,greedy,native,commit_delta,5,0,0,1,0.0,0.0,0.0
l2-n32-zipf-w2,smoke_parallel,2,32,zipf,2,accept_static_degree,accept_static_degree,,greedy,native,batch_delta_ms,5,0.045578,0.04195599999999999,0.050186999999999996,0.042096,0.04867799999999999,0.006581999999999991
l2-n32-zipf-w2,smoke_parallel,2,32,zipf,2,accept_static_degree,accept_static_degree,,greedy,native,selector_delta_ms,5,0.045423,0.044519,0.048152,0.045398,0.046989,0.0015910000000000021
l2-n32-zipf-w2,smoke_parallel,2,32,zipf,2,accept_static_degree,accept_static_degree,,greedy,native,batch_speedup,5,0.4858356042841752,0.4430659283344246,0.5037429120445142,0.4709951484481998,0.4967192466862593,0.02572409823805949
l2-n32-zipf-w2,smoke_parallel,2,32,zipf,2,accept_static_degree,accept_static_degree,,greedy,native,selector_speedup,5,0.0,0.0,0.0,0.0,0.0,0.0
l2-n32-zipf-w2,smoke_parallel,2,32,zipf,2,accept_static_degree,accept_static_degree,,greedy,native,rate_ratio,5,0.4858356042839503,0.4623296643483793,0.503742912044243,0.47099514844774143,0.49671924668517164,0.025724098237430215
l2-n32-zipf-w2,smoke_parallel,2,32,zipf,2,accept_static_degree,accept_static_degree,,greedy,accept_id,commit_delta,5,0,0,1,0.0,0.0,0.0
l2-n32-zipf-w2,smoke_parallel,2,32,zipf,2,accept_static_degree,accept_static_degree,,greedy,accept_id,batch_delta_ms,5,0.007875999999999994,0.004248000000000002,0.012966000000000005,0.007083000000000006,0.012766999999999987,0.005683999999999981
l2-n32-zipf-w2,smoke_parallel,2,32,zipf,2,accept_static_degree,accept_static_degree,,greedy,accept_id,selector_delta_ms,5,0.007108999999999997,0.006783000000000004,0.009479000000000001,0.006879000000000003,0.008993000000000001,0.002113999999999998
l2-n32-zipf-w2,smoke_parallel,2,32,zipf,2,accept_static_degree,accept_static_degree,,greedy,accept_id,batch_speedup,5,0.9075000587226647,0.8555014432024607,0.9493495808940132,0.8588937533603257,0.9149618210632473,0.05606806770292161
l2-n32-zipf-w2,smoke_parallel,2,32,zipf,2,accept_static_degree,accept_static_degree,,greedy,accept_id,selector_speedup,5,0.8434933844087797,0.7982719359850178,0.8484735010352878,0.8132372487124107,0.8476380871088748,0.03440083839646413
l2-n32-zipf-w2,smoke_parallel,2,32,zipf,2,accept_static_degree,accept_static_degree,,greedy,accept_id,rate_ratio,5,0.9075000587249561,0.8555014432005618,0.9493495808949423,0.8962369600289778,0.9149618210614554,0.018724861032477613
l2-n32-zipf-w2,smoke_parallel,2,32,zipf,2,native,native,,native,accept_id,commit_delta,5,0,0,0,0.0,0.0,0.0
l2-n32-zipf-w2,smoke_parallel,2,32,zipf,2,native,native,,native,accept_id,batch_delta_ms,5,-0.03775400000000001,-0.0384,-0.03553,-0.038164000000000003,-0.037153,0.001011000000000005
l2-n32-zipf-w2,smoke_parallel,2,32,zipf,2,native,native,,native,accept_id,selector_delta_ms,5,-0.038519,-0.039206,-0.038235,-0.038868,-0.038314,0.0005539999999999989
l2-n32-zipf-w2,smoke_parallel,2,32,zipf,2,native,native,,native,accept_id,batch_speedup,5,1.9256888931823122,1.8702575463860427,2.040513725057877,1.8836675949544825,1.9803671270647705,0.09669953211028792
l2-n32-zipf-w2,smoke_parallel,2,32,zipf,2,native,native,,native,accept_id,selector_speedup,0,,,,,,
l2-n32-zipf-w2,smoke_parallel,2,32,zipf,2,native,native,,native,accept_id,rate_ratio,5,1.9256888931795826,1.8702575463882645,2.0405137250560594,1.8836675949526471,1.9803671270609482,0.09669953210830107
l2-n32-zipf-w2,smoke_parallel,2,32,zipf,2,native,native,,native,accept_static_degree,commit_delta,5,0,-1,0,0.0,0.0,0.0
l2-n32-zipf-w2,smoke_parallel,2,32,zipf,2,native,native,,native,accept_static_degree,batch_delta_ms,5,-0.045578,-0.050186999999999996,-0.04195599999999999,-0.04867799999999999,-0.042096,0.006581999999999991
l2-n32-zipf-w2,smoke_parallel,2,32,zipf,2,native,native,,native,accept_static_degree,selector_delta_ms,5,-0.045423,-0.048152,-0.044519,-0.046989,-0.045398,0.0015910000000000021
l2-n32-zipf-w2,smoke_parallel,2,32,zipf,2,native,native,,native,accept_static_degree,batch_speedup,5,2.058309418210279,1.985139594205612,2.2570004508340427,2.0132096887150133,2.123164120256284,0.10995443154127083
l2-n32-zipf-w2,smoke_parallel,2,32,zipf,2,native,native,,native,accept_static_degree,selector_speedup,0,,,,,,
l2-n32-zipf-w2,smoke_parallel,2,32,zipf,2,native,native,,native,accept_static_degree,rate_ratio,5,2.058309418211232,1.9851395942066803,2.1629587653853632,2.0132096887194217,2.12316412025835,0.10995443153892825
l2-n32-zipf-w2,smoke_parallel,2,32,zipf,2,eas_k1_adaptive,eas,1,adaptive,native,commit_delta,5,0,0,1,0.0,0.0,0.0
l2-n32-zipf-w2,smoke_parallel,2,32,zipf,2,eas_k1_adaptive,eas,1,adaptive,native,batch_delta_ms,5,0.07220499999999999,0.06587799999999999,0.077463,0.071375,0.072462,0.0010870000000000046
l2-n32-zipf-w2,smoke_parallel,2,32,zipf,2,eas_k1_adaptive,eas,1,adaptive,native,selector_delta_ms,5,0.074944,0.067044,0.077426,0.067351,0.075205,0.007854
l2-n32-zipf-w2,smoke_parallel,2,32,zipf,2,eas_k1_adaptive,eas,1,adaptive,native,batch_speedup,5,0.3742162806363024,0.3437730318612709,0.3820899653979239,0.3560656731858273,0.37448512786356547,0.018419454677738145
l2-n32-zipf-w2,smoke_parallel,2,32,zipf,2,eas_k1_adaptive,eas,1,adaptive,native,selector_speedup,5,0.0,0.0,0.0,0.0,0.0,0.0
l2-n32-zipf-w2,smoke_parallel,2,32,zipf,2,eas_k1_adaptive,eas,1,adaptive,native,rate_ratio,5,0.3742162806359967,0.34377303186231917,0.38208996539722195,0.37154678941162883,0.3744851278632777,0.0029383384516488698
l2-n32-zipf-w2,smoke_parallel,2,32,zipf,2,eas_k1_adaptive,eas,1,adaptive,accept_id,commit_delta,5,0,0,1,0.0,0.0,0.0
l2-n32-zipf-w2,smoke_parallel,2,32,zipf,2,eas_k1_adaptive,eas,1,adaptive,accept_id,batch_delta_ms,5,0.03582199999999999,0.027402999999999997,0.04108099999999999,0.031032000000000004,0.038313,0.007280999999999996
l2-n32-zipf-w2,smoke_parallel,2,32,zipf,2,eas_k1_adaptive,eas,1,adaptive,accept_id,selector_delta_ms,5,0.035738,0.027885000000000007,0.039036999999999995,0.029078000000000007,0.03661799999999999,0.007539999999999984
l2-n32-zipf-w2,smoke_parallel,2,32,zipf,2,eas_k1_adaptive,eas,1,adaptive,accept_id,batch_speedup,5,0.6881029498833282,0.6528884420072497,0.7439546269995515,0.6635728209901477,0.7161075483263043,0.052534727336156606
l2-n32-zipf-w2,smoke_parallel,2,32,zipf,2,eas_k1_adaptive,eas,1,adaptive,accept_id,selector_speedup,5,0.5231372758326217,0.49481053939331193,0.5840791122248076,0.5130908849145669,0.5648308889554025,0.05174000404083556
l2-n32-zipf-w2,smoke_parallel,2,32,zipf,2,eas_k1_adaptive,eas,1,adaptive,accept_id,rate_ratio,5,0.6881029498848532,0.6528884420087123,0.7472426591230973,0.6635728209885041,0.7439546270005529,0.0803818060120488
l2-n32-zipf-w2,smoke_parallel,2,32,zipf,2,eas_k1_adaptive,eas,1,adaptive,accept_static_degree,commit_delta,5,0,0,0,0.0,0.0,0.0
l2-n32-zipf-w2,smoke_parallel,2,32,zipf,2,eas_k1_adaptive,eas,1,adaptive,accept_static_degree,batch_delta_ms,5,0.027226,0.022017999999999996,0.031885,0.023154999999999995,0.029482999999999995,0.006328
l2-n32-zipf-w2,smoke_parallel,2,32,zipf,2,eas_k1_adaptive,eas,1,adaptive,accept_static_degree,selector_delta_ms,5,0.028874999999999998,0.018892000000000006,0.03290699999999999,0.022123000000000004,0.02895500000000001,0.006832000000000005
l2-n32-zipf-w2,smoke_parallel,2,32,zipf,2,eas_k1_adaptive,eas,1,adaptive,accept_static_degree,batch_speedup,5,0.7672135913198868,0.7270431174454266,0.8036403849069392,0.7411092183136931,0.7836466586933772,0.0425374403796841
l2-n32-zipf-w2,smoke_parallel,2,32,zipf,2,eas_k1_adaptive,eas,1,adaptive,accept_static_degree,selector_speedup,5,0.6175891807652177,0.5749877302198229,0.7182149036453671,0.6147123185311699,0.668916492068243,0.054204173537073075
l2-n32-zipf-w2,smoke_parallel,2,32,zipf,2,eas_k1_adaptive,eas,1,adaptive,accept_static_degree,rate_ratio,5,0.7672135913189256,0.7270431174427742,0.8036403849086723,0.7411092183106553,0.7836466586936652,0.042537440383009884
l2-n32-zipf-w2,smoke_parallel,2,32,zipf,2,accept_id,accept_id,,greedy,native,commit_delta,5,0,0,0,0.0,0.0,0.0
l2-n32-zipf-w2,smoke_parallel,2,32,zipf,2,accept_id,accept_id,,greedy,native,batch_delta_ms,5,0.03775400000000001,0.03553,0.0384,0.037153,0.038164000000000003,0.001011000000000005
l2-n32-zipf-w2,smoke_parallel,2,32,zipf,2,accept_id,accept_id,,greedy,native,selector_delta_ms,5,0.038519,0.038235,0.039206,0.038314,0.038868,0.0005539999999999989
l2-n32-zipf-w2,smoke_parallel,2,32,zipf,2,accept_id,accept_id,,greedy,native,batch_speedup,5,0.5192946812646575,0.4900726653880439,0.5346857185163248,0.5049568771029664,0.5308792287336472,0.025922351630680796
l2-n32-zipf-w2,smoke_parallel,2,32,zipf,2,accept_id,accept_id,,greedy,native,selector_speedup,5,0.0,0.0,0.0,0.0,0.0,0.0
l2-n32-zipf-w2,smoke_parallel,2,32,zipf,2,accept_id,accept_id,,greedy,native,rate_ratio,5,0.5192946812653936,0.49007266538848043,0.5346857185156897,0.504956877103941,0.5308792287341646,0.025922351630223606
l2-n32-zipf-w2,smoke_parallel,2,32,zipf,2,accept_id,accept_id,,greedy,accept_static_degree,commit_delta,5,0,-1,0,0.0,0.0,0.0
l2-n32-zipf-w2,smoke_parallel,2,32,zipf,2,accept_id,accept_id,,greedy,accept_static_degree,batch_delta_ms,5,-0.007875999999999994,-0.012966000000000005,-0.004248000000000002,-0.012766999999999987,-0.007083000000000006,0.005683999999999981
l2-n32-zipf-w2,smoke_parallel,2,32,zipf,2,accept_id,accept_id,,greedy,accept_static_degree,selector_delta_ms,5,-0.007108999999999997,-0.009479000000000001,-0.006783000000000004,-0.008993000000000001,-0.006879000000000003,0.002113999999999998
l2-n32-zipf-w2,smoke_parallel,2,32,zipf,2,accept_id,accept_id,,greedy,accept_static_degree,batch_speedup,5,1.101928303351883,1.0533527586943143,1.16890509998046,1.092941778530095,1.1642883605656833,0.0713465820355883
l2-n32-zipf-w2,smoke_parallel,2,32,zipf,2,accept_id,accept_id,,greedy,accept_static_degree,selector_speedup,5,1.185545753510466,1.1785871907370389,1.2527059450813116,1.1797487810048761,1.2296534640823311,0.04990468307745499
l2-n32-zipf-w2,smoke_parallel,2,32,zipf,2,accept_id,accept_id,,greedy,accept_static_degree,rate_ratio,5,1.1019283033491005,1.0533527586932836,1.1689050999830544,1.0929417785322355,1.1157763455411025,0.02283456700886699
l2-n32-zipf-w2,smoke_parallel,2,32,zipf,2,eas_k2_adaptive,eas,2,adaptive,native,commit_delta,5,-1,-2,0,-1.0,-1.0,0.0
l2-n32-zipf-w2,smoke_parallel,2,32,zipf,2,eas_k2_adaptive,eas,2,adaptive,native,batch_delta_ms,5,0.069071,0.06559100000000001,0.07239399999999999,0.06676499999999999,0.07150000000000001,0.004735000000000017
l2-n32-zipf-w2,smoke_parallel,2,32,zipf,2,eas_k2_adaptive,eas,2,adaptive,native,selector_delta_ms,5,0.073372,0.067259,0.075374,0.068076,0.073642,0.0055660000000000015
l2-n32-zipf-w2,smoke_parallel,2,32,zipf,2,eas_k2_adaptive,eas,2,adaptive,native,batch_speedup,5,0.3744361681903808,0.36206281227694503,0.39448126880966006,0.37422088086155353,0.37480992034757427,0.0005890394860207371
l2-n32-zipf-w2,smoke_parallel,2,32,zipf,2,eas_k2_adaptive,eas,2,adaptive,native,selector_speedup,5,0.0,0.0,0.0,0.0,0.0,0.0
l2-n32-zipf-w2,smoke_parallel,2,32,zipf,2,eas_k2_adaptive,eas,2,adaptive,native,rate_ratio,5,0.3579504077809882,0.3369925513709325,0.3748099203479614,0.34300687478797637,0.3737190967671744,0.03071222197919804
l2-n32-zipf-w2,smoke_parallel,2,32,zipf,2,eas_k2_adaptive,eas,2,adaptive,accept_id,commit_delta,5,-1,-2,0,-1.0,-1.0,0.0
l2-n32-zipf-w2,smoke_parallel,2,32,zipf,2,eas_k2_adaptive,eas,2,adaptive,accept_id,batch_delta_ms,5,0.034356,0.02681900000000001,0.038105,0.027989,0.035621,0.007632
l2-n32-zipf-w2,smoke_parallel,2,32,zipf,2,eas_k2_adaptive,eas,2,adaptive,accept_id,selector_delta_ms,5,0.03513700000000001,0.028391,0.036168,0.029993000000000006,0.035665,0.0056719999999999965
l2-n32-zipf-w2,smoke_parallel,2,32,zipf,2,eas_k2_adaptive,eas,2,adaptive,accept_id,batch_speedup,5,0.6892687559354226,0.6746915951679686,0.7480364524614805,0.6844655464120257,0.7366137805130522,0.052148234101026425
l2-n32-zipf-w2,smoke_parallel,2,32,zipf,2,eas_k2_adaptive,eas,2,adaptive,accept_id,selector_speedup,5,0.5211115957040833,0.5156975638901713,0.5778854874440595,0.520152837848595,0.5622226763194769,0.04206983847088186
l2-n32-zipf-w2,smoke_parallel,2,32,zipf,2,eas_k2_adaptive,eas,2,adaptive,accept_id,rate_ratio,5,0.6529914529909044,0.60722243565156,0.7480364524609164,0.6484410439699951,0.7045870944023046,0.05614605043230947
l2-n32-zipf-w2,smoke_parallel,2,32,zipf,2,eas_k2_adaptive,eas,2,adaptive,accept_static_degree,commit_delta,5,-1,-2,0,-2.0,-1.0,1.0
l2-n32-zipf-w2,smoke_parallel,2,32,zipf,2,eas_k2_adaptive,eas,2,adaptive,accept_static_degree,batch_delta_ms,5,0.02727299999999999,0.016577999999999996,0.027745000000000006,0.02258600000000001,0.027504,0.004917999999999992
l2-n32-zipf-w2,smoke_parallel,2,32,zipf,2,eas_k2_adaptive,eas,2,adaptive,accept_static_degree,selector_delta_ms,5,0.027198000000000007,0.018934,0.029304999999999998,0.023114000000000003,0.028520000000000004,0.005406000000000001
l2-n32-zipf-w2,smoke_parallel,2,32,zipf,2,eas_k2_adaptive,eas,2,adaptive,accept_static_degree,batch_speedup,5,0.7623351710073795,0.7533306199972867,0.8446166968160389,0.7542319582606231,0.7879462608042089,0.03371430254358587
l2-n32-zipf-w2,smoke_parallel,2,32,zipf,2,eas_k2_adaptive,eas,2,adaptive,accept_static_degree,selector_speedup,5,0.6254802329904572,0.6095236791303276,0.7184912056379072,0.614347723766441,0.6626284446520317,0.04828072088559077
l2-n32-zipf-w2,smoke_parallel,2,32,zipf,2,eas_k2_adaptive,eas,2,adaptive,accept_static_degree,rate_ratio,5,0.7145355394037762,0.6861016539059663,0.7879462608028436,0.7136816399982276,0.7742319720831536,0.060550332084925995
l2-n32-zipf-w4,smoke_parallel,2,32,zipf,4,accept_id,accept_id,,greedy,native,commit_delta,5,0,0,0,0.0,0.0,0.0
l2-n32-zipf-w4,smoke_parallel,2,32,zipf,4,accept_id,accept_id,,greedy,native,batch_delta_ms,5,0.32701899999999995,-8.325608000000003,12.085394999999998,-4.099001000000001,1.7878929999999968,5.886893999999998
l2-n32-zipf-w4,smoke_parallel,2,32,zipf,4,accept_id,accept_id,,greedy,native,selector_delta_ms,5,0.046791,0.044303,0.050496,0.04442,0.046972,0.0025519999999999987
l2-n32-zipf-w4,smoke_parallel,2,32,zipf,4,accept_id,accept_id,,greedy,native,batch_speedup,5,0.9944709485346566,0.788307790237656,1.1647684321593015,0.9691253046619419,1.0810411982390002,0.11191589357705833
l2-n32-zipf-w4,smoke_parallel,2,32,zipf,4,accept_id,accept_id,,greedy,native,selector_speedup,5,0.0,0.0,0.0,0.0,0.0,0.0
l2-n32-zipf-w4,smoke_parallel,2,32,zipf,4,accept_id,accept_id,,greedy,native,rate_ratio,5,0.994470948534703,0.7883077902373518,1.1647684321590623,0.9691253046624757,1.0810411982409989,0.11191589357852316
l2-n32-zipf-w4,smoke_parallel,2,32,zipf,4,accept_id,accept_id,,greedy,accept_static_degree,commit_delta,5,0,-1,0,0.0,0.0,0.0
l2-n32-zipf-w4,smoke_parallel,2,32,zipf,4,accept_id,accept_id,,greedy,accept_static_degree,batch_delta_ms,5,-3.441271999999998,-8.723275999999998,6.872260000000004,-5.409409000000004,1.326701,6.736110000000004
l2-n32-zipf-w4,smoke_parallel,2,32,zipf,4,accept_id,accept_id,,greedy,accept_static_degree,selector_delta_ms,5,-0.009978,-0.013622999999999996,-0.007295999999999997,-0.010756000000000002,-0.007844999999999998,0.002911000000000004
l2-n32-zipf-w4,smoke_parallel,2,32,zipf,4,accept_id,accept_id,,greedy,accept_static_degree,batch_speedup,5,1.068104694825135,0.8866328603865561,1.1724675694418014,0.9775688932198966,1.1014216994715464,0.12385280625164985
l2-n32-zipf-w4,smoke_parallel,2,32,zipf,4,accept_id,accept_id,,greedy,accept_static_degree,selector_speedup,5,1.213246137077643,1.1549231802203879,1.3074961063584858,1.1607592698987934,1.2421431787483117,0.0813839088495183
l2-n32-zipf-w4,smoke_parallel,2,32,zipf,4,accept_id,accept_id,,greedy,accept_static_degree,rate_ratio,5,1.023600332542076,0.8866328603871181,1.172467569442774,0.977568893219369,1.1014216994725692,0.12385280625320017
l2-n32-zipf-w4,smoke_parallel,2,32,zipf,4,eas_k2_adaptive,eas,2,adaptive,native,commit_delta,5,-1,-2,0,-1.0,-1.0,0.0
l2-n32-zipf-w4,smoke_parallel,2,32,zipf,4,eas_k2_adaptive,eas,2,adaptive,native,batch_delta_ms,5,0.8475380000000001,-9.603886000000003,4.708003999999995,0.15102100000000007,0.9518710000000041,0.8008500000000041
l2-n32-zipf-w4,smoke_parallel,2,32,zipf,4,eas_k2_adaptive,eas,2,adaptive,native,selector_delta_ms,5,0.083756,0.075485,0.090657,0.076277,0.086939,0.010662000000000005
l2-n32-zipf-w4,smoke_parallel,2,32,zipf,4,eas_k2_adaptive,eas,2,adaptive,native,batch_speedup,5,0.9832792575883637,0.9207222953873314,1.2335976743085844,0.9815156319054285,0.9974237039638121,0.015908072058383627
l2-n32-zipf-w4,smoke_parallel,2,32,zipf,4,eas_k2_adaptive,eas,2,adaptive,native,selector_speedup,5,0.0,0.0,0.0,0.0,0.0,0.0
l2-n32-zipf-w4,smoke_parallel,2,32,zipf,4,eas_k2_adaptive,eas,2,adaptive,native,rate_ratio,5,0.9449277195454232,0.8722632272107266,1.1102379068788208,0.9405279855214878,0.9815156319053002,0.04098764638381247
l2-n32-zipf-w4,smoke_parallel,2,32,zipf,4,eas_k2_adaptive,eas,2,adaptive,accept_id,commit_delta,5,-1,-2,0,-1.0,-1.0,0.0
l2-n32-zipf-w4,smoke_parallel,2,32,zipf,4,eas_k2_adaptive,eas,2,adaptive,accept_id,batch_delta_ms,5,-0.24850399999999695,-13.402336999999996,8.807004999999997,-7.276689000000005,8.597610000000003,15.874299000000008
l2-n32-zipf-w4,smoke_parallel,2,32,zipf,4,eas_k2_adaptive,eas,2,adaptive,accept_id,selector_delta_ms,5,0.036596000000000004,0.024988999999999997,0.042903,0.030343000000000002,0.039326,0.008982999999999998
l2-n32-zipf-w4,smoke_parallel,2,32,zipf,4,eas_k2_adaptive,eas,2,adaptive,accept_id,batch_speedup,5,1.0046810432722801,0.8516995438168075,1.2929904785298272,0.8545901935595822,1.124134425194323,0.26954423163474084
l2-n32-zipf-w4,smoke_parallel,2,32,zipf,4,eas_k2_adaptive,eas,2,adaptive,accept_id,selector_speedup,5,0.570353499184052,0.5187313153961136,0.6689540968404319,0.5476598534604723,0.5789203441576464,0.03126049069717407
l2-n32-zipf-w4,smoke_parallel,2,32,zipf,4,eas_k2_adaptive,eas,2,adaptive,accept_id,rate_ratio,5,1.0046810432713242,0.8068732520370339,1.1636914306769937,0.817434098187275,1.0649694554453328,0.24753535725805786
l2-n32-zipf-w4,smoke_parallel,2,32,zipf,4,eas_k2_adaptive,eas,2,adaptive,accept_static_degree,commit_delta,5,-1,-2,0,-2.0,-1.0,1.0
l2-n32-zipf-w4,smoke_parallel,2,32,zipf,4,eas_k2_adaptive,eas,2,adaptive,accept_static_degree,batch_delta_ms,5,0.08372899999999817,-12.075635999999996,5.156338000000005,-5.657913000000001,3.189436999999998,8.847349999999999
l2-n32-zipf-w4,smoke_parallel,2,32,zipf,4,eas_k2_adaptive,eas,2,adaptive,accept_static_degree,selector_delta_ms,5,0.027498999999999996,0.019462,0.032312,0.022011999999999997,0.03203,0.010018000000000006
l2-n32-zipf-w4,smoke_parallel,2,32,zipf,4,eas_k2_adaptive,eas,2,adaptive,accept_static_degree,batch_speedup,5,0.9985900940335832,0.9127917978925106,1.2639872710402678,0.943621916632853,1.1065775021078013,0.16295558547494826
l2-n32-zipf-w4,smoke_parallel,2,32,zipf,4,eas_k2_adaptive,eas,2,adaptive,accept_static_degree,selector_speedup,5,0.6716772529729214,0.6315807635238501,0.7448510035790605,0.6435796463593545,0.7083923958402332,0.06481274948087867
l2-n32-zipf-w4,smoke_parallel,2,32,zipf,4,eas_k2_adaptive,eas,2,adaptive,accept_static_degree,rate_ratio,5,0.9460327206642478,0.8367258147357266,1.1375885439357727,0.8939576052312025,1.106577502107776,0.21261989687657346
l2-n32-zipf-w4,smoke_parallel,2,32,zipf,4,accept_static_degree,accept_static_degree,,greedy,native,commit_delta,5,0,0,1,0.0,0.0,0.0
l2-n32-zipf-w4,smoke_parallel,2,32,zipf,4,accept_static_degree,accept_static_degree,,greedy,native,batch_delta_ms,5,-0.999682,-5.117627000000006,11.421202000000001,-4.884336000000005,0.3223070000000021,5.206643000000007
l2-n32-zipf-w4,smoke_parallel,2,32,zipf,4,accept_static_degree,accept_static_degree,,greedy,native,selector_delta_ms,5,0.055827,0.054909,0.056815,0.055176,0.056257,0.0010809999999999986
l2-n32-zipf-w4,smoke_parallel,2,32,zipf,4,accept_static_degree,accept_static_degree,,greedy,native,batch_speedup,5,1.017289886607468,0.7975871166380908,1.0952165437462602,0.9220222600729774,1.090500245717946,0.16847798564496863
l2-n32-zipf-w4,smoke_parallel,2,32,zipf,4,accept_static_degree,accept_static_degree,,greedy,native,selector_speedup,5,0.0,0.0,0.0,0.0,0.0,0.0
l2-n32-zipf-w4,smoke_parallel,2,32,zipf,4,accept_static_degree,accept_static_degree,,greedy,native,rate_ratio,5,1.0172898866080644,0.7975871166368422,1.1379132998778931,0.9220222600739172,1.0952165437477845,0.17319428367386736
l2-n32-zipf-w4,smoke_parallel,2,32,zipf,4,accept_static_degree,accept_static_degree,,greedy,accept_id,commit_delta,5,0,0,1,0.0,0.0,0.0
l2-n32-zipf-w4,smoke_parallel,2,32,zipf,4,accept_static_degree,accept_static_degree,,greedy,accept_id,batch_delta_ms,5,3.441271999999998,-6.872260000000004,8.723275999999998,-1.326701,5.409409000000004,6.736110000000004
l2-n32-zipf-w4,smoke_parallel,2,32,zipf,4,accept_static_degree,accept_static_degree,,greedy,accept_id,selector_delta_ms,5,0.009978,0.007295999999999997,0.013622999999999996,0.007844999999999998,0.010756000000000002,0.002911000000000004
l2-n32-zipf-w4,smoke_parallel,2,32,zipf,4,accept_static_degree,accept_static_degree,,greedy,accept_id,batch_speedup,5,0.9362378096874813,0.8529020555136452,1.127862551320304,0.9079174674693554,1.0229458066185189,0.11502833914916344
l2-n32-zipf-w4,smoke_parallel,2,32,zipf,4,accept_static_degree,accept_static_degree,,greedy,accept_id,selector_speedup,5,0.8242350578660889,0.7648206332216967,0.8658584545936426,0.8050601710888792,0.8615050733880333,0.05644490229915411
l2-n32-zipf-w4,smoke_parallel,2,32,zipf,4,accept_static_degree,accept_static_degree,,greedy,accept_id,rate_ratio,5,0.9769438014117626,0.8529020555129379,1.127862551319589,0.9079174674685123,1.022945806619071,0.11502833915055877
l2-n32-zipf-w4,smoke_parallel,2,32,zipf,4,native,native,,native,accept_id,commit_delta,5,0,0,0,0.0,0.0,0.0
l2-n32-zipf-w4,smoke_parallel,2,32,zipf,4,native,native,,native,accept_id,batch_delta_ms,5,-0.32701899999999995,-12.085394999999998,8.325608000000003,-1.7878929999999968,4.099001000000001,5.886893999999998
l2-n32-zipf-w4,smoke_parallel,2,32,zipf,4,native,native,,native,accept_id,selector_delta_ms,5,-0.046791,-0.050496,-0.044303,-0.046972,-0.04442,0.0025519999999999987
l2-n32-zipf-w4,smoke_parallel,2,32,zipf,4,native,native,,native,accept_id,batch_speedup,5,1.0055597918405665,0.8585397512415012,1.268540045378118,0.9250341260157197,1.0318583109836639,0.10682418496794421
l2-n32-zipf-w4,smoke_parallel,2,32,zipf,4,native,native,,native,accept_id,selector_speedup,0,,,,,,
l2-n32-zipf-w4,smoke_parallel,2,32,zipf,4,native,native,,native,accept_id,rate_ratio,5,1.0055597918405197,0.8585397512416775,1.2685400453786075,0.9250341260140095,1.0318583109830954,0.10682418496908597
l2-n32-zipf-w4,smoke_parallel,2,32,zipf,4,native,native,,native,accept_static_degree,commit_delta,5,0,-1,0,0.0,0.0,0.0
l2-n32-zipf-w4,smoke_parallel,2,32,zipf,4,native,native,,native,accept_static_degree,batch_delta_ms,5,0.999682,-11.421202000000001,5.117627000000006,-0.3223070000000021,4.884336000000005,5.206643000000007
l2-n32-zipf-w4,smoke_parallel,2,32,zipf,4,native,native,,native,accept_static_degree,selector_delta_ms,5,-0.055827,-0.056815,-0.054909,-0.056257,-0.055176,0.0010809999999999986
l2-n32-zipf-w4,smoke_parallel,2,32,zipf,4,native,native,,native,accept_static_degree,batch_speedup,5,0.9830039727760123,0.9130614449809481,1.2537815357588769,0.917010338995051,1.0845725133803719,0.16756217438532084
l2-n32-zipf-w4,smoke_parallel,2,32,zipf,4,native,native,,native,accept_static_degree,selector_speedup,0,,,,,,
l2-n32-zipf-w4,smoke_parallel,2,32,zipf,4,native,native,,native,accept_static_degree,rate_ratio,5,0.9830039727754358,0.8788015748715722,1.2537815357608397,0.9130614449796771,1.0845725133792663,0.17151106839958918
l2-n32-zipf-w4,smoke_parallel,2,32,zipf,4,eas_k1_adaptive,eas,1,adaptive,native,commit_delta,5,0,0,1,0.0,0.0,0.0
l2-n32-zipf-w4,smoke_parallel,2,32,zipf,4,eas_k1_adaptive,eas,1,adaptive,native,batch_delta_ms,5,-0.6959760000000017,-9.596913,10.731604000000004,-2.233317999999997,0.5284499999999994,2.7617679999999964
l2-n32-zipf-w4,smoke_parallel,2,32,zipf,4,eas_k1_adaptive,eas,1,adaptive,native,selector_delta_ms,5,0.082086,0.073962,0.089029,0.076019,0.088394,0.012374999999999997
l2-n32-zipf-w4,smoke_parallel,2,32,zipf,4,eas_k1_adaptive,eas,1,adaptive,native,batch_speedup,5,1.0128926823168727,0.8074553830639959,1.1963703626494415,0.9906475871190666,1.0394681999378248,0.04882061281875816
l2-n32-zipf-w4,smoke_parallel,2,32,zipf,4,eas_k1_adaptive,eas,1,adaptive,native,selector_speedup,5,0.0,0.0,0.0,0.0,0.0,0.0
l2-n32-zipf-w4,smoke_parallel,2,32,zipf,4,eas_k1_adaptive,eas,1,adaptive,native,rate_ratio,5,1.0337192213423074,0.8074553830641188,1.196370362651302,1.0128926823165891,1.0394681999373565,0.026575517620767375
l2-n32-zipf-w4,smoke_parallel,2,32,zipf,4,eas_k1_adaptive,eas,1,adaptive,accept_id,commit_delta,5,0,0,1,0.0,0.0,0.0
l2-n32-zipf-w4,smoke_parallel,2,32,zipf,4,eas_k1_adaptive,eas,1,adaptive,accept_id,batch_delta_ms,5,0.042055999999999996,-12.863581000000003,7.1408640000000005,-2.560336999999997,5.333602000000006,7.893939000000003
l2-n32-zipf-w4,smoke_parallel,2,32,zipf,4,eas_k1_adaptive,eas,1,adaptive,accept_id,selector_delta_ms,5,0.03451300000000001,0.025523000000000004,0.044948999999999996,0.029658999999999998,0.041422,0.011763000000000003
l2-n32-zipf-w4,smoke_parallel,2,32,zipf,4,eas_k1_adaptive,eas,1,adaptive,accept_id,batch_speedup,5,0.9369602971347063,0.8761771651535549,1.285575232610202,0.9090905914405114,1.0452474267543674,0.13615683531385603
l2-n32-zipf-w4,smoke_parallel,2,32,zipf,4,eas_k1_adaptive,eas,1,adaptive,accept_id,selector_speedup,5,0.5635409421435346,0.4951195677812848,0.6642549888843579,0.5313935334977488,0.5989967821313648,0.067603248633616
l2-n32-zipf-w4,smoke_parallel,2,32,zipf,4,eas_k1_adaptive,eas,1,adaptive,accept_id,rate_ratio,5,0.9369602971327118,0.9090905914395633,1.285575232608413,0.9142718245079372,1.0452474267538479,0.13097560224591065
l2-n32-zipf-w4,smoke_parallel,2,32,zipf,4,eas_k1_adaptive,eas,1,adaptive,accept_static_degree,commit_delta,5,0,0,0,0.0,0.0,0.0
l2-n32-zipf-w4,smoke_parallel,2,32,zipf,4,eas_k1_adaptive,eas,1,adaptive,accept_static_degree,batch_delta_ms,5,-0.07580699999999752,-5.320250999999999,9.544161000000003,-1.233635999999997,3.6995920000000027,4.933228
l2-n32-zipf-w4,smoke_parallel,2,32,zipf,4,eas_k1_adaptive,eas,1,adaptive,accept_static_degree,selector_delta_ms,5,0.023821999999999996,0.016395,0.032089,0.022269999999999998,0.026465000000000002,0.004195000000000004
l2-n32-zipf-w4,smoke_parallel,2,32,zipf,4,eas_k1_adaptive,eas,1,adaptive,accept_static_degree,batch_speedup,5,1.0012921041980014,0.8492028941622359,1.0985555622449972,0.9358489435990898,1.021801370113212,0.08595242651412227
l2-n32-zipf-w4,smoke_parallel,2,32,zipf,4,eas_k1_adaptive,eas,1,adaptive,accept_static_degree,selector_speedup,5,0.69742541057525,0.620338381448178,0.7760551837180713,0.6820409928634933,0.7148417993008694,0.03280080643737615
l2-n32-zipf-w4,smoke_parallel,2,32,zipf,4,eas_k1_adaptive,eas,1,adaptive,accept_static_degree,rate_ratio,5,1.001292104197887,0.8492028941609765,1.0985555622435696,0.9358489436001749,1.0218013701121524,0.08595242651197754
l1-n2-identical-w1,zero_commit,1,2,identical,1,native,native,,native,accept_id,commit_delta,5,0,0,0,0.0,0.0,0.0
l1-n2-identical-w1,zero_commit,1,2,identical,1,native,native,,native,accept_id,batch_delta_ms,5,-0.008404000000000002,-0.009719,-0.007353999999999999,-0.008417000000000001,-0.00744,0.0009770000000000004
l1-n2-identical-w1,zero_commit,1,2,identical,1,native,native,,native,accept_id,selector_delta_ms,5,-0.008864,-0.00932,-0.008773,-0.009156,-0.00884,0.0003159999999999986
l1-n2-identical-w1,zero_commit,1,2,identical,1,native,native,,native,accept_id,batch_speedup,5,1.8436403728575725,1.7406586766038876,2.321186881832379,1.804302103250478,1.8916710875331568,0.08736898428267881
l1-n2-identical-w1,zero_commit,1,2,identical,1,native,native,,native,accept_id,selector_speedup,0,,,,,,
l1-n2-identical-w1,zero_commit,1,2,identical,1,native,native,,native,accept_id,rate_ratio,5,1.843640372866514,1.7406586766041279,2.3211868818332424,1.8043021032511577,1.8916710875340665,0.08736898428290885
l1-n2-identical-w1,zero_commit,1,2,identical,1,native,native,,native,accept_static_degree,commit_delta,5,0,0,0,0.0,0.0,0.0
l1-n2-identical-w1,zero_commit,1,2,identical,1,native,native,,native,accept_static_degree,batch_delta_ms,5,-0.009392000000000001,-0.011178,-0.009151999999999999,-0.009562000000000001,-0.009353,0.00020900000000000085
l1-n2-identical-w1,zero_commit,1,2,identical,1,native,native,,native,accept_static_degree,selector_delta_ms,5,-0.00985,-0.010784,-0.009454,-0.01038,-0.00975,0.0006300000000000004
l1-n2-identical-w1,zero_commit,1,2,identical,1,native,native,,native,accept_static_degree,batch_speedup,5,1.9745771505655287,1.9419881156209085,2.454711087975013,1.9696969696969695,1.9945623758234863,0.024865406126516776
l1-n2-identical-w1,zero_commit,1,2,identical,1,native,native,,native,accept_static_degree,selector_speedup,0,,,,,,
l1-n2-identical-w1,zero_commit,1,2,identical,1,native,native,,native,accept_static_degree,rate_ratio,5,1.974577150571747,1.941988115619702,2.4547110879775107,1.9696969696921813,1.9945623758209554,0.02486540612877408
l1-n2-identical-w1,zero_commit,1,2,identical,1,accept_id,accept_id,,greedy,native,commit_delta,5,0,0,0,0.0,0.0,0.0
l1-n2-identical-w1,zero_commit,1,2,identical,1,accept_id,accept_id,,greedy,native,batch_delta_ms,5,0.008404000000000002,0.007353999999999999,0.009719,0.00744,0.008417000000000001,0.0009770000000000004
l1-n2-identical-w1,zero_commit,1,2,identical,1,accept_id,accept_id,,greedy,native,selector_delta_ms,5,0.008864,0.008773,0.00932,0.00884,0.009156,0.0003159999999999986
l1-n2-identical-w1,zero_commit,1,2,identical,1,accept_id,accept_id,,greedy,native,batch_speedup,5,0.5424051321082961,0.43081408387530834,0.5744951686628479,0.5286331258062706,0.554230911884703,0.025597786078432327
l1-n2-identical-w1,zero_commit,1,2,identical,1,accept_id,accept_id,,greedy,native,selector_speedup,5,0.0,0.0,0.0,0.0,0.0,0.0
l1-n2-identical-w1,zero_commit,1,2,identical,1,accept_id,accept_id,,greedy,native,rate_ratio,5,0.5424051321056655,0.43081408387514813,0.5744951686627686,0.5286331258060164,0.5542309118844942,0.025597786078477847
l1-n2-identical-w1,zero_commit,1,2,identical,1,accept_id,accept_id,,greedy,accept_static_degree,commit_delta,5,0,0,0,0.0,0.0,0.0
l1-n2-identical-w1,zero_commit,1,2,identical,1,accept_id,accept_id,,greedy,accept_static_degree,batch_delta_ms,5,-0.0011579999999999993,-0.003408999999999999,-0.0005949999999999983,-0.001753000000000001,-0.0010259999999999991,0.000727000000000002
l1-n2-identical-w1,zero_commit,1,2,identical,1,accept_id,accept_id,,greedy,accept_static_degree,selector_delta_ms,5,-0.0010880000000000004,-0.0019439999999999995,-0.0008780000000000003,-0.0013480000000000002,-0.0008860000000000014,0.00046199999999999887
l1-n2-identical-w1,zero_commit,1,2,identical,1,accept_id,accept_id,,greedy,accept_static_degree,batch_speedup,5,1.0649503617701497,1.032254567138288,1.2176327885597549,1.0575241085445166,1.10999560770534,0.052471499160823276
l1-n2-identical-w1,zero_commit,1,2,identical,1,accept_id,accept_id,,greedy,accept_static_degree,selector_speedup,5,1.1260280319703464,1.094206008583691,1.2199095022624433,1.1049141503848432,1.1472258628221932,0.04231171243734999
l1-n2-identical-w1,zero_commit,1,2,identical,1,accept_id,accept_id,,greedy,accept_static_degree,rate_ratio,5,1.0649503617705833,1.032254567136793,1.217632788558871,1.0575241085451994,1.109995607705339,0.0524714991601396
l1-n2-identical-w1,zero_commit,1,2,identical,1,eas_k1_adaptive,eas,1,adaptive,native,commit_delta,5,0,0,0,0.0,0.0,0.0
l1-n2-identical-w1,zero_commit,1,2,identical,1,eas_k1_adaptive,eas,1,adaptive,native,batch_delta_ms,5,0.023254,0.021462000000000002,0.025453,0.02203,0.024402,0.002371999999999999
l1-n2-identical-w1,zero_commit,1,2,identical,1,eas_k1_adaptive,eas,1,adaptive,native,selector_delta_ms,5,0.023678,0.022399,0.024731,0.022633,0.0246,0.001967
l1-n2-identical-w1,zero_commit,1,2,identical,1,eas_k1_adaptive,eas,1,adaptive,native,batch_speedup,5,0.2902062305477181,0.23595885152771381,0.3202924932893153,0.28841151810030907,0.3054368932038835,0.017025375103574436
l1-n2-identical-w1,zero_commit,1,2,identical,1,eas_k1_adaptive,eas,1,adaptive,native,selector_speedup,5,0.0,0.0,0.0,0.0,0.0,0.0
l1-n2-identical-w1,zero_commit,1,2,identical,1,eas_k1_adaptive,eas,1,adaptive,native,rate_ratio,5,0.290206230546268,0.2359588515279665,0.3202924932890707,0.2884115180999435,0.30543689320420975,0.01702537510426627
l1-n2-identical-w1,zero_commit,1,2,identical,1,eas_k1_adaptive,eas,1,adaptive,accept_id,commit_delta,5,0,0,0,0.0,0.0,0.0
l1-n2-identical-w1,zero_commit,1,2,identical,1,eas_k1_adaptive,eas,1,adaptive,accept_id,batch_delta_ms,5,0.014849999999999999,0.014274000000000002,0.017027999999999998,0.014627999999999999,0.016278,0.0016500000000000022
l1-n2-identical-w1,zero_commit,1,2,identical,1,eas_k1_adaptive,eas,1,adaptive,accept_id,selector_delta_ms,5,0.014522000000000002,0.013707,0.015594,0.013765999999999999,0.014837,0.0010710000000000008
l1-n2-identical-w1,zero_commit,1,2,identical,1,eas_k1_adaptive,eas,1,adaptive,accept_id,batch_speedup,5,0.5380582524271844,0.5123711340206186,0.5577324263038549,0.5270772806507844,0.5466195442921586,0.019542263641374236
l1-n2-identical-w1,zero_commit,1,2,identical,1,eas_k1_adaptive,eas,1,adaptive,accept_id,selector_speedup,5,0.38668806487034374,0.36945533945250897,0.39686991869918703,0.38541899191928214,0.39437988777448857,0.00896089585520643
l1-n2-identical-w1,zero_commit,1,2,identical,1,eas_k1_adaptive,eas,1,adaptive,accept_id,rate_ratio,5,0.5380582524271079,0.5123711340210594,0.5577324263042145,0.5270772806495273,0.5466195442929364,0.019542263643409052
l1-n2-identical-w1,zero_commit,1,2,identical,1,eas_k1_adaptive,eas,1,adaptive,accept_static_degree,commit_delta,5,0,0,0,0.0,0.0,0.0
l1-n2-identical-w1,zero_commit,1,2,identical,1,eas_k1_adaptive,eas,1,adaptive,accept_static_degree,batch_delta_ms,5,0.013692,0.011823,0.014033,0.013151,0.013791000000000001,0.0006400000000000017
l1-n2-identical-w1,zero_commit,1,2,identical,1,eas_k1_adaptive,eas,1,adaptive,accept_static_degree,selector_delta_ms,5,0.013174000000000002,0.012081999999999999,0.01485,0.012511000000000001,0.013994,0.0014829999999999982
l1-n2-identical-w1,zero_commit,1,2,identical,1,eas_k1_adaptive,eas,1,adaptive,accept_static_degree,batch_speedup,5,0.5810153309464794,0.5757218442932729,0.6226025185663545,0.5792108091509289,0.5870568656388357,0.007846056487906816
l1-n2-identical-w1,zero_commit,1,2,identical,1,eas_k1_adaptive,eas,1,adaptive,accept_static_degree,selector_speedup,5,0.42121494947855376,0.39634146341463417,0.46904044476509776,0.41466730996973555,0.4604525056095736,0.04578519563983807
l1-n2-identical-w1,zero_commit,1,2,identical,1,eas_k1_adaptive,eas,1,adaptive,accept_static_degree,rate_ratio,5,0.5810153309462589,0.5757218442928104,0.6226025185652262,0.5792108091521386,0.5870568656400592,0.007846056487920583
l1-n2-identical-w1,zero_commit,1,2,identical,1,eas_k2_adaptive,eas,2,adaptive,native,commit_delta,5,-1,-1,-1,-1.0,-1.0,0.0
l1-n2-identical-w1,zero_commit,1,2,identical,1,eas_k2_adaptive,eas,2,adaptive,native,batch_delta_ms,5,0.022941,0.021883,0.024287999999999997,0.022291,0.023211999999999997,0.0009209999999999982
l1-n2-identical-w1,zero_commit,1,2,identical,1,eas_k2_adaptive,eas,2,adaptive,native,selector_delta_ms,5,0.023921,0.022177,0.02563,0.023448,0.024983,0.0015350000000000016
l1-n2-identical-w1,zero_commit,1,2,identical,1,eas_k2_adaptive,eas,2,adaptive,native,batch_speedup,5,0.3041086306684475,0.25627855784944803,0.3102230831719053,0.2696720394000448,0.30962535266714786,0.03995331326710305
l1-n2-identical-w1,zero_commit,1,2,identical,1,eas_k2_adaptive,eas,2,adaptive,native,selector_speedup,5,0.0,0.0,0.0,0.0,0.0,0.0
l1-n2-identical-w1,zero_commit,1,2,identical,1,eas_k2_adaptive,eas,2,adaptive,native,rate_ratio,5,0.0,0.0,0.0,0.0,0.0,0.0
l1-n2-identical-w1,zero_commit,1,2,identical,1,eas_k2_adaptive,eas,2,adaptive,accept_id,commit_delta,5,-1,-1,-1,-1.0,-1.0,0.0
l1-n2-identical-w1,zero_commit,1,2,identical,1,eas_k2_adaptive,eas,2,adaptive,accept_id,batch_delta_ms,5,0.014528,0.012422000000000002,0.015534,0.013492999999999998,0.015310999999999998,0.0018180000000000002
l1-n2-identical-w1,zero_commit,1,2,identical,1,eas_k2_adaptive,eas,2,adaptive,accept_id,selector_delta_ms,5,0.015288000000000001,0.013174,0.016704999999999998,0.014584,0.016057000000000002,0.001473000000000002
l1-n2-identical-w1,zero_commit,1,2,identical,1,eas_k2_adaptive,eas,2,adaptive,accept_id,batch_speedup,5,0.5457350541462691,0.5387219384725027,0.5984324271144197,0.5454366511383767,0.5562826794698938,0.010846028331517155
l1-n2-identical-w1,zero_commit,1,2,identical,1,eas_k2_adaptive,eas,2,adaptive,accept_id,selector_speedup,5,0.36089628360018394,0.34086963383838387,0.40120903595291124,0.3572829524076372,0.37802797679972705,0.02074502439208986
l1-n2-identical-w1,zero_commit,1,2,identical,1,eas_k2_adaptive,eas,2,adaptive,accept_id,rate_ratio,5,0.0,0.0,0.0,0.0,0.0,0.0
l1-n2-identical-w1,zero_commit,1,2,identical,1,eas_k2_adaptive,eas,2,adaptive,accept_static_degree,commit_delta,5,-1,-1,-1,-1.0,-1.0,0.0
l1-n2-identical-w1,zero_commit,1,2,identical,1,eas_k2_adaptive,eas,2,adaptive,accept_static_degree,batch_delta_ms,5,0.012724,0.011120999999999999,0.015172999999999999,0.012372000000000001,0.014705,0.0023329999999999983
l1-n2-identical-w1,zero_commit,1,2,identical,1,eas_k2_adaptive,eas,2,adaptive,accept_static_degree,selector_delta_ms,5,0.013994,0.012291999999999999,0.015321000000000001,0.013552,0.015126,0.0015740000000000007
l1-n2-identical-w1,zero_commit,1,2,identical,1,eas_k2_adaptive,eas,2,adaptive,accept_static_degree,batch_speedup,5,0.6024495407111167,0.5498294021658507,0.6290898175632859,0.5597437202478968,0.6065636328944858,0.046819912646589024
l1-n2-identical-w1,zero_commit,1,2,identical,1,eas_k2_adaptive,eas,2,adaptive,accept_static_degree,selector_speedup,5,0.4190649527926288,0.40319003752985333,0.44129812281259945,0.409564393939394,0.42090419622254505,0.011339802283151068
l1-n2-identical-w1,zero_commit,1,2,identical,1,eas_k2_adaptive,eas,2,adaptive,accept_static_degree,rate_ratio,5,0.0,0.0,0.0,0.0,0.0,0.0
l1-n2-identical-w1,zero_commit,1,2,identical,1,accept_static_degree,accept_static_degree,,greedy,native,commit_delta,5,0,0,0,0.0,0.0,0.0
l1-n2-identical-w1,zero_commit,1,2,identical,1,accept_static_degree,accept_static_degree,,greedy,native,batch_delta_ms,5,0.009392000000000001,0.009151999999999999,0.011178,0.009353,0.009562000000000001,0.00020900000000000085
l1-n2-identical-w1,zero_commit,1,2,identical,1,accept_static_degree,accept_static_degree,,greedy,native,selector_delta_ms,5,0.00985,0.009454,0.010784,0.00975,0.01038,0.0006300000000000004
l1-n2-identical-w1,zero_commit,1,2,identical,1,accept_static_degree,accept_static_degree,,greedy,native,batch_speedup,5,0.5064375426979872,0.40737991729403034,0.5149362099367285,0.5013631120897557,0.5076923076923078,0.0063291956025520735
l1-n2-identical-w1,zero_commit,1,2,identical,1,accept_static_degree,accept_static_degree,,greedy,native,selector_speedup,5,0.0,0.0,0.0,0.0,0.0,0.0
l1-n2-identical-w1,zero_commit,1,2,identical,1,accept_static_degree,accept_static_degree,,greedy,native,rate_ratio,5,0.5064375426963924,0.4073799172936158,0.5149362099370485,0.5013631120903919,0.5076923076935419,0.00632919560315004
l1-n2-identical-w1,zero_commit,1,2,identical,1,accept_static_degree,accept_static_degree,,greedy,accept_id,commit_delta,5,0,0,0,0.0,0.0,0.0
l1-n2-identical-w1,zero_commit,1,2,identical,1,accept_static_degree,accept_static_degree,,greedy,accept_id,batch_delta_ms,5,0.0011579999999999993,0.0005949999999999983,0.003408999999999999,0.0010259999999999991,0.001753000000000001,0.000727000000000002
l1-n2-identical-w1,zero_commit,1,2,identical,1,accept_static_degree,accept_static_degree,,greedy,accept_id,selector_delta_ms,5,0.0010880000000000004,0.0008780000000000003,0.0019439999999999995,0.0008860000000000014,0.0013480000000000002,0.00046199999999999887
l1-n2-identical-w1,zero_commit,1,2,identical,1,accept_static_degree,accept_static_degree,,greedy,accept_id,batch_speedup,5,0.9390109021962396,0.8212656635033818,0.9687532822182545,0.9009044657998869,0.9456049199448627,0.04470045414497581
l1-n2-identical-w1,zero_commit,1,2,identical,1,accept_static_degree,accept_static_degree,,greedy,accept_id,selector_speedup,5,0.8880773582964715,0.81973293768546,0.9139046871935673,0.8716679360243716,0.905047690494052,0.033379754469680334
l1-n2-identical-w1,zero_commit,1,2,identical,1,accept_static_degree,accept_static_degree,,greedy,accept_id,rate_ratio,5,0.9390109021958573,0.8212656635039779,0.9687532822196573,0.9009044657998876,0.9456049199442522,0.04470045414436463
l2-n32-identical-w1,control,2,32,identical,1,eas_k1_lazy,eas,1,lazy,eas_k1_graph,commit_delta,5,0,0,0,0.0,0.0,0.0
l2-n32-identical-w1,control,2,32,identical,1,eas_k1_lazy,eas,1,lazy,eas_k1_graph,batch_delta_ms,5,-0.025036000000000003,-0.026673000000000002,-0.022069999999999992,-0.025045999999999985,-0.02269099999999999,0.002354999999999996
l2-n32-identical-w1,control,2,32,identical,1,eas_k1_lazy,eas,1,lazy,eas_k1_graph,selector_delta_ms,5,-0.024460999999999997,-0.02606299999999999,-0.022767999999999997,-0.02525200000000001,-0.023240999999999998,0.0020110000000000128
l2-n32-identical-w1,control,2,32,identical,1,eas_k1_lazy,eas,1,lazy,eas_k1_graph,batch_speedup,5,1.2059084778103102,1.1878889522658198,1.2228898043770735,1.193827519048758,1.213692131802126,0.01986461275336815
l2-n32-identical-w1,control,2,32,identical,1,eas_k1_lazy,eas,1,lazy,eas_k1_graph,selector_speedup,5,1.2661205217750797,1.251102876301394,1.2791457367163985,1.255392797881342,1.2768738213236264,0.02148102344228442
l2-n32-identical-w1,control,2,32,identical,1,eas_k1_lazy,eas,1,lazy,eas_k1_graph,rate_ratio,5,1.2059084778117122,1.187888952265905,1.222889804376681,1.1938275190480625,1.2136921318027913,0.01986461275472884
l2-n32-identical-w1,control,2,32,identical,1,eas_k1_adaptive,eas,1,adaptive,eas_k1_graph,commit_delta,5,0,0,0,0.0,0.0,0.0
l2-n32-identical-w1,control,2,32,identical,1,eas_k1_adaptive,eas,1,adaptive,eas_k1_graph,batch_delta_ms,5,-0.015418000000000015,-0.020356000000000013,-0.010474000000000011,-0.017775000000000013,-0.011453999999999992,0.006321000000000021
l2-n32-identical-w1,control,2,32,identical,1,eas_k1_adaptive,eas,1,adaptive,eas_k1_graph,selector_delta_ms,5,-0.015700000000000006,-0.019347000000000003,-0.010853000000000002,-0.01646199999999999,-0.011355000000000004,0.0051069999999999866
l2-n32-identical-w1,control,2,32,identical,1,eas_k1_adaptive,eas,1,adaptive,eas_k1_graph,batch_speedup,5,1.1217015163355357,1.0802506972325232,1.163906178287021,1.0869763309565574,1.1382547621084727,0.051278431151915216
l2-n32-identical-w1,control,2,32,identical,1,eas_k1_adaptive,eas,1,adaptive,eas_k1_graph,selector_speedup,5,1.1560217436672067,1.1029178875897319,1.2003520944441568,1.1096317608666268,1.1598749125942038,0.050243151727576985
l2-n32-identical-w1,control,2,32,identical,1,eas_k1_adaptive,eas,1,adaptive,eas_k1_graph,rate_ratio,5,1.1217015163356887,1.0802506972328123,1.1639061782865356,1.0869763309564227,1.1382547621083594,0.051278431151936754
l2-n32-identical-w1,control,2,32,identical,1,eas_k1_profile,eas,1,profile,eas_k1_graph,commit_delta,5,0,0,0,0.0,0.0,0.0
l2-n32-identical-w1,control,2,32,identical,1,eas_k1_profile,eas,1,profile,eas_k1_graph,batch_delta_ms,5,-0.030674999999999994,-0.03723399999999999,-0.027426000000000006,-0.03211499999999999,-0.03012200000000001,0.001992999999999981
l2-n32-identical-w1,control,2,32,identical,1,eas_k1_profile,eas,1,profile,eas_k1_graph,selector_delta_ms,5,-0.031739,-0.036257,-0.027783000000000002,-0.03207,-0.031134999999999996,0.0009350000000000053
l2-n32-identical-w1,control,2,32,identical,1,eas_k1_profile,eas,1,profile,eas_k1_graph,batch_speedup,5,1.2817891197707105,1.241502588848579,1.3513735408193115,1.263242066994678,1.2888896884866912,0.025647621492013162
l2-n32-identical-w1,control,2,32,identical,1,eas_k1_profile,eas,1,profile,eas_k1_graph,selector_speedup,5,1.3746375154920765,1.3133197252827806,1.437411026661841,1.3716815195624934,1.3825051883304311,0.010823668767937722
l2-n32-identical-w1,control,2,32,identical,1,eas_k1_profile,eas,1,profile,eas_k1_graph,rate_ratio,5,1.2817891197714508,1.2415025888492635,1.3513735408189034,1.2632420669948876,1.2888896884871444,0.025647621492256745
