condition,suite,arity,n,distribution,workers,variant,policy,policy_k,implementation,baseline,seed,repetition,commit_delta,batch_delta_ms,wins_for,crossover_us
l2-n128-uniform-w1,main,2,128,uniform,1,eas_k1_adaptive,eas,1,adaptive,accept_id,11,1,0,0.015189000000000008,no_c,
l2-n128-uniform-w1,main,2,128,uniform,1,eas_k1_adaptive,eas,1,adaptive,accept_static_degree,11,1,0,-0.002446999999999977,all_c,
l2-n128-uniform-w1,main,2,128,uniform,1,eas_k2_adaptive,eas,2,adaptive,accept_id,11,1,-2,0.014110999999999985,no_c,
l2-n128-uniform-w1,main,2,128,uniform,1,eas_k2_adaptive,eas,2,adaptive,accept_static_degree,11,1,-2,-0.0035250000000000004,no_c,
l2-n128-uniform-w1,main,2,128,uniform,1,eas_k1_adaptive,eas,1,adaptive,accept_id,11,2,0,0.001933000000000018,no_c,
l2-n128-uniform-w1,main,2,128,uniform,1,eas_k1_adaptive,eas,1,adaptive,accept_static_degree,11,2,0,-0.009709999999999996,all_c,
l2-n128-uniform-w1,main,2,128,uniform,1,eas_k2_adaptive,eas,2,adaptive,accept_id,11,2,-2,0.004935999999999996,no_c,
l2-n128-uniform-w1,main,2,128,uniform,1,eas_k2_adaptive,eas,2,adaptive,accept_static_degree,11,2,-2,-0.0067070000000000185,c_below,0.880570312500023
l2-n128-uniform-w1,main,2,128,uniform,1,eas_k1_adaptive,eas,1,adaptive,accept_id,11,3,0,0.109568,no_c,
l2-n128-uniform-w1,main,2,128,uniform,1,eas_k1_adaptive,eas,1,adaptive,accept_static_degree,11,3,0,0.032376000000000016,no_c,
l2-n128-uniform-w1,main,2,128,uniform,1,eas_k2_adaptive,eas,2,adaptive,accept_id,11,3,-2,0.022853000000000012,no_c,
l2-n128-uniform-w1,main,2,128,uniform,1,eas_k2_adaptive,eas,2,adaptive,accept_static_degree,11,3,-2,-0.05433899999999997,c_below,23.91247656249998
l2-n128-uniform-w1,main,2,128,uniform,1,eas_k1_adaptive,eas,1,adaptive,accept_id,29,1,0,0.01200399999999996,no_c,
l2-n128-uniform-w1,main,2,128,uniform,1,eas_k1_adaptive,eas,1,adaptive,accept_static_degree,29,1,0,-0.011233000000000049,all_c,
l2-n128-uniform-w1,main,2,128,uniform,1,eas_k2_adaptive,eas,2,adaptive,accept_id,29,1,0,0.015397999999999967,no_c,
l2-n128-uniform-w1,main,2,128,uniform,1,eas_k2_adaptive,eas,2,adaptive,accept_static_degree,29,1,0,-0.00783900000000004,all_c,
l2-n128-uniform-w1,main,2,128,uniform,1,eas_k1_adaptive,eas,1,adaptive,accept_id,29,2,0,0.014327999999999952,no_c,
l2-n128-uniform-w1,main,2,128,uniform,1,eas_k1_adaptive,eas,1,adaptive,accept_static_degree,29,2,0,-0.008569000000000049,all_c,
l2-n128-uniform-w1,main,2,128,uniform,1,eas_k2_adaptive,eas,2,adaptive,accept_id,29,2,0,0.010301999999999978,no_c,
l2-n128-uniform-w1,main,2,128,uniform,1,eas_k2_adaptive,eas,2,adaptive,accept_static_degree,29,2,0,-0.012595000000000023,all_c,
l2-n128-uniform-w1,main,2,128,uniform,1,eas_k1_adaptive,eas,1,adaptive,accept_id,29,3,0,0.020681000000000005,no_c,
l2-n128-uniform-w1,main,2,128,uniform,1,eas_k1_adaptive,eas,1,adaptive,accept_static_degree,29,3,0,-0.010994999999999977,all_c,
l2-n128-uniform-w1,main,2,128,uniform,1,eas_k2_adaptive,eas,2,adaptive,accept_id,29,3,0,0.027039000000000035,no_c,
l2-n128-uniform-w1,main,2,128,uniform,1,eas_k2_adaptive,eas,2,adaptive,accept_static_degree,29,3,0,-0.004636999999999947,all_c,
l2-n128-uniform-w1,main,2,128,uniform,1,eas_k1_adaptive,eas,1,adaptive,accept_id,47,1,0,0.026092999999999977,no_c,
l2-n128-uniform-w1,main,2,128,uniform,1,eas_k1_adaptive,eas,1,adaptive,accept_static_degree,47,1,0,-0.012936000000000003,all_c,
l2-n128-uniform-w1,main,2,128,uniform,1,eas_k2_adaptive,eas,2,adaptive,accept_id,47,1,0,0.039986999999999995,no_c,
l2-n128-uniform-w1,main,2,128,uniform,1,eas_k2_adaptive,eas,2,adaptive,accept_static_degree,47,1,0,0.0009580000000000144,no_c,
l2-n128-uniform-w1,main,2,128,uniform,1,eas_k1_adaptive,eas,1,adaptive,accept_id,47,2,0,0.028717000000000048,no_c,
l2-n128-uniform-w1,main,2,128,uniform,1,eas_k1_adaptive,eas,1,adaptive,accept_static_degree,47,2,0,0.0008490000000000442,no_c,
l2-n128-uniform-w1,main,2,128,uniform,1,eas_k2_adaptive,eas,2,adaptive,accept_id,47,2,0,0.026897000000000004,no_c,
l2-n128-uniform-w1,main,2,128,uniform,1,eas_k2_adaptive,eas,2,adaptive,accept_static_degree,47,2,0,-0.0009709999999999996,all_c,
l2-n128-uniform-w1,main,2,128,uniform,1,eas_k1_adaptive,eas,1,adaptive,accept_id,47,3,0,0.02899099999999999,no_c,
l2-n128-uniform-w1,main,2,128,uniform,1,eas_k1_adaptive,eas,1,adaptive,accept_static_degree,47,3,0,0.009503999999999957,no_c,
l2-n128-uniform-w1,main,2,128,uniform,1,eas_k2_adaptive,eas,2,adaptive,accept_id,47,3,0,0.024025999999999992,no_c,
l2-n128-uniform-w1,main,2,128,uniform,1,eas_k2_adaptive,eas,2,adaptive,accept_static_degree,47,3,0,0.00453899999999996,no_c,
l2-n128-uniform-w1,main,2,128,uniform,1,eas_k2_adaptive,eas,2,adaptive,accept_id,71,1,-2,0.008936,no_c,
l2-n128-uniform-w1,main,2,128,uniform,1,eas_k2_adaptive,eas,2,adaptive,accept_static_degree,71,1,-2,-0.007821000000000022,c_below,1.41150000000001
l2-n128-uniform-w1,main,2,128,uniform,1,eas_k1_adaptive,eas,1,adaptive,accept_id,71,1,0,0.005047000000000024,no_c,
l2-n128-uniform-w1,main,2,128,uniform,1,eas_k1_adaptive,eas,1,adaptive,accept_static_degree,71,1,0,-0.011709999999999998,all_c,
l2-n128-uniform-w1,main,2,128,uniform,1,eas_k1_adaptive,eas,1,adaptive,accept_id,71,2,0,0.019515000000000005,no_c,
l2-n128-uniform-w1,main,2,128,uniform,1,eas_k1_adaptive,eas,1,adaptive,accept_static_degree,71,2,0,0.003035999999999983,no_c,
l2-n128-uniform-w1,main,2,128,uniform,1,eas_k2_adaptive,eas,2,adaptive,accept_id,71,2,-2,0.014770999999999979,no_c,
l2-n128-uniform-w1,main,2,128,uniform,1,eas_k2_adaptive,eas,2,adaptive,accept_static_degree,71,2,-2,-0.0017080000000000428,no_c,
l2-n128-uniform-w1,main,2,128,uniform,1,eas_k1_adaptive,eas,1,adaptive,accept_id,71,3,0,0.009850000000000025,no_c,
l2-n128-uniform-w1,main,2,128,uniform,1,eas_k1_adaptive,eas,1,adaptive,accept_static_degree,71,3,0,-0.006315999999999988,all_c,
l2-n128-uniform-w1,main,2,128,uniform,1,eas_k2_adaptive,eas,2,adaptive,accept_id,71,3,-2,0.010970000000000035,no_c,
l2-n128-uniform-w1,main,2,128,uniform,1,eas_k2_adaptive,eas,2,adaptive,accept_static_degree,71,3,-2,-0.005195999999999978,c_below,0.1197109374999894
l2-n128-uniform-w1,main,2,128,uniform,1,eas_k2_adaptive,eas,2,adaptive,accept_id,101,1,0,-0.0031939999999999746,all_c,
l2-n128-uniform-w1,main,2,128,uniform,1,eas_k2_adaptive,eas,2,adaptive,accept_static_degree,101,1,0,-0.012067999999999968,all_c,
l2-n128-uniform-w1,main,2,128,uniform,1,eas_k1_adaptive,eas,1,adaptive,accept_id,101,1,0,-0.006423000000000012,all_c,
l2-n128-uniform-w1,main,2,128,uniform,1,eas_k1_adaptive,eas,1,adaptive,accept_static_degree,101,1,0,-0.015297000000000005,all_c,
l2-n128-uniform-w1,main,2,128,uniform,1,eas_k1_adaptive,eas,1,adaptive,accept_id,101,2,0,0.016637999999999986,no_c,
l2-n128-uniform-w1,main,2,128,uniform,1,eas_k1_adaptive,eas,1,adaptive,accept_static_degree,101,2,0,-0.013160000000000005,all_c,
l2-n128-uniform-w1,main,2,128,uniform,1,eas_k2_adaptive,eas,2,adaptive,accept_id,101,2,0,0.019713000000000036,no_c,
l2-n128-uniform-w1,main,2,128,uniform,1,eas_k2_adaptive,eas,2,adaptive,accept_static_degree,101,2,0,-0.010084999999999955,all_c,
l2-n128-uniform-w1,main,2,128,uniform,1,eas_k2_adaptive,eas,2,adaptive,accept_id,101,3,0,0.015702999999999967,no_c,
l2-n128-uniform-w1,main,2,128,uniform,1,eas_k2_adaptive,eas,2,adaptive,accept_static_degree,101,3,0,-0.0025660000000000127,all_c,
l2-n128-uniform-w1,main,2,128,uniform,1,eas_k1_adaptive,eas,1,adaptive,accept_id,101,3,0,0.0038779999999999926,no_c,
l2-n128-uniform-w1,main,2,128,uniform,1,eas_k1_adaptive,eas,1,adaptive,accept_static_degree,101,3,0,-0.014390999999999987,all_c,
l2-n128-zipf-w1,main,2,128,zipf,1,eas_k1_adaptive,eas,1,adaptive,accept_id,11,1,2,0.162188,c_above,32.798882812500004
l2-n128-zipf-w1,main,2,128,zipf,1,eas_k1_adaptive,eas,1,adaptive,accept_static_degree,11,1,0,0.14143100000000003,no_c,
l2-n128-zipf-w1,main,2,128,zipf,1,eas_k2_adaptive,eas,2,adaptive,accept_id,11,1,-1,0.14397899999999997,no_c,
l2-n128-zipf-w1,main,2,128,zipf,1,eas_k2_adaptive,eas,2,adaptive,accept_static_degree,11,1,-3,0.123222,no_c,
l2-n128-zipf-w1,main,2,128,zipf,1,eas_k2_adaptive,eas,2,adaptive,accept_id,11,2,-1,0.15135000000000004,no_c,
l2-n128-zipf-w1,main,2,128,zipf,1,eas_k2_adaptive,eas,2,adaptive,accept_static_degree,11,2,-3,0.12106800000000001,no_c,
l2-n128-zipf-w1,main,2,128,zipf,1,eas_k1_adaptive,eas,1,adaptive,accept_id,11,2,2,0.16698200000000002,c_above,33.862468750000005
l2-n128-zipf-w1,main,2,128,zipf,1,eas_k1_adaptive,eas,1,adaptive,accept_static_degree,11,2,0,0.1367,no_c,
l2-n128-zipf-w1,main,2,128,zipf,1,eas_k1_adaptive,eas,1,adaptive,accept_id,11,3,2,0.15699800000000003,c_above,31.69819531250001
l2-n128-zipf-w1,main,2,128,zipf,1,eas_k1_adaptive,eas,1,adaptive,accept_static_degree,11,3,0,0.128066,no_c,
l2-n128-zipf-w1,main,2,128,zipf,1,eas_k2_adaptive,eas,2,adaptive,accept_id,11,3,-1,0.14691800000000005,no_c,
l2-n128-zipf-w1,main,2,128,zipf,1,eas_k2_adaptive,eas,2,adaptive,accept_static_degree,11,3,-3,0.11798600000000004,no_c,
l2-n128-zipf-w1,main,2,128,zipf,1,eas_k2_adaptive,eas,2,adaptive,accept_id,29,1,2,0.140988,c_above,30.97310156250001
l2-n128-zipf-w1,main,2,128,zipf,1,eas_k2_adaptive,eas,2,adaptive,accept_static_degree,29,1,0,0.10708100000000004,no_c,
l2-n128-zipf-w1,main,2,128,zipf,1,eas_k1_adaptive,eas,1,adaptive,accept_id,29,1,2,0.156194,c_above,34.53700781250001
l2-n128-zipf-w1,main,2,128,zipf,1,eas_k1_adaptive,eas,1,adaptive,accept_static_degree,29,1,0,0.12228700000000003,no_c,
l2-n128-zipf-w1,main,2,128,zipf,1,eas_k1_adaptive,eas,1,adaptive,accept_id,29,2,2,0.161518,c_above,35.76639062500001
l2-n128-zipf-w1,main,2,128,zipf,1,eas_k1_adaptive,eas,1,adaptive,accept_static_degree,29,2,0,0.14091199999999998,no_c,
l2-n128-zipf-w1,main,2,128,zipf,1,eas_k2_adaptive,eas,2,adaptive,accept_id,29,2,2,0.14276,c_above,31.36998437500001
l2-n128-zipf-w1,main,2,128,zipf,1,eas_k2_adaptive,eas,2,adaptive,accept_static_degree,29,2,0,0.12215399999999998,no_c,
l2-n128-zipf-w1,main,2,128,zipf,1,eas_k1_adaptive,eas,1,adaptive,accept_id,29,3,2,0.15872000000000003,c_above,35.15860937500001
l2-n128-zipf-w1,main,2,128,zipf,1,eas_k1_adaptive,eas,1,adaptive,accept_static_degree,29,3,0,0.12517899999999998,no_c,
l2-n128-zipf-w1,main,2,128,zipf,1,eas_k2_adaptive,eas,2,adaptive,accept_id,29,3,2,0.15429500000000002,c_above,34.1215
l2-n128-zipf-w1,main,2,128,zipf,1,eas_k2_adaptive,eas,2,adaptive,accept_static_degree,29,3,0,0.12075399999999997,no_c,
l2-n128-zipf-w1,main,2,128,zipf,1,eas_k2_adaptive,eas,2,adaptive,accept_id,47,1,-3,0.160787,no_c,
l2-n128-zipf-w1,main,2,128,zipf,1,eas_k2_adaptive,eas,2,adaptive,accept_static_degree,47,1,-4,0.13964,no_c,
l2-n128-zipf-w1,main,2,128,zipf,1,eas_k1_adaptive,eas,1,adaptive,accept_id,47,1,1,0.15068700000000002,c_above,79.11821875000003
l2-n128-zipf-w1,main,2,128,zipf,1,eas_k1_adaptive,eas,1,adaptive,accept_static_degree,47,1,0,0.12954,no_c,
l2-n128-zipf-w1,main,2,128,zipf,1,eas_k1_adaptive,eas,1,adaptive,accept_id,47,2,1,0.13826700000000003,c_above,72.41417968750002
l2-n128-zipf-w1,main,2,128,zipf,1,eas_k1_adaptive,eas,1,adaptive,accept_static_degree,47,2,0,0.11423500000000003,no_c,
l2-n128-zipf-w1,main,2,128,zipf,1,eas_k2_adaptive,eas,2,adaptive,accept_id,47,2,-3,0.132693,no_c,
l2-n128-zipf-w1,main,2,128,zipf,1,eas_k2_adaptive,eas,2,adaptive,accept_static_degree,47,2,-4,0.10866100000000001,no_c,
l2-n128-zipf-w1,main,2,128,zipf,1,eas_k1_adaptive,eas,1,adaptive,accept_id,47,3,1,0.14629399999999998,c_above,76.78452343749997
l2-n128-zipf-w1,main,2,128,zipf,1,eas_k1_adaptive,eas,1,adaptive,accept_static_degree,47,3,0,0.11271399999999998,no_c,
l2-n128-zipf-w1,main,2,128,zipf,1,eas_k2_adaptive,eas,2,adaptive,accept_id,47,3,-3,0.13952199999999998,no_c,
l2-n128-zipf-w1,main,2,128,zipf,1,eas_k2_adaptive,eas,2,adaptive,accept_static_degree,47,3,-4,0.10594199999999998,no_c,
l2-n128-zipf-w1,main,2,128,zipf,1,eas_k1_adaptive,eas,1,adaptive,accept_id,71,1,2,0.145984,c_above,36.72734375
l2-n128-zipf-w1,main,2,128,zipf,1,eas_k1_adaptive,eas,1,adaptive,accept_static_degree,71,1,0,0.102941,no_c,
l2-n128-zipf-w1,main,2,128,zipf,1,eas_k2_adaptive,eas,2,adaptive,accept_id,71,1,0,0.15072100000000005,no_c,
l2-n128-zipf-w1,main,2,128,zipf,1,eas_k2_adaptive,eas,2,adaptive,accept_static_degree,71,1,-2,0.10767800000000005,no_c,
l2-n128-zipf-w1,main,2,128,zipf,1,eas_k2_adaptive,eas,2,adaptive,accept_id,71,2,0,0.13188499999999997,no_c,
l2-n128-zipf-w1,main,2,128,zipf,1,eas_k2_adaptive,eas,2,adaptive,accept_static_degree,71,2,-2,0.10897899999999999,no_c,
l2-n128-zipf-w1,main,2,128,zipf,1,eas_k1_adaptive,eas,1,adaptive,accept_id,71,2,2,0.13081399999999999,c_above,32.57774218749999
l2-n128-zipf-w1,main,2,128,zipf,1,eas_k1_adaptive,eas,1,adaptive,accept_static_degree,71,2,0,0.107908,no_c,
l2-n128-zipf-w1,main,2,128,zipf,1,eas_k1_adaptive,eas,1,adaptive,accept_id,71,3,2,0.138698,c_above,34.718835937499996
l2-n128-zipf-w1,main,2,128,zipf,1,eas_k1_adaptive,eas,1,adaptive,accept_static_degree,71,3,0,0.10308399999999995,no_c,
l2-n128-zipf-w1,main,2,128,zipf,1,eas_k2_adaptive,eas,2,adaptive,accept_id,71,3,0,0.138654,no_c,
l2-n128-zipf-w1,main,2,128,zipf,1,eas_k2_adaptive,eas,2,adaptive,accept_static_degree,71,3,-2,0.10303999999999996,no_c,
l2-n128-zipf-w1,main,2,128,zipf,1,eas_k2_adaptive,eas,2,adaptive,accept_id,101,1,1,0.135926,c_above,69.03423437499997
l2-n128-zipf-w1,main,2,128,zipf,1,eas_k2_adaptive,eas,2,adaptive,accept_static_degree,101,1,-1,0.10874699999999998,no_c,
l2-n128-zipf-w1,main,2,128,zipf,1,eas_k1_adaptive,eas,1,adaptive,accept_id,101,1,2,0.14579999999999999,c_above,36.04406249999999
l2-n128-zipf-w1,main,2,128,zipf,1,eas_k1_adaptive,eas,1,adaptive,accept_static_degree,101,1,0,0.11862099999999998,no_c,
l2-n128-zipf-w1,main,2,128,zipf,1,eas_k1_adaptive,eas,1,adaptive,accept_id,101,2,2,0.20887100000000003,c_above,52.54862890625
l2-n128-zipf-w1,main,2,128,zipf,1,eas_k1_adaptive,eas,1,adaptive,accept_static_degree,101,2,0,0.179666,no_c,
l2-n128-zipf-w1,main,2,128,zipf,1,eas_k2_adaptive,eas,2,adaptive,accept_id,101,2,1,0.145212,c_above,73.89257812500003
l2-n128-zipf-w1,main,2,128,zipf,1,eas_k2_adaptive,eas,2,adaptive,accept_static_degree,101,2,-1,0.11600699999999997,no_c,
l2-n128-zipf-w1,main,2,128,zipf,1,eas_k1_adaptive,eas,1,adaptive,accept_id,101,3,2,0.140368,c_above,34.6193515625
l2-n128-zipf-w1,main,2,128,zipf,1,eas_k1_adaptive,eas,1,adaptive,accept_static_degree,101,3,0,0.11289099999999996,no_c,
l2-n128-zipf-w1,main,2,128,zipf,1,eas_k2_adaptive,eas,2,adaptive,accept_id,101,3,1,0.12673,c_above,64.2176484375
l2-n128-zipf-w1,main,2,128,zipf,1,eas_k2_adaptive,eas,2,adaptive,accept_static_degree,101,3,-1,0.09925299999999998,no_c,
l2-n32-zipf-w1,smoke_parallel,2,32,zipf,1,eas_k1_adaptive,eas,1,adaptive,accept_id,11,1,1,0.028199000000000002,c_above,17.555031250000006
l2-n32-zipf-w1,smoke_parallel,2,32,zipf,1,eas_k1_adaptive,eas,1,adaptive,accept_static_degree,11,1,0,0.023913000000000004,no_c,
l2-n32-zipf-w1,smoke_parallel,2,32,zipf,1,eas_k2_adaptive,eas,2,adaptive,accept_id,11,1,-1,0.026071999999999998,no_c,
l2-n32-zipf-w1,smoke_parallel,2,32,zipf,1,eas_k2_adaptive,eas,2,adaptive,accept_static_degree,11,1,-2,0.021786,no_c,
l2-n32-zipf-w1,smoke_parallel,2,32,zipf,1,eas_k2_adaptive,eas,2,adaptive,accept_id,11,2,-1,0.02260899999999999,no_c,
l2-n32-zipf-w1,smoke_parallel,2,32,zipf,1,eas_k2_adaptive,eas,2,adaptive,accept_static_degree,11,2,-2,0.019002999999999992,no_c,
l2-n32-zipf-w1,smoke_parallel,2,32,zipf,1,eas_k1_adaptive,eas,1,adaptive,accept_id,11,2,1,0.027066999999999994,c_above,16.704968749999992
l2-n32-zipf-w1,smoke_parallel,2,32,zipf,1,eas_k1_adaptive,eas,1,adaptive,accept_static_degree,11,2,0,0.023460999999999996,no_c,
l2-n32-zipf-w1,smoke_parallel,2,32,zipf,1,eas_k1_adaptive,eas,1,adaptive,accept_id,11,3,1,0.02764699999999999,c_above,17.175249999999988
l2-n32-zipf-w1,smoke_parallel,2,32,zipf,1,eas_k1_adaptive,eas,1,adaptive,accept_static_degree,11,3,0,0.007834999999999995,no_c,
l2-n32-zipf-w1,smoke_parallel,2,32,zipf,1,eas_k2_adaptive,eas,2,adaptive,accept_id,11,3,-1,0.026365,no_c,
l2-n32-zipf-w1,smoke_parallel,2,32,zipf,1,eas_k2_adaptive,eas,2,adaptive,accept_static_degree,11,3,-2,0.006553000000000003,no_c,
l2-n32-zipf-w1,smoke_parallel,2,32,zipf,1,eas_k2_adaptive,eas,2,adaptive,accept_id,29,1,0,0.031410999999999994,no_c,
l2-n32-zipf-w1,smoke_parallel,2,32,zipf,1,eas_k2_adaptive,eas,2,adaptive,accept_static_degree,29,1,0,0.02366499999999999,no_c,
l2-n32-zipf-w1,smoke_parallel,2,32,zipf,1,eas_k1_adaptive,eas,1,adaptive,accept_id,29,1,0,0.036879999999999996,no_c,
l2-n32-zipf-w1,smoke_parallel,2,32,zipf,1,eas_k1_adaptive,eas,1,adaptive,accept_static_degree,29,1,0,0.029133999999999993,no_c,
l2-n32-zipf-w1,smoke_parallel,2,32,zipf,1,eas_k1_adaptive,eas,1,adaptive,accept_id,29,2,0,0.029974,no_c,
l2-n32-zipf-w1,smoke_parallel,2,32,zipf,1,eas_k1_adaptive,eas,1,adaptive,accept_static_degree,29,2,0,0.027073,no_c,
l2-n32-zipf-w1,smoke_parallel,2,32,zipf,1,eas_k2_adaptive,eas,2,adaptive,accept_id,29,2,0,0.027255,no_c,
l2-n32-zipf-w1,smoke_parallel,2,32,zipf,1,eas_k2_adaptive,eas,2,adaptive,accept_static_degree,29,2,0,0.024354,no_c,
l2-n32-zipf-w1,smoke_parallel,2,32,zipf,1,eas_k2_adaptive,eas,2,adaptive,accept_id,29,3,0,0.024381,no_c,
l2-n32-zipf-w1,smoke_parallel,2,32,zipf,1,eas_k2_adaptive,eas,2,adaptive,accept_static_degree,29,3,0,0.017919000000000004,no_c,
l2-n32-zipf-w1,smoke_parallel,2,32,zipf,1,eas_k1_adaptive,eas,1,adaptive,accept_id,29,3,0,0.029192999999999997,no_c,
l2-n32-zipf-w1,smoke_parallel,2,32,zipf,1,eas_k1_adaptive,eas,1,adaptive,accept_static_degree,29,3,0,0.022731,no_c,
l2-n32-zipf-w1,smoke_parallel,2,32,zipf,1,eas_k2_adaptive,eas,2,adaptive,accept_id,47,1,-1,0.032758999999999996,no_c,
l2-n32-zipf-w1,smoke_parallel,2,32,zipf,1,eas_k2_adaptive,eas,2,adaptive,accept_static_degree,47,1,-1,0.01793399999999999,no_c,
l2-n32-zipf-w1,smoke_parallel,2,32,zipf,1,eas_k1_adaptive,eas,1,adaptive,accept_id,47,1,0,0.03469,no_c,
l2-n32-zipf-w1,smoke_parallel,2,32,zipf,1,eas_k1_adaptive,eas,1,adaptive,accept_static_degree,47,1,0,0.019864999999999994,no_c,
l2-n32-zipf-w1,smoke_parallel,2,32,zipf,1,eas_k2_adaptive,eas,2,adaptive,accept_id,47,2,-1,0.038535,no_c,
l2-n32-zipf-w1,smoke_parallel,2,32,zipf,1,eas_k2_adaptive,eas,2,adaptive,accept_static_degree,47,2,-1,0.027010000000000006,no_c,
l2-n32-zipf-w1,smoke_parallel,2,32,zipf,1,eas_k1_adaptive,eas,1,adaptive,accept_id,47,2,0,0.03631599999999999,no_c,
l2-n32-zipf-w1,smoke_parallel,2,32,zipf,1,eas_k1_adaptive,eas,1,adaptive,accept_static_degree,47,2,0,0.024790999999999994,no_c,
l2-n32-zipf-w1,smoke_parallel,2,32,zipf,1,eas_k1_adaptive,eas,1,adaptive,accept_id,47,3,0,0.060537999999999995,no_c,
l2-n32-zipf-w1,smoke_parallel,2,32,zipf,1,eas_k1_adaptive,eas,1,adaptive,accept_static_degree,47,3,0,0.05438799999999999,no_c,
l2-n32-zipf-w1,smoke_parallel,2,32,zipf,1,eas_k2_adaptive,eas,2,adaptive,accept_id,47,3,-1,0.038968,no_c,
l2-n32-zipf-w1,smoke_parallel,2,32,zipf,1,eas_k2_adaptive,eas,2,adaptive,accept_static_degree,47,3,-1,0.032818,no_c,
l2-n32-zipf-w1,smoke_parallel,2,32,zipf,1,eas_k1_adaptive,eas,1,adaptive,accept_id,71,1,0,0.03336600000000001,no_c,
l2-n32-zipf-w1,smoke_parallel,2,32,zipf,1,eas_k1_adaptive,eas,1,adaptive,accept_static_degree,71,1,0,0.028489,no_c,
l2-n32-zipf-w1,smoke_parallel,2,32,zipf,1,eas_k2_adaptive,eas,2,adaptive,accept_id,71,1,-2,0.031168,no_c,
l2-n32-zipf-w1,smoke_parallel,2,32,zipf,1,eas_k2_adaptive,eas,2,adaptive,accept_static_degree,71,1,-2,0.026290999999999995,no_c,
l2-n32-zipf-w1,smoke_parallel,2,32,zipf,1,eas_k1_adaptive,eas,1,adaptive,accept_id,71,2,0,0.034456,no_c,
l2-n32-zipf-w1,smoke_parallel,2,32,zipf,1,eas_k1_adaptive,eas,1,adaptive,accept_static_degree,71,2,0,0.030846,no_c,
l2-n32-zipf-w1,smoke_parallel,2,32,zipf,1,eas_k2_adaptive,eas,2,adaptive,accept_id,71,2,-2,0.035185999999999995,no_c,
l2-n32-zipf-w1,smoke_parallel,2,32,zipf,1,eas_k2_adaptive,eas,2,adaptive,accept_static_degree,71,2,-2,0.03157599999999999,no_c,
l2-n32-zipf-w1,smoke_parallel,2,32,zipf,1,eas_k1_adaptive,eas,1,adaptive,accept_id,71,3,0,0.034833,no_c,
l2-n32-zipf-w1,smoke_parallel,2,32,zipf,1,eas_k1_adaptive,eas,1,adaptive,accept_static_degree,71,3,0,0.029391,no_c,
l2-n32-zipf-w1,smoke_parallel,2,32,zipf,1,eas_k2_adaptive,eas,2,adaptive,accept_id,71,3,-2,0.03782700000000001,no_c,
l2-n32-zipf-w1,smoke_parallel,2,32,zipf,1,eas_k2_adaptive,eas,2,adaptive,accept_static_degree,71,3,-2,0.03238500000000001,no_c,
l2-n32-zipf-w1,smoke_parallel,2,32,zipf,1,eas_k1_adaptive,eas,1,adaptive,accept_id,101,1,0,0.04150799999999999,no_c,
l2-n32-zipf-w1,smoke_parallel,2,32,zipf,1,eas_k1_adaptive,eas,1,adaptive,accept_static_degree,101,1,0,0.03269899999999999,no_c,
l2-n32-zipf-w1,smoke_parallel,2,32,zipf,1,eas_k2_adaptive,eas,2,adaptive,accept_id,101,1,-1,0.04097999999999999,no_c,
l2-n32-zipf-w1,smoke_parallel,2,32,zipf,1,eas_k2_adaptive,eas,2,adaptive,accept_static_degree,101,1,-1,0.03217099999999999,no_c,
l2-n32-zipf-w1,smoke_parallel,2,32,zipf,1,eas_k2_adaptive,eas,2,adaptive,accept_id,101,2,-1,0.035469,no_c,
l2-n32-zipf-w1,smoke_parallel,2,32,zipf,1,eas_k2_adaptive,eas,2,adaptive,accept_static_degree,101,2,-1,0.027919000000000013,no_c,
l2-n32-zipf-w1,smoke_parallel,2,32,zipf,1,eas_k1_adaptive,eas,1,adaptive,accept_id,101,2,0,0.042252999999999985,no_c,
l2-n32-zipf-w1,smoke_parallel,2,32,zipf,1,eas_k1_adaptive,eas,1,adaptive,accept_static_degree,101,2,0,0.034703,no_c,
l2-n32-zipf-w1,smoke_parallel,2,32,zipf,1,eas_k1_adaptive,eas,1,adaptive,accept_id,101,3,0,0.036071000000000006,no_c,
l2-n32-zipf-w1,smoke_parallel,2,32,zipf,1,eas_k1_adaptive,eas,1,adaptive,accept_static_degree,101,3,0,0.034195,no_c,
l2-n32-zipf-w1,smoke_parallel,2,32,zipf,1,eas_k2_adaptive,eas,2,adaptive,accept_id,101,3,-1,0.03565599999999999,no_c,
l2-n32-zipf-w1,smoke_parallel,2,32,zipf,1,eas_k2_adaptive,eas,2,adaptive,accept_static_degree,101,3,-1,0.03377999999999999,no_c,
l1-n2-identical-w1,zero_commit,1,2,identical,1,eas_k1_adaptive,eas,1,adaptive,accept_id,11,1,0,0.017256,no_c,
l1-n2-identical-w1,zero_commit,1,2,identical,1,eas_k1_adaptive,eas,1,adaptive,accept_static_degree,11,1,0,0.013791000000000001,no_c,
l1-n2-identical-w1,zero_commit,1,2,identical,1,eas_k2_adaptive,eas,2,adaptive,accept_id,11,1,-1,0.013492999999999998,no_c,
l1-n2-identical-w1,zero_commit,1,2,identical,1,eas_k2_adaptive,eas,2,adaptive,accept_static_degree,11,1,-1,0.010027999999999999,no_c,
l1-n2-identical-w1,zero_commit,1,2,identical,1,eas_k1_adaptive,eas,1,adaptive,accept_id,11,2,0,0.014728999999999996,no_c,
l1-n2-identical-w1,zero_commit,1,2,identical,1,eas_k1_adaptive,eas,1,adaptive,accept_static_degree,11,2,0,0.013702999999999996,no_c,
l1-n2-identical-w1,zero_commit,1,2,identical,1,eas_k2_adaptive,eas,2,adaptive,accept_id,11,2,-1,0.012146999999999998,no_c,
l1-n2-identical-w1,zero_commit,1,2,identical,1,eas_k2_adaptive,eas,2,adaptive,accept_static_degree,11,2,-1,0.011120999999999999,no_c,
l1-n2-identical-w1,zero_commit,1,2,identical,1,eas_k2_adaptive,eas,2,adaptive,accept_id,11,3,-1,0.015712,no_c,
l1-n2-identical-w1,zero_commit,1,2,identical,1,eas_k2_adaptive,eas,2,adaptive,accept_static_degree,11,3,-1,0.016189000000000002,no_c,
l1-n2-identical-w1,zero_commit,1,2,identical,1,eas_k1_adaptive,eas,1,adaptive,accept_id,11,3,0,0.017027999999999998,no_c,
l1-n2-identical-w1,zero_commit,1,2,identical,1,eas_k1_adaptive,eas,1,adaptive,accept_static_degree,11,3,0,0.017505,no_c,
l1-n2-identical-w1,zero_commit,1,2,identical,1,eas_k1_adaptive,eas,1,adaptive,accept_id,29,1,0,0.016747,no_c,
l1-n2-identical-w1,zero_commit,1,2,identical,1,eas_k1_adaptive,eas,1,adaptive,accept_static_degree,29,1,0,0.013338000000000003,no_c,
l1-n2-identical-w1,zero_commit,1,2,identical,1,eas_k2_adaptive,eas,2,adaptive,accept_id,29,1,-1,0.017008,no_c,
l1-n2-identical-w1,zero_commit,1,2,identical,1,eas_k2_adaptive,eas,2,adaptive,accept_static_degree,29,1,-1,0.013599,no_c,
l1-n2-identical-w1,zero_commit,1,2,identical,1,eas_k1_adaptive,eas,1,adaptive,accept_id,29,2,0,0.013687000000000001,no_c,
l1-n2-identical-w1,zero_commit,1,2,identical,1,eas_k1_adaptive,eas,1,adaptive,accept_static_degree,29,2,0,0.011688,no_c,
l1-n2-identical-w1,zero_commit,1,2,identical,1,eas_k2_adaptive,eas,2,adaptive,accept_id,29,2,-1,0.014723,no_c,
l1-n2-identical-w1,zero_commit,1,2,identical,1,eas_k2_adaptive,eas,2,adaptive,accept_static_degree,29,2,-1,0.012724,no_c,
l1-n2-identical-w1,zero_commit,1,2,identical,1,eas_k1_adaptive,eas,1,adaptive,accept_id,29,3,0,0.016278,no_c,
l1-n2-identical-w1,zero_commit,1,2,identical,1,eas_k1_adaptive,eas,1,adaptive,accept_static_degree,29,3,0,0.011823,no_c,
l1-n2-identical-w1,zero_commit,1,2,identical,1,eas_k2_adaptive,eas,2,adaptive,accept_id,29,3,-1,0.015534,no_c,
l1-n2-identical-w1,zero_commit,1,2,identical,1,eas_k2_adaptive,eas,2,adaptive,accept_static_degree,29,3,-1,0.011078999999999999,no_c,
l1-n2-identical-w1,zero_commit,1,2,identical,1,eas_k2_adaptive,eas,2,adaptive,accept_id,47,1,-1,0.012422000000000002,no_c,
l1-n2-identical-w1,zero_commit,1,2,identical,1,eas_k2_adaptive,eas,2,adaptive,accept_static_degree,47,1,-1,0.012372000000000001,no_c,
l1-n2-identical-w1,zero_commit,1,2,identical,1,eas_k1_adaptive,eas,1,adaptive,accept_id,47,1,0,0.015779,no_c,
l1-n2-identical-w1,zero_commit,1,2,identical,1,eas_k1_adaptive,eas,1,adaptive,accept_static_degree,47,1,0,0.015729,no_c,
l1-n2-identical-w1,zero_commit,1,2,identical,1,eas_k2_adaptive,eas,2,adaptive,accept_id,47,2,-1,0.015660999999999998,no_c,
l1-n2-identical-w1,zero_commit,1,2,identical,1,eas_k2_adaptive,eas,2,adaptive,accept_static_degree,47,2,-1,0.014502999999999999,no_c,
l1-n2-identical-w1,zero_commit,1,2,identical,1,eas_k1_adaptive,eas,1,adaptive,accept_id,47,2,0,0.014849999999999999,no_c,
l1-n2-identical-w1,zero_commit,1,2,identical,1,eas_k1_adaptive,eas,1,adaptive,accept_static_degree,47,2,0,0.013692,no_c,
l1-n2-identical-w1,zero_commit,1,2,identical,1,eas_k2_adaptive,eas,2,adaptive,accept_id,47,3,-1,0.012244999999999999,no_c,
l1-n2-identical-w1,zero_commit,1,2,identical,1,eas_k2_adaptive,eas,2,adaptive,accept_static_degree,47,3,-1,0.010009999999999998,no_c,
l1-n2-identical-w1,zero_commit,1,2,identical,1,eas_k1_adaptive,eas,1,adaptive,accept_id,47,3,0,0.010754,no_c,
l1-n2-identical-w1,zero_commit,1,2,identical,1,eas_k1_adaptive,eas,1,adaptive,accept_static_degree,47,3,0,0.008518999999999999,no_c,
l1-n2-identical-w1,zero_commit,1,2,identical,1,eas_k2_adaptive,eas,2,adaptive,accept_id,71,1,-1,0.017418000000000003,no_c,
l1-n2-identical-w1,zero_commit,1,2,identical,1,eas_k2_adaptive,eas,2,adaptive,accept_static_degree,71,1,-1,0.015665000000000002,no_c,
l1-n2-identical-w1,zero_commit,1,2,identical,1,eas_k1_adaptive,eas,1,adaptive,accept_id,71,1,0,0.016942,no_c,
l1-n2-identical-w1,zero_commit,1,2,identical,1,eas_k1_adaptive,eas,1,adaptive,accept_static_degree,71,1,0,0.015188999999999998,no_c,
l1-n2-identical-w1,zero_commit,1,2,identical,1,eas_k1_adaptive,eas,1,adaptive,accept_id,71,2,0,0.012974,no_c,
l1-n2-identical-w1,zero_commit,1,2,identical,1,eas_k1_adaptive,eas,1,adaptive,accept_static_degree,71,2,0,0.013151,no_c,
l1-n2-identical-w1,zero_commit,1,2,identical,1,eas_k2_adaptive,eas,2,adaptive,accept_id,71,2,-1,0.014528,no_c,
l1-n2-identical-w1,zero_commit,1,2,identical,1,eas_k2_adaptive,eas,2,adaptive,accept_static_degree,71,2,-1,0.014705,no_c,
l1-n2-identical-w1,zero_commit,1,2,identical,1,eas_k1_adaptive,eas,1,adaptive,accept_id,71,3,0,0.014274000000000002,no_c,
l1-n2-identical-w1,zero_commit,1,2,identical,1,eas_k1_adaptive,eas,1,adaptive,accept_static_degree,71,3,0,0.012310000000000001,no_c,
l1-n2-identical-w1,zero_commit,1,2,identical,1,eas_k2_adaptive,eas,2,adaptive,accept_id,71,3,-1,0.013856,no_c,
l1-n2-identical-w1,zero_commit,1,2,identical,1,eas_k2_adaptive,eas,2,adaptive,accept_static_degree,71,3,-1,0.011892,no_c,
l1-n2-identical-w1,zero_commit,1,2,identical,1,eas_k1_adaptive,eas,1,adaptive,accept_id,101,1,0,0.015985,no_c,
l1-n2-identical-w1,zero_commit,1,2,identical,1,eas_k1_adaptive,eas,1,adaptive,accept_static_degree,101,1,0,0.015847,no_c,
l1-n2-identical-w1,zero_commit,1,2,identical,1,eas_k2_adaptive,eas,2,adaptive,accept_id,101,1,-1,0.015310999999999998,no_c,
l1-n2-identical-w1,zero_commit,1,2,identical,1,eas_k2_adaptive,eas,2,adaptive,accept_static_degree,101,1,-1,0.015172999999999999,no_c,
l1-n2-identical-w1,zero_commit,1,2,identical,1,eas_k2_adaptive,eas,2,adaptive,accept_id,101,2,-1,0.013495999999999998,no_c,
l1-n2-identical-w1,zero_commit,1,2,identical,1,eas_k2_adaptive,eas,2,adaptive,accept_static_degree,101,2,-1,0.012901,no_c,
l1-n2-identical-w1,zero_commit,1,2,identical,1,eas_k1_adaptive,eas,1,adaptive,accept_id,101,2,0,0.014627999999999999,no_c,
l1-n2-identical-w1,zero_commit,1,2,identical,1,eas_k1_adaptive,eas,1,adaptive,accept_static_degree,101,2,0,0.014033,no_c,
l1-n2-identical-w1,zero_commit,1,2,identical,1,eas_k1_adaptive,eas,1,adaptive,accept_id,101,3,0,0.013104999999999999,no_c,
l1-n2-identical-w1,zero_commit,1,2,identical,1,eas_k1_adaptive,eas,1,adaptive,accept_static_degree,101,3,0,0.011099999999999999,no_c,
l1-n2-identical-w1,zero_commit,1,2,identical,1,eas_k2_adaptive,eas,2,adaptive,accept_id,101,3,-1,0.018711999999999996,no_c,
l1-n2-identical-w1,zero_commit,1,2,identical,1,eas_k2_adaptive,eas,2,adaptive,accept_static_degree,101,3,-1,0.016706999999999996,no_c,
